SK_ID_CURR,TARGET
100009,0
100011,0
100014,0
100019,0
100029,0
100031,1
100039,0
100047,1
100058,0
100063,0
100072,0
100094,0
100095,0
100096,1
100105,0
100118,0
100119,0
100120,0
100144,0
100146,0
100154,0
100155,0
100160,1
100182,0
100199,0
100202,0
100205,0
100210,0
100229,0
100237,0
100238,0
100251,0
100257,0
100269,0
100286,1
100295,1
100296,0
100297,0
100308,0
100309,0
100342,0
100344,0
100345,0
100346,0
100372,0
100383,0
100390,0
100392,0
100400,0
100413,0
100434,0
100442,0
100467,0
100480,0
100489,0
100503,0
100506,0
100513,0
100515,0
100525,0
100546,0
100549,0
100554,0
100560,0
100563,0
100567,1
100588,0
100597,0
100601,0
100606,0
100611,0
100619,0
100620,0
100630,0
100648,0
100659,0
100661,0
100663,0
100671,0
100679,0
100682,0
100712,0
100718,0
100746,0
100761,0
100771,0
100785,0
100787,0
100790,0
100808,1
100813,0
100824,0
100827,0
100829,0
100840,1
100847,0
100851,0
100856,0
100859,0
100862,0
100870,0
100871,0
100902,1
100904,0
100907,0
100912,0
100914,0
100919,0
100921,0
100949,0
100964,0
100972,0
100991,0
100995,0
101018,0
101023,0
101032,0
101039,0
101050,0
101054,0
101101,0
101102,0
101105,0
101110,0
101120,0
101133,0
101139,0
101167,0
101182,0
101183,0
101189,0
101196,0
101206,0
101209,0
101214,0
101216,0
101222,0
101232,0
101241,0
101242,0
101249,0
101251,0
101272,0
101285,0
101286,1
101291,1
101300,1
101320,0
101321,0
101326,0
101336,0
101340,1
101342,0
101350,0
101351,0
101359,0
101369,0
101375,0
101379,0
101387,0
101393,0
101402,0
101446,0
101447,0
101450,0
101453,0
101454,0
101456,0
101461,0
101463,0
101484,1
101485,0
101489,0
101495,1
101498,0
101500,0
101507,0
101524,0
101528,0
101539,0
101543,0
101546,0
101557,0
101561,0
101579,0
101581,0
101582,0
101595,0
101600,0
101606,0
101611,0
101624,0
101626,0
101635,0
101645,0
101647,0
101651,0
101660,0
101662,0
101663,0
101676,0
101683,0
101685,0
101692,0
101693,0
101702,0
101712,0
101718,0
101722,0
101730,1
101750,0
101761,0
101765,0
101767,0
101778,0
101783,0
101786,0
101793,0
101795,0
101802,0
101811,0
101817,0
101821,0
101842,1
101849,0
101861,0
101862,0
101874,1
101885,0
101888,0
101898,0
101899,0
101917,0
101932,0
101943,0
101945,0
101949,0
101951,0
101955,0
101984,0
101994,0
102003,1
102013,0
102016,0
102018,0
102020,1
102025,1
102043,0
102050,0
102057,0
102059,0
102064,0
102076,0
102086,0
102088,0
102091,0
102103,0
102110,0
102116,0
102138,0
102156,0
102157,0
102163,0
102172,0
102176,0
102187,0
102192,0
102196,0
102199,0
102220,0
102226,0
102233,0
102234,0
102241,0
102246,0
102271,0
102277,0
102289,0
102291,0
102297,0
102304,0
102305,0
102318,0
102327,0
102335,0
102343,0
102350,0
102365,0
102368,0
102377,0
102378,0
102384,0
102385,0
102388,0
102389,0
102396,0
102408,0
102410,0
102422,0
102432,0
102437,0
102446,0
102451,1
102455,0
102484,0
102496,0
102508,0
102510,0
102511,0
102521,1
102538,0
102548,0
102551,0
102552,0
102554,0
102555,0
102557,0
102560,0
102569,0
102577,0
102587,0
102588,0
102603,0
102604,0
102607,0
102612,0
102613,0
102618,0
102629,0
102631,0
102648,0
102662,0
102663,0
102670,0
102677,0
102702,0
102707,0
102714,0
102721,0
102723,0
102732,0
102734,0
102735,0
102746,0
102750,0
102751,0
102754,0
102757,0
102758,0
102765,0
102780,0
102786,0
102788,0
102793,0
102797,0
102802,0
102807,0
102824,0
102840,0
102841,0
102861,0
102864,0
102865,0
102871,0
102873,0
102874,0
102895,0
102896,0
102925,1
102942,1
102947,0
102956,0
102959,1
102961,0
102965,0
102978,0
102981,0
103002,0
103021,0
103022,0
103026,0
103032,0
103041,0
103042,0
103053,0
103059,1
103065,0
103070,0
103072,0
103073,0
103087,0
103091,0
103098,0
103101,0
103117,0
103120,0
103122,0
103126,0
103134,1
103155,0
103160,0
103161,0
103170,0
103178,0
103187,1
103191,0
103198,0
103200,0
103201,0
103211,0
103225,0
103227,0
103228,1
103234,0
103236,0
103242,0
103245,0
103247,0
103253,0
103262,0
103264,0
103274,0
103302,0
103305,0
103307,0
103309,0
103310,1
103322,0
103335,0
103365,0
103370,0
103376,0
103395,0
103396,0
103399,0
103422,1
103427,0
103443,0
103444,0
103451,0
103467,0
103479,0
103481,0
103491,0
103496,0
103502,0
103518,1
103528,0
103534,0
103538,0
103550,0
103555,1
103565,0
103578,0
103582,0
103586,0
103592,0
103604,0
103611,0
103630,0
103636,0
103652,0
103665,0
103673,0
103681,0
103685,0
103688,0
103709,0
103710,0
103718,0
103720,0
103722,0
103751,0
103752,0
103757,0
103765,0
103767,0
103768,0
103776,0
103780,0
103788,0
103796,0
103802,0
103805,0
103815,0
103846,0
103855,0
103863,0
103867,0
103868,0
103875,0
103878,0
103879,0
103882,0
103889,1
103894,0
103913,0
103926,0
103938,0
103941,0
103946,0
103954,0
103961,0
103967,0
103978,0
103981,0
103983,0
103994,1
103996,1
104000,1
104001,0
104011,0
104014,0
104038,0
104046,0
104074,0
104076,0
104077,0
104081,0
104100,0
104105,0
104111,0
104137,0
104143,0
104152,0
104153,0
104154,0
104168,0
104171,0
104196,0
104210,1
104213,0
104232,0
104234,0
104240,0
104244,0
104246,0
104251,0
104260,0
104265,0
104275,0
104293,0
104299,0
104332,0
104335,0
104339,0
104340,0
104345,0
104352,0
104357,0
104359,0
104372,0
104380,0
104383,0
104389,0
104390,0
104393,0
104404,0
104413,0
104421,0
104436,0
104448,0
104449,0
104451,0
104459,0
104467,0
104469,0
104471,0
104474,0
104478,0
104481,0
104483,0
104485,0
104491,0
104493,0
104494,0
104497,0
104504,0
104508,1
104514,0
104517,0
104531,0
104536,0
104537,0
104548,0
104552,0
104561,0
104585,0
104586,0
104597,0
104653,0
104660,0
104662,0
104668,0
104673,0
104674,0
104675,0
104689,0
104690,0
104709,0
104710,0
104736,0
104750,0
104754,0
104762,1
104769,0
104774,0
104790,0
104796,0
104797,0
104808,0
104810,0
104812,0
104819,0
104821,0
104822,0
104825,0
104834,0
104841,0
104852,1
104862,0
104869,0
104881,0
104887,0
104889,0
104893,0
104908,0
104917,1
104926,0
104954,0
104960,0
104961,1
104970,1
104982,0
104984,0
104989,1
105011,0
105047,0
105048,0
105054,0
105059,0
105090,0
105108,0
105114,0
105141,0
105145,0
105148,0
105162,0
105187,0
105189,0
105194,0
105209,0
105253,0
105256,0
105257,0
105261,0
105267,0
105283,0
105284,0
105294,0
105307,0
105313,0
105315,0
105322,0
105336,0
105346,0
105354,0
105374,0
105376,0
105385,0
105391,0
105396,0
105411,0
105416,0
105424,0
105441,0
105463,0
105464,0
105477,0
105480,0
105482,0
105488,0
105501,0
105506,1
105525,0
105533,0
105534,0
105544,1
105546,0
105550,0
105553,0
105557,0
105561,0
105563,0
105564,0
105567,0
105568,0
105572,0
105589,0
105591,0
105602,0
105603,0
105607,0
105609,0
105611,1
105622,0
105627,0
105631,0
105642,0
105645,0
105652,0
105661,0
105663,0
105668,1
105674,0
105679,0
105681,0
105683,1
105690,0
105715,0
105717,0
105721,0
105726,0
105730,0
105753,0
105775,0
105781,0
105794,0
105799,0
105806,0
105811,0
105812,0
105818,0
105819,0
105828,0
105850,0
105853,0
105874,1
105881,0
105885,1
105886,0
105890,0
105891,0
105893,0
105908,0
105914,0
105920,0
105922,0
105927,0
105931,0
105932,0
105935,0
105954,0
105955,0
105969,0
105970,0
105974,0
105977,0
105982,0
105986,0
105987,0
106007,0
106009,0
106027,0
106042,0
106058,0
106080,0
106082,0
106095,0
106099,0
106111,0
106115,0
106118,0
106119,0
106125,0
106128,0
106135,0
106142,0
106161,0
106165,0
106170,0
106172,0
106175,0
106179,0
106182,0
106183,0
106187,0
106190,0
106204,0
106207,0
106209,0
106210,0
106218,0
106223,0
106227,0
106229,0
106233,0
106234,0
106236,0
106241,1
106248,0
106252,0
106254,0
106260,0
106265,0
106299,0
106300,0
106304,0
106306,0
106321,0
106322,0
106323,0
106324,0
106327,0
106329,0
106345,0
106350,0
106358,1
106376,0
106381,1
106394,0
106405,0
106406,0
106450,0
106471,0
106476,0
106479,0
106485,0
106494,0
106495,0
106507,0
106517,0
106535,0
106539,0
106540,0
106541,0
106555,0
106559,0
106571,0
106572,0
106575,0
106580,0
106596,0
106601,0
106614,0
106619,0
106626,0
106627,0
106635,0
106641,0
106642,0
106649,0
106650,0
106653,0
106654,0
106661,0
106673,0
106680,1
106691,0
106696,0
106701,0
106756,0
106767,0
106771,0
106778,0
106788,0
106790,0
106801,0
106806,1
106809,0
106815,0
106819,1
106820,0
106828,0
106839,1
106840,0
106849,0
106857,0
106870,0
106901,0
106903,0
106917,0
106926,0
106927,0
106934,0
106945,0
106948,0
106949,0
106952,0
106957,0
106960,0
106961,0
106962,0
106965,0
106968,0
106985,0
106993,0
106996,0
107007,0
107021,0
107022,0
107025,0
107027,0
107032,0
107034,0
107050,0
107068,0
107072,0
107092,0
107106,0
107107,0
107117,0
107125,0
107134,0
107144,0
107148,0
107164,0
107169,0
107173,0
107182,0
107189,0
107190,0
107193,0
107204,0
107226,0
107228,0
107229,0
107234,0
107248,0
107253,0
107257,0
107261,0
107266,0
107269,0
107276,0
107277,0
107287,0
107297,0
107300,0
107310,0
107320,0
107328,1
107334,0
107342,0
107361,0
107362,0
107363,0
107369,0
107370,0
107371,0
107376,1
107389,0
107405,1
107408,0
107422,0
107423,0
107424,0
107437,0
107452,0
107464,0
107472,0
107483,0
107492,0
107500,0
107513,0
107517,0
107519,0
107522,0
107525,0
107528,0
107537,0
107541,0
107545,0
107560,0
107563,0
107575,0
107577,0
107589,0
107610,0
107616,0
107618,0
107619,0
107623,0
107629,0
107641,1
107650,0
107665,0
107667,0
107674,0
107676,0
107682,0
107688,0
107704,1
107712,0
107716,0
107722,0
107723,0
107734,0
107738,0
107750,0
107752,0
107753,0
107757,0
107766,0
107771,0
107772,0
107781,1
107786,0
107792,0
107798,0
107806,0
107809,0
107820,0
107828,0
107829,0
107840,0
107848,0
107851,0
107854,0
107863,0
107872,0
107883,0
107885,0
107886,0
107903,0
107910,0
107911,0
107935,0
107936,0
107942,0
107950,0
107963,0
107964,0
107965,0
107970,0
107974,0
107998,0
107999,0
108000,1
108001,0
108015,0
108037,0
108041,1
108042,0
108043,0
108050,0
108053,0
108054,0
108067,0
108070,0
108072,0
108075,0
108079,0
108099,0
108101,0
108102,0
108108,0
108123,0
108128,0
108157,0
108178,0
108182,0
108194,0
108197,0
108199,0
108204,0
108208,0
108211,0
108221,0
108223,0
108231,0
108237,0
108250,0
108259,0
108260,0
108296,0
108304,0
108311,0
108316,0
108320,0
108326,0
108335,0
108342,0
108348,0
108366,0
108367,0
108368,0
108402,0
108404,0
108405,0
108413,0
108416,0
108430,0
108435,0
108442,0
108453,0
108465,0
108468,0
108469,0
108471,0
108481,0
108482,0
108484,1
108485,0
108497,0
108499,0
108507,0
108516,0
108523,0
108527,0
108538,0
108543,0
108550,0
108563,0
108564,0
108586,0
108594,1
108599,0
108601,0
108606,0
108608,0
108614,0
108628,0
108631,0
108635,0
108661,0
108671,0
108674,0
108677,0
108678,0
108684,0
108686,1
108694,1
108708,0
108709,0
108715,0
108717,0
108728,0
108730,0
108733,1
108749,0
108750,0
108752,1
108764,0
108768,0
108781,0
108787,0
108794,0
108796,0
108818,0
108821,0
108827,0
108831,0
108835,0
108841,0
108843,0
108855,1
108856,0
108865,0
108866,0
108869,0
108884,0
108892,0
108894,0
108898,0
108918,0
108936,0
108942,0
108949,0
108975,0
108982,0
108988,0
108998,0
109006,0
109009,0
109010,0
109013,0
109016,0
109031,0
109033,0
109040,0
109050,0
109051,0
109052,0
109056,0
109061,0
109068,0
109071,0
109076,0
109083,1
109089,0
109106,0
109123,0
109131,0
109137,0
109141,0
109146,0
109150,0
109155,0
109164,0
109176,0
109183,0
109186,0
109190,1
109197,0
109199,0
109202,0
109203,0
109204,0
109216,0
109227,0
109228,0
109237,0
109241,0
109262,0
109267,0
109272,0
109277,0
109283,0
109301,0
109304,0
109308,1
109315,0
109331,0
109343,0
109351,1
109352,0
109355,0
109360,0
109364,0
109373,0
109381,0
109382,0
109390,0
109408,0
109415,0
109420,0
109434,1
109438,0
109439,0
109456,0
109466,0
109470,0
109474,0
109477,0
109478,0
109480,0
109482,0
109485,0
109486,0
109491,0
109495,0
109502,0
109515,1
109516,0
109520,0
109530,0
109546,0
109556,0
109559,0
109601,0
109606,0
109616,0
109624,0
109626,0
109627,0
109655,0
109657,0
109670,0
109681,0
109692,0
109693,0
109703,0
109707,0
109712,0
109728,0
109734,0
109744,1
109746,0
109750,0
109756,0
109757,0
109759,0
109763,0
109775,0
109783,0
109784,0
109787,0
109788,0
109797,0
109799,0
109801,0
109822,0
109825,0
109826,0
109832,0
109835,0
109838,0
109847,1
109859,0
109860,1
109893,0
109897,0
109898,0
109899,0
109900,0
109911,0
109925,0
109932,0
109944,0
109952,0
109953,0
109956,0
109962,0
109963,0
109975,0
109978,0
109983,0
110028,1
110030,0
110034,0
110035,0
110038,0
110039,0
110045,0
110047,0
110049,0
110053,0
110061,0
110062,0
110074,0
110083,0
110130,0
110137,0
110152,0
110155,0
110166,0
110168,1
110171,0
110173,0
110182,0
110183,0
110194,0
110205,0
110210,0
110214,0
110225,0
110230,0
110260,0
110287,0
110301,0
110306,0
110308,0
110311,0
110314,0
110317,0
110318,0
110321,0
110334,0
110365,0
110396,0
110399,0
110405,0
110407,0
110414,0
110426,0
110431,0
110438,0
110440,0
110457,0
110463,0
110464,0
110492,0
110493,0
110512,0
110515,0
110521,0
110524,0
110527,0
110530,0
110533,0
110534,0
110536,0
110537,0
110544,0
110549,0
110558,0
110561,0
110564,0
110565,0
110567,0
110577,0
110584,0
110593,0
110600,0
110609,0
110618,0
110619,0
110620,0
110621,0
110640,0
110641,1
110649,0
110653,1
110665,0
110671,0
110679,1
110683,1
110711,0
110713,0
110714,0
110725,0
110741,1
110743,0
110744,0
110751,0
110753,0
110759,0
110762,0
110775,0
110781,0
110795,0
110799,0
110818,1
110819,0
110825,0
110830,0
110844,0
110846,0
110851,0
110855,0
110856,0
110858,0
110869,0
110874,0
110888,0
110897,0
110904,0
110909,0
110912,0
110927,0
110939,1
110946,0
110949,0
110956,0
110959,0
110980,0
111002,0
111003,0
111006,0
111011,0
111012,0
111022,0
111024,0
111031,0
111033,0
111067,0
111068,0
111069,0
111071,0
111073,0
111076,0
111095,0
111101,0
111111,0
111125,1
111128,0
111136,0
111141,0
111159,1
111171,0
111193,0
111195,0
111199,0
111212,0
111217,0
111224,0
111237,0
111250,0
111255,0
111260,0
111261,0
111271,0
111284,0
111298,0
111300,0
111302,1
111306,0
111312,0
111323,0
111334,0
111348,0
111352,0
111372,1
111376,0
111383,0
111384,1
111403,0
111407,0
111411,0
111413,0
111415,0
111431,0
111451,0
111454,0
111465,0
111470,0
111485,0
111493,1
111505,0
111507,0
111521,0
111526,0
111527,0
111531,0
111535,0
111536,0
111545,1
111546,0
111555,0
111556,0
111562,0
111564,0
111565,0
111570,0
111576,0
111578,0
111581,0
111586,0
111590,0
111591,0
111595,0
111600,0
111603,0
111611,0
111616,0
111621,0
111625,0
111628,0
111631,0
111633,0
111634,0
111647,0
111650,0
111660,0
111661,0
111668,1
111678,0
111704,0
111714,0
111722,0
111723,0
111726,0
111735,0
111737,0
111740,0
111751,1
111756,0
111762,1
111765,0
111769,0
111779,0
111783,0
111788,0
111792,0
111794,0
111795,0
111798,0
111799,0
111826,0
111827,0
111828,0
111838,0
111844,0
111851,0
111862,0
111879,0
111884,0
111888,1
111903,0
111908,0
111916,0
111919,0
111922,0
111924,0
111962,1
111968,0
111972,0
111980,0
111982,0
111984,0
111991,1
112007,0
112018,0
112022,0
112025,0
112034,0
112036,0
112050,0
112051,0
112060,0
112062,0
112090,0
112103,0
112109,0
112115,1
112117,0
112120,0
112121,0
112123,0
112150,0
112162,0
112172,0
112183,0
112197,0
112205,0
112212,0
112217,1
112228,0
112240,0
112244,0
112247,1
112251,0
112268,0
112273,0
112281,1
112282,0
112286,0
112296,0
112305,0
112328,0
112338,0
112364,0
112386,0
112406,0
112408,0
112418,0
112426,0
112432,0
112435,0
112436,0
112439,0
112440,0
112441,0
112445,0
112447,0
112450,0
112453,0
112458,0
112472,0
112473,0
112474,0
112487,0
112489,1
112490,0
112494,0
112503,1
112504,0
112508,0
112515,1
112516,0
112528,0
112530,0
112533,0
112571,0
112575,0
112576,0
112581,0
112586,0
112605,0
112607,1
112612,0
112627,0
112633,0
112639,0
112644,0
112645,0
112650,0
112651,0
112666,0
112669,0
112671,0
112673,0
112675,0
112681,0
112698,0
112699,0
112701,0
112716,0
112734,1
112744,0
112762,0
112764,0
112774,0
112784,0
112786,0
112789,0
112797,0
112799,0
112800,0
112804,1
112812,1
112814,0
112816,0
112827,0
112834,0
112859,0
112866,0
112870,0
112876,0
112883,0
112897,0
112898,0
112906,0
112913,0
112918,1
112935,0
112945,0
112953,0
112954,0
112956,0
112965,0
112972,0
112997,0
112998,0
113024,0
113030,0
113033,1
113036,0
113037,0
113039,0
113044,1
113053,0
113057,0
113062,0
113063,1
113088,0
113091,0
113093,0
113094,0
113100,0
113101,0
113103,0
113107,0
113113,0
113118,0
113122,1
113135,0
113138,0
113141,0
113144,0
113160,0
113163,0
113192,0
113195,0
113196,0
113202,0
113204,0
113211,0
113214,0
113216,0
113221,0
113241,0
113255,0
113256,0
113261,0
113262,0
113266,0
113267,0
113273,0
113274,0
113278,0
113303,0
113310,0
113313,0
113321,0
113323,0
113324,0
113334,1
113339,0
113342,0
113358,0
113371,0
113384,0
113386,0
113387,0
113394,1
113424,0
113443,1
113453,0
113463,0
113469,0
113473,0
113479,0
113481,0
113491,1
113498,0
113500,0
113504,0
113517,1
113519,0
113537,0
113553,0
113554,0
113568,0
113570,0
113575,0
113590,0
113591,0
113592,0
113604,0
113606,0
113615,0
113619,0
113621,0
113634,0
113638,0
113639,0
113640,0
113647,0
113651,0
113656,0
113663,0
113667,0
113684,0
113685,0
113686,0
113688,1
113700,0
113714,0
113720,0
113734,1
113739,0
113741,0
113750,0
113754,0
113763,0
113765,0
113768,1
113770,0
113772,0
113773,0
113779,0
113780,0
113782,0
113790,0
113798,0
113800,0
113837,0
113840,0
113846,0
113852,0
113854,0
113856,0
113860,1
113876,0
113884,0
113890,0
113892,0
113910,0
113913,0
113917,0
113921,0
113927,0
113935,0
113953,0
113964,0
113970,0
113983,0
113988,0
113990,0
113991,0
114006,0
114020,0
114027,0
114029,1
114033,0
114036,0
114040,0
114041,0
114051,0
114052,0
114053,0
114066,1
114069,0
114070,0
114080,0
114081,0
114086,0
114092,0
114097,0
114104,0
114107,0
114108,0
114123,0
114140,0
114142,0
114156,0
114161,0
114175,0
114181,0
114195,0
114203,0
114212,0
114237,0
114242,0
114244,0
114259,0
114262,0
114263,0
114264,0
114286,0
114294,0
114299,0
114300,0
114301,0
114311,0
114313,0
114329,0
114330,0
114350,0
114368,0
114375,0
114379,0
114386,0
114389,0
114395,0
114402,0
114416,0
114419,0
114420,0
114423,0
114424,0
114426,0
114432,0
114433,0
114435,0
114436,0
114444,0
114449,0
114450,0
114457,0
114472,0
114483,0
114484,0
114499,0
114509,0
114520,0
114523,0
114528,0
114541,0
114543,0
114568,0
114574,0
114575,0
114579,0
114588,0
114596,0
114606,0
114611,0
114613,0
114616,0
114640,0
114642,0
114648,0
114649,0
114663,0
114679,0
114693,0
114694,0
114695,0
114701,0
114704,0
114705,0
114728,0
114747,0
114750,0
114779,0
114795,0
114809,0
114811,0
114814,0
114818,0
114821,1
114831,0
114834,0
114841,0
114851,0
114854,0
114872,0
114874,0
114876,0
114880,0
114881,0
114883,0
114886,0
114916,0
114921,1
114925,0
114927,0
114934,0
114948,0
114952,0
114968,0
114979,0
114996,0
114997,0
115000,0
115001,0
115008,0
115013,0
115020,0
115025,0
115043,0
115050,0
115052,0
115058,0
115067,0
115072,0
115075,0
115077,0
115108,0
115118,0
115125,0
115127,0
115128,0
115133,0
115138,0
115145,0
115156,0
115160,0
115165,0
115170,0
115174,0
115178,0
115180,0
115193,0
115203,0
115208,0
115211,0
115213,0
115225,0
115228,0
115229,0
115234,0
115239,0
115242,0
115248,0
115256,0
115266,1
115280,0
115281,0
115283,1
115285,0
115287,0
115288,0
115292,1
115307,0
115313,0
115321,0
115326,0
115331,0
115346,0
115347,0
115371,0
115377,1
115387,0
115393,0
115399,0
115414,0
115418,0
115422,0
115435,0
115448,0
115465,0
115486,0
115503,0
115505,0
115507,0
115508,0
115509,0
115514,1
115526,0
115529,0
115533,0
115537,0
115547,0
115548,0
115549,0
115554,0
115559,0
115562,0
115566,0
115593,1
115601,0
115605,0
115606,0
115617,0
115620,0
115626,0
115630,0
115648,0
115656,0
115660,0
115666,0
115667,0
115685,0
115700,0
115701,0
115702,0
115710,0
115716,0
115721,0
115755,0
115762,1
115763,0
115767,0
115768,0
115776,0
115787,0
115791,0
115815,0
115830,0
115838,0
115842,0
115843,0
115850,0
115864,0
115866,0
115886,0
115907,0
115911,1
115918,0
115930,0
115935,0
115943,0
115946,0
115950,1
115964,0
115965,0
115973,0
115979,1
115981,0
115987,0
115991,0
115998,0
116022,0
116032,0
116034,0
116036,0
116044,0
116045,0
116048,0
116049,0
116050,1
116057,0
116058,0
116059,1
116072,0
116082,0
116085,0
116094,0
116101,0
116104,0
116108,0
116127,0
116137,0
116151,0
116158,0
116161,0
116162,0
116170,0
116172,0
116176,0
116188,0
116192,0
116195,0
116202,0
116205,1
116216,0
116233,0
116234,0
116235,1
116246,0
116263,0
116268,0
116269,0
116275,0
116278,0
116286,0
116293,0
116298,0
116300,0
116321,0
116353,0
116355,0
116366,0
116370,0
116373,0
116374,0
116378,0
116384,0
116394,0
116399,0
116403,0
116413,0
116416,0
116418,0
116423,0
116442,0
116447,0
116454,0
116459,0
116472,0
116496,0
116500,0
116501,0
116506,0
116515,0
116516,1
116518,0
116526,0
116529,0
116532,0
116543,0
116545,0
116547,0
116548,0
116549,0
116551,0
116557,0
116561,0
116577,0
116588,0
116593,0
116605,0
116606,0
116621,0
116622,0
116641,0
116658,0
116674,0
116688,0
116695,0
116698,0
116708,1
116709,1
116714,1
116723,0
116727,0
116735,0
116736,0
116739,0
116748,0
116752,0
116756,0
116784,0
116785,0
116786,0
116795,0
116796,1
116807,1
116808,0
116812,0
116814,0
116835,0
116844,0
116850,0
116852,0
116874,0
116875,0
116876,0
116877,1
116881,0
116885,0
116890,0
116912,0
116935,0
116940,0
116942,0
116977,0
116978,0
116979,0
116995,0
117000,0
117004,0
117009,0
117018,0
117027,0
117029,0
117034,0
117035,0
117041,0
117049,0
117053,0
117074,0
117085,0
117096,0
117114,0
117117,0
117132,0
117145,0
117152,0
117154,0
117159,0
117164,0
117169,0
117181,0
117190,0
117198,0
117201,1
117214,0
117222,0
117227,0
117233,0
117234,0
117237,0
117240,0
117253,0
117261,0
117276,0
117288,0
117296,0
117297,0
117300,0
117303,0
117304,0
117310,0
117311,0
117331,1
117358,0
117381,0
117383,0
117397,0
117403,0
117416,0
117423,0
117431,0
117441,0
117442,0
117447,0
117456,0
117460,0
117466,0
117473,0
117486,0
117487,0
117492,0
117511,0
117512,0
117515,0
117519,0
117521,0
117534,0
117536,0
117566,0
117575,0
117590,0
117591,0
117594,1
117601,1
117602,0
117609,0
117638,0
117642,0
117651,0
117663,0
117665,0
117678,1
117691,1
117706,0
117714,0
117718,0
117722,0
117723,0
117733,0
117743,0
117760,0
117764,0
117788,0
117797,0
117819,0
117828,0
117832,0
117842,1
117846,0
117849,0
117858,0
117862,0
117867,0
117881,0
117887,0
117894,0
117905,0
117913,0
117926,0
117939,0
117971,0
117976,0
117979,0
118003,0
118019,0
118021,0
118023,0
118027,0
118036,0
118038,0
118042,0
118046,0
118059,0
118065,0
118068,1
118074,0
118076,0
118079,0
118093,0
118096,0
118103,0
118114,0
118132,0
118134,0
118135,0
118138,0
118140,0
118173,0
118182,0
118195,1
118199,1
118200,0
118212,0
118218,0
118220,1
118226,0
118228,0
118230,0
118235,0
118238,0
118242,0
118243,0
118244,0
118252,0
118254,0
118255,0
118266,1
118282,1
118283,0
118285,0
118307,0
118320,0
118323,0
118329,0
118332,0
118334,1
118350,0
118356,0
118362,1
118375,1
118377,0
118388,0
118391,0
118399,0
118401,1
118405,1
118408,0
118416,0
118426,0
118436,0
118446,0
118451,0
118457,0
118464,1
118466,0
118471,0
118479,0
118481,0
118511,0
118512,0
118523,0
118541,0
118542,0
118547,0
118563,0
118574,0
118577,0
118598,0
118600,0
118603,0
118605,0
118607,0
118609,0
118625,0
118629,1
118633,0
118636,0
118653,0
118665,0
118667,0
118670,0
118673,0
118676,0
118677,0
118684,0
118686,0
118694,1
118705,0
118711,0
118719,0
118746,0
118768,0
118775,0
118777,0
118778,0
118782,0
118785,0
118787,0
118790,0
118794,0
118796,0
118802,0
118810,0
118812,0
118813,0
118814,0
118819,0
118827,0
118828,0
118829,0
118830,0
118834,0
118835,0
118844,0
118854,0
118862,0
118863,0
118864,0
118869,0
118873,0
118877,0
118880,1
118890,0
118891,0
118893,0
118904,0
118912,0
118917,0
118921,0
118940,0
118944,0
118958,1
118969,0
118979,0
118980,0
118981,0
118983,0
118998,0
119000,0
119004,0
119005,1
119024,0
119027,0
119031,0
119035,0
119037,0
119044,0
119058,0
119059,0
119066,0
119067,0
119077,0
119100,0
119102,0
119114,0
119129,0
119157,0
119167,0
119178,0
119181,0
119185,0
119192,0
119194,0
119201,0
119210,0
119216,0
119229,0
119233,0
119239,0
119243,0
119248,0
119253,0
119260,0
119264,1
119273,1
119275,0
119282,0
119288,0
119289,0
119290,0
119298,0
119310,0
119315,0
119330,0
119347,0
119359,0
119363,0
119364,0
119365,0
119386,0
119417,0
119427,0
119439,0
119442,0
119443,0
119447,0
119448,0
119452,0
119460,0
119462,1
119467,0
119479,1
119480,1
119484,0
119485,0
119487,0
119490,0
119498,0
119499,0
119502,0
119507,0
119514,0
119523,0
119526,0
119532,0
119537,0
119541,0
119542,0
119545,0
119548,0
119564,0
119567,0
119569,0
119570,0
119571,0
119591,0
119598,1
119613,1
119623,0
119625,0
119636,0
119639,0
119640,0
119643,0
119647,0
119649,0
119651,0
119660,0
119669,0
119680,0
119693,0
119695,0
119696,0
119699,0
119701,0
119706,1
119717,0
119746,0
119750,0
119765,0
119767,0
119780,0
119783,0
119785,0
119790,0
119804,0
119809,0
119823,1
119825,0
119826,0
119847,0
119848,0
119850,0
119854,0
119858,0
119870,1
119872,0
119885,0
119887,0
119899,0
119901,0
119927,0
119930,0
119937,0
119946,0
119951,0
119952,0
119962,0
119968,0
119988,0
119996,0
120007,0
120010,0
120017,0
120021,0
120027,0
120041,0
120042,0
120048,0
120062,0
120066,0
120090,0
120096,0
120123,0
120137,0
120147,1
120162,0
120168,0
120172,0
120173,0
120175,0
120184,0
120187,0
120196,0
120210,0
120219,0
120222,0
120231,0
120237,0
120238,0
120239,1
120247,0
120249,0
120255,0
120257,0
120269,0
120275,1
120295,0
120303,0
120307,0
120310,0
120317,0
120321,0
120323,0
120330,0
120334,0
120336,0
120342,0
120344,1
120346,0
120357,0
120368,0
120370,0
120372,0
120375,0
120376,0
120377,0
120381,0
120384,0
120386,0
120434,0
120450,0
120451,0
120456,0
120487,0
120494,0
120499,0
120501,0
120502,0
120529,0
120543,0
120564,0
120569,0
120575,0
120600,0
120612,0
120628,0
120630,0
120631,0
120645,0
120653,0
120657,0
120670,0
120672,0
120677,0
120693,0
120695,0
120701,0
120707,0
120719,0
120722,0
120735,1
120745,0
120747,0
120792,0
120802,0
120821,0
120827,0
120835,0
120844,0
120872,0
120873,0
120877,0
120878,0
120912,0
120916,0
120919,0
120920,0
120922,0
120925,0
120933,0
120939,0
120944,0
120948,0
120957,0
120968,0
120975,0
120978,0
120988,1
120990,0
120994,0
121002,0
121034,1
121041,0
121047,1
121049,0
121062,0
121063,0
121064,0
121068,0
121074,0
121076,0
121082,1
121087,0
121088,0
121089,0
121095,0
121098,0
121112,0
121117,0
121124,0
121132,0
121137,0
121161,1
121167,0
121169,0
121184,0
121192,0
121205,0
121206,0
121223,0
121238,0
121241,0
121248,0
121251,0
121261,0
121262,0
121275,1
121285,0
121287,0
121290,0
121298,0
121305,0
121306,1
121316,0
121322,0
121342,1
121343,0
121345,1
121346,0
121365,0
121367,0
121369,0
121371,0
121384,0
121395,0
121410,1
121420,0
121441,0
121442,0
121458,0
121461,1
121465,0
121472,0
121473,0
121515,0
121516,0
121519,0
121523,0
121541,0
121560,0
121562,0
121567,0
121572,0
121580,0
121584,0
121600,0
121602,0
121615,0
121617,0
121623,0
121636,0
121645,0
121650,0
121665,0
121668,0
121671,0
121675,0
121681,0
121685,0
121689,0
121692,0
121694,0
121699,0
121701,0
121708,0
121713,0
121722,0
121723,0
121725,0
121727,0
121735,0
121745,0
121747,0
121749,0
121759,0
121774,0
121779,0
121785,0
121797,0
121805,0
121810,0
121817,0
121819,0
121821,0
121823,0
121845,1
121854,0
121865,0
121878,0
121893,0
121920,0
121926,0
121927,1
121946,0
121951,0
121967,0
121971,0
121975,0
121976,1
121990,0
121995,0
122005,1
122006,0
122008,0
122012,0
122019,0
122029,0
122034,0
122036,0
122049,0
122051,0
122053,0
122054,0
122067,0
122076,0
122082,0
122085,0
122087,0
122094,0
122120,0
122128,0
122130,0
122132,0
122141,0
122151,1
122156,0
122157,0
122167,0
122177,0
122184,0
122188,0
122190,0
122191,0
122193,1
122203,0
122206,0
122218,0
122253,1
122254,0
122262,0
122267,0
122275,0
122296,0
122310,0
122317,0
122318,0
122321,1
122325,0
122332,0
122339,0
122344,0
122352,0
122356,0
122366,0
122370,0
122371,0
122373,0
122381,0
122382,0
122390,0
122401,0
122423,0
122438,0
122446,0
122447,0
122451,0
122454,0
122466,1
122467,0
122474,0
122479,0
122484,0
122487,0
122491,1
122506,0
122507,1
122509,0
122510,0
122519,0
122524,0
122542,0
122543,0
122555,0
122565,0
122567,0
122571,0
122579,0
122582,0
122584,0
122592,0
122598,0
122601,0
122616,0
122619,0
122626,0
122640,0
122642,0
122643,0
122648,0
122678,1
122685,0
122686,0
122688,0
122697,0
122700,0
122702,0
122709,0
122713,0
122714,0
122717,0
122721,0
122723,0
122726,0
122744,0
122754,0
122759,0
122760,0
122772,0
122798,0
122803,0
122806,0
122808,0
122809,0
122824,0
122828,0
122836,0
122846,0
122851,0
122868,0
122870,0
122872,0
122878,0
122894,0
122907,0
122913,1
122917,0
122918,0
122928,0
122931,0
122932,0
122935,0
122943,0
122945,1
122952,1
122955,0
122957,0
122965,0
122969,0
122978,0
122982,0
122985,0
122987,0
122990,0
123001,0
123005,0
123019,0
123022,0
123028,0
123029,0
123035,0
123049,0
123053,0
123066,0
123067,0
123077,0
123079,0
123084,0
123098,0
123102,1
123104,0
123109,0
123111,0
123117,0
123126,1
123128,0
123129,0
123130,1
123140,0
123142,0
123143,0
123151,0
123152,0
123153,0
123156,0
123170,0
123173,0
123174,0
123180,0
123184,0
123186,0
123191,0
123194,0
123223,0
123225,0
123233,0
123248,1
123250,0
123251,0
123258,0
123259,0
123264,0
123266,0
123273,0
123290,0
123293,0
123294,0
123298,0
123306,0
123310,0
123315,0
123317,0
123326,0
123351,0
123360,0
123361,0
123370,0
123386,0
123397,0
123400,0
123407,0
123411,1
123425,0
123444,0
123452,1
123472,0
123479,0
123492,1
123498,0
123505,0
123509,0
123526,0
123544,0
123545,0
123548,0
123555,0
123556,0
123560,0
123564,0
123577,0
123578,0
123588,0
123597,0
123598,0
123603,0
123604,1
123613,0
123617,0
123626,0
123636,0
123638,0
123640,0
123645,0
123647,0
123652,0
123654,0
123655,0
123664,0
123667,0
123668,0
123671,0
123681,0
123683,0
123685,0
123694,0
123705,0
123711,0
123725,0
123737,0
123776,0
123777,0
123786,0
123789,0
123792,0
123799,0
123801,0
123803,0
123805,0
123806,0
123818,0
123822,0
123824,0
123829,0
123846,0
123852,0
123853,0
123855,0
123856,1
123857,1
123858,0
123867,0
123868,0
123869,0
123871,0
123873,0
123875,0
123893,0
123920,0
123922,0
123927,0
123934,0
123937,0
123955,1
123967,0
123969,0
123986,0
123989,0
123994,0
123998,0
124001,0
124005,1
124037,0
124038,0
124058,0
124066,0
124068,0
124072,0
124077,0
124091,0
124092,0
124097,0
124123,0
124127,0
124129,0
124131,0
124132,0
124151,0
124153,0
124155,0
124158,0
124164,0
124170,0
124186,0
124192,0
124196,0
124200,0
124204,0
124208,0
124214,0
124233,0
124238,0
124249,0
124255,0
124259,0
124271,0
124272,0
124273,0
124280,0
124290,0
124305,0
124306,0
124310,0
124313,0
124314,0
124323,0
124326,0
124327,0
124340,0
124344,0
124349,0
124354,0
124357,0
124366,0
124367,0
124369,0
124370,0
124385,0
124408,0
124410,0
124412,0
124419,0
124421,0
124432,0
124437,0
124438,0
124444,0
124447,0
124461,0
124464,0
124467,0
124472,0
124474,0
124482,0
124487,0
124505,0
124517,0
124518,0
124540,0
124547,0
124549,0
124554,0
124556,0
124557,0
124618,0
124629,0
124630,0
124644,0
124660,0
124668,0
124671,0
124680,0
124682,0
124689,1
124691,0
124692,0
124693,0
124717,0
124718,0
124720,0
124725,0
124727,0
124731,0
124746,0
124754,0
124757,0
124763,0
124769,0
124772,0
124773,0
124782,1
124789,0
124792,0
124795,0
124812,0
124815,0
124817,0
124818,0
124849,0
124852,0
124871,0
124882,0
124886,0
124895,1
124900,0
124902,0
124919,0
124921,0
124941,0
124944,0
124951,1
124965,0
124983,1
124991,0
124993,0
125007,0
125012,0
125015,0
125016,0
125020,0
125023,1
125030,0
125040,0
125051,0
125058,0
125060,0
125066,0
125070,1
125080,0
125082,0
125105,0
125120,0
125122,0
125131,0
125140,1
125148,0
125150,0
125161,0
125174,0
125178,0
125183,0
125186,1
125187,0
125198,0
125208,0
125209,0
125211,0
125229,0
125232,0
125237,0
125258,0
125260,1
125261,0
125269,0
125278,0
125293,0
125307,0
125310,0
125320,0
125322,1
125339,0
125354,0
125389,0
125395,0
125402,0
125405,0
125413,1
125421,0
125431,0
125438,0
125448,0
125460,0
125467,1
125470,0
125476,0
125493,0
125506,1
125533,0
125545,0
125546,0
125554,0
125555,1
125559,0
125565,0
125567,0
125586,0
125587,0
125596,0
125601,0
125611,0
125623,1
125627,0
125637,0
125647,0
125651,0
125662,0
125663,0
125673,0
125676,0
125685,0
125687,0
125699,0
125731,1
125750,0
125751,0
125753,0
125757,0
125759,0
125781,0
125796,0
125797,0
125802,0
125803,0
125830,0
125840,0
125858,0
125861,1
125870,1
125875,0
125880,0
125883,0
125894,0
125903,0
125905,0
125908,0
125915,0
125933,0
125949,0
125956,0
125960,0
125964,0
125968,0
125993,1
125996,0
126007,0
126017,0
126023,0
126025,0
126027,0
126033,0
126051,0
126079,0
126090,0
126095,0
126097,0
126105,1
126107,0
126111,0
126117,0
126119,0
126126,0
126128,0
126139,1
126145,0
126146,1
126157,0
126158,0
126169,0
126174,0
126177,0
126190,0
126210,0
126212,0
126215,0
126224,0
126228,1
126230,0
126233,0
126245,0
126247,0
126262,0
126275,0
126283,0
126316,0
126336,0
126345,0
126346,0
126355,0
126378,0
126381,0
126390,0
126391,0
126408,0
126410,0
126413,0
126427,0
126430,0
126435,0
126439,0
126440,0
126446,0
126461,0
126463,0
126483,0
126492,0
126501,0
126502,1
126511,1
126515,0
126532,0
126540,0
126557,0
126566,0
126571,1
126577,0
126621,0
126628,1
126634,1
126640,0
126647,0
126657,0
126659,0
126662,0
126663,0
126670,0
126675,0
126681,0
126682,0
126683,0
126684,0
126693,0
126709,0
126718,0
126719,0
126724,0
126751,0
126761,0
126764,0
126766,1
126767,0
126781,0
126788,0
126799,0
126819,0
126820,0
126823,0
126824,0
126827,0
126833,0
126847,1
126852,0
126854,1
126856,0
126868,0
126875,0
126881,0
126882,0
126886,0
126890,0
126893,0
126900,0
126914,0
126932,0
126936,0
126941,0
126943,0
126944,1
126950,0
126952,0
126955,0
126969,0
126972,0
126974,0
126976,0
126977,0
126980,0
127000,0
127005,0
127010,1
127016,0
127021,0
127026,1
127032,0
127035,0
127041,0
127043,0
127048,1
127050,0
127063,0
127074,0
127077,0
127081,0
127090,1
127092,0
127094,0
127095,0
127105,0
127117,0
127122,0
127146,0
127152,0
127161,0
127162,0
127181,0
127205,0
127213,0
127219,0
127222,0
127223,0
127243,0
127250,0
127265,0
127269,1
127272,0
127277,0
127280,0
127291,0
127294,0
127305,0
127306,0
127307,1
127312,0
127321,0
127322,0
127331,0
127345,0
127357,0
127364,0
127365,0
127371,0
127378,0
127384,0
127388,1
127391,0
127396,0
127411,0
127414,0
127427,0
127433,0
127434,0
127435,0
127437,0
127444,0
127452,0
127456,0
127471,0
127476,0
127482,0
127499,0
127504,0
127507,0
127522,0
127525,0
127526,0
127538,0
127544,0
127546,0
127551,1
127559,1
127561,0
127564,0
127569,0
127592,0
127594,0
127602,0
127607,0
127610,0
127618,0
127622,0
127623,0
127652,0
127653,0
127655,1
127656,0
127659,0
127660,0
127664,0
127666,0
127667,0
127669,0
127670,0
127672,0
127684,0
127705,0
127724,1
127744,0
127754,0
127761,0
127768,0
127769,0
127771,0
127775,0
127784,0
127792,0
127797,0
127803,0
127804,0
127805,0
127806,0
127822,1
127823,1
127830,0
127845,0
127850,0
127851,0
127865,0
127867,0
127875,0
127891,0
127893,0
127895,0
127896,0
127899,0
127901,0
127904,0
127909,0
127912,0
127938,0
127941,1
127952,0
127958,0
127959,0
127969,0
127982,0
127995,1
128002,0
128003,0
128006,1
128007,0
128021,0
128023,0
128028,0
128033,0
128041,0
128050,0
128052,0
128053,0
128074,0
128080,0
128081,0
128085,0
128088,0
128092,0
128103,0
128114,0
128126,1
128127,0
128136,0
128137,0
128147,0
128148,0
128153,0
128159,1
128168,0
128185,0
128188,0
128193,0
128201,0
128204,0
128207,0
128209,0
128215,0
128221,0
128223,0
128234,0
128237,0
128238,0
128248,0
128265,0
128272,0
128282,0
128287,0
128288,0
128291,0
128324,0
128333,1
128344,0
128346,0
128351,1
128352,0
128354,0
128356,0
128366,0
128375,1
128385,0
128389,0
128394,0
128397,0
128398,0
128405,0
128410,0
128415,0
128424,0
128427,0
128429,0
128437,0
128442,0
128448,0
128453,1
128468,0
128481,0
128489,0
128495,0
128496,0
128497,0
128500,0
128502,0
128503,0
128505,0
128511,0
128512,0
128515,0
128518,0
128520,0
128521,0
128522,0
128525,0
128548,0
128551,0
128552,0
128553,0
128558,0
128559,0
128565,0
128577,0
128599,0
128600,0
128609,0
128614,0
128623,0
128655,0
128670,0
128674,0
128676,0
128681,0
128685,1
128698,0
128701,0
128709,0
128719,0
128722,0
128726,0
128729,0
128735,0
128738,0
128739,0
128740,0
128741,0
128746,0
128755,0
128759,1
128761,0
128768,0
128769,0
128775,1
128779,0
128780,0
128781,0
128791,0
128797,0
128800,0
128805,0
128812,0
128834,1
128847,0
128852,0
128856,0
128866,0
128876,0
128885,0
128887,0
128894,0
128899,0
128901,0
128907,0
128914,0
128929,1
128930,0
128935,0
128947,0
128952,1
128958,0
128967,0
128976,0
128980,1
128981,0
128997,0
129001,1
129004,0
129011,0
129020,0
129022,0
129030,0
129034,0
129036,0
129040,1
129041,0
129050,0
129054,0
129056,0
129057,0
129063,1
129065,0
129080,1
129087,0
129096,0
129097,0
129098,0
129117,0
129144,0
129158,0
129169,0
129171,1
129202,0
129203,1
129210,0
129212,0
129213,0
129217,0
129226,0
129228,0
129236,0
129253,0
129256,0
129260,0
129277,0
129287,0
129295,0
129320,0
129326,0
129334,0
129335,0
129341,1
129346,0
129351,0
129374,0
129375,0
129384,0
129385,0
129391,0
129392,0
129399,0
129400,0
129408,0
129419,0
129421,0
129436,1
129438,0
129439,0
129450,0
129458,0
129479,0
129494,0
129509,0
129517,0
129529,0
129542,0
129548,0
129549,0
129581,0
129595,0
129606,0
129609,0
129610,0
129612,0
129629,0
129630,0
129645,1
129661,0
129665,0
129698,0
129704,0
129712,0
129717,0
129731,0
129741,0
129742,0
129747,0
129753,0
129763,0
129774,1
129777,0
129785,0
129794,0
129795,0
129807,0
129814,0
129838,0
129841,0
129845,0
129847,1
129856,0
129858,0
129870,0
129873,0
129876,0
129877,0
129886,0
129897,0
129900,0
129901,0
129905,0
129906,0
129907,0
129908,0
129916,0
129920,0
129935,0
129946,0
129960,1
129961,0
129968,0
129970,0
129980,0
129986,0
130000,0
130007,0
130011,0
130017,0
130021,0
130025,0
130030,0
130031,0
130035,1
130036,0
130040,0
130057,0
130059,0
130067,0
130094,0
130106,0
130113,0
130114,0
130120,0
130127,0
130139,0
130140,0
130150,0
130153,0
130168,1
130173,1
130179,0
130196,0
130200,0
130214,0
130215,0
130216,0
130226,0
130233,0
130238,1
130258,0
130289,0
130291,1
130293,0
130306,0
130313,0
130314,0
130321,0
130327,0
130331,0
130333,0
130351,0
130357,0
130370,0
130375,0
130376,1
130378,0
130387,0
130388,0
130393,0
130394,0
130395,0
130405,0
130411,0
130419,0
130423,0
130425,0
130428,0
130430,0
130434,0
130435,0
130455,0
130458,0
130460,0
130461,0
130464,0
130468,0
130470,0
130473,0
130483,0
130502,0
130505,0
130506,0
130509,0
130510,0
130526,0
130536,0
130555,0
130558,0
130559,0
130561,0
130581,0
130599,0
130600,0
130605,0
130607,0
130608,0
130610,0
130616,0
130617,0
130618,1
130620,0
130633,0
130636,0
130643,0
130648,0
130649,0
130651,0
130653,0
130657,0
130662,0
130666,0
130670,0
130695,0
130699,0
130708,0
130712,0
130720,0
130731,0
130734,0
130738,0
130739,0
130745,0
130747,0
130750,0
130765,0
130778,0
130780,0
130783,0
130788,0
130790,0
130798,0
130809,0
130813,1
130820,0
130825,0
130829,0
130850,0
130851,0
130853,0
130859,0
130860,0
130861,0
130866,0
130904,1
130933,1
130937,0
130945,0
130953,0
130968,0
130976,0
130979,0
130982,0
130985,0
130988,1
130990,0
130992,0
131000,0
131008,0
131011,0
131021,0
131034,0
131044,0
131052,0
131058,0
131065,0
131067,0
131078,0
131087,0
131096,0
131103,0
131104,0
131106,0
131108,0
131116,0
131131,0
131132,0
131133,1
131137,0
131151,0
131153,0
131165,0
131187,0
131189,0
131192,0
131193,0
131195,0
131201,0
131229,0
131244,0
131253,0
131264,0
131272,0
131274,0
131277,0
131278,0
131285,0
131293,0
131298,0
131309,1
131314,0
131315,0
131324,0
131331,0
131342,0
131360,0
131369,0
131379,0
131383,0
131384,0
131387,0
131390,0
131397,0
131407,0
131408,0
131417,1
131425,0
131428,0
131440,0
131455,0
131464,0
131488,0
131501,0
131506,1
131510,0
131515,0
131517,1
131520,0
131521,0
131543,0
131567,0
131572,0
131583,0
131591,0
131592,0
131594,0
131601,0
131612,0
131616,0
131621,0
131626,0
131633,1
131642,0
131657,0
131658,0
131659,0
131660,0
131662,0
131663,0
131666,0
131667,0
131670,0
131672,0
131674,0
131680,0
131683,0
131692,0
131694,0
131699,0
131701,0
131706,0
131723,0
131725,0
131730,1
131732,0
131736,0
131741,0
131745,0
131753,0
131763,0
131772,0
131783,0
131784,0
131808,0
131816,0
131820,0
131831,1
131832,0
131834,0
131835,0
131840,0
131845,0
131849,0
131862,0
131872,0
131881,0
131888,0
131908,0
131913,0
131918,0
131928,1
131931,0
131937,0
131939,0
131942,0
131949,0
131962,0
131965,0
131973,0
131976,0
131978,0
131980,0
131982,0
131985,0
131986,0
131991,0
131993,0
131995,0
132011,0
132018,0
132023,0
132029,0
132040,0
132041,0
132047,0
132052,0
132056,0
132066,0
132067,0
132073,0
132074,0
132080,0
132084,0
132088,1
132101,0
132108,0
132114,0
132129,0
132132,0
132147,0
132156,0
132165,0
132167,0
132168,0
132185,0
132191,0
132221,0
132222,0
132231,0
132239,1
132244,0
132250,0
132253,0
132263,0
132283,0
132284,0
132295,0
132307,0
132311,1
132313,0
132314,0
132316,0
132317,0
132318,0
132320,0
132334,0
132343,0
132349,0
132350,0
132356,0
132371,0
132386,0
132387,0
132397,0
132399,0
132404,0
132405,0
132406,0
132408,0
132418,0
132420,0
132436,0
132439,0
132442,0
132466,0
132467,0
132470,0
132472,1
132476,0
132487,0
132502,0
132512,0
132516,0
132517,0
132526,0
132532,0
132548,0
132565,0
132580,0
132590,0
132597,0
132604,0
132613,0
132636,0
132639,0
132640,0
132641,0
132648,0
132659,0
132674,0
132685,0
132697,0
132698,0
132705,0
132710,0
132712,0
132720,0
132730,0
132734,1
132735,0
132752,0
132760,0
132764,0
132765,0
132768,0
132783,0
132792,0
132798,0
132799,0
132802,0
132803,0
132808,0
132814,0
132824,1
132830,0
132831,0
132845,0
132847,0
132856,0
132857,0
132867,0
132871,0
132896,0
132897,0
132908,0
132913,0
132919,0
132922,0
132928,0
132933,0
132936,0
132959,0
132960,1
132967,0
132987,0
133008,0
133009,0
133015,0
133017,0
133024,0
133029,0
133031,0
133037,0
133042,0
133043,0
133049,0
133050,0
133051,0
133058,0
133060,0
133071,0
133073,0
133085,0
133090,0
133094,0
133095,0
133130,0
133133,0
133134,0
133148,0
133156,0
133178,0
133183,0
133186,0
133189,0
133203,0
133214,0
133218,0
133219,0
133224,0
133225,1
133238,0
133241,0
133251,0
133264,0
133269,0
133274,0
133275,0
133278,0
133285,0
133287,0
133294,0
133295,0
133308,0
133312,0
133320,0
133338,1
133340,0
133351,0
133353,0
133357,0
133364,0
133368,0
133371,0
133377,0
133378,0
133385,0
133388,0
133398,0
133401,1
133411,0
133413,0
133423,0
133428,0
133432,1
133433,1
133443,0
133455,0
133457,0
133458,0
133460,0
133471,0
133472,0
133478,0
133519,0
133520,0
133537,0
133541,0
133546,0
133547,1
133553,0
133554,0
133560,0
133561,0
133566,0
133584,0
133588,0
133591,0
133600,0
133610,0
133612,0
133615,0
133622,0
133625,0
133628,0
133630,0
133638,0
133642,0
133643,0
133649,0
133657,0
133661,0
133662,0
133667,0
133674,0
133676,0
133686,0
133691,0
133696,0
133707,0
133712,0
133722,0
133740,0
133742,0
133744,0
133750,0
133754,0
133756,0
133776,0
133779,0
133780,0
133782,0
133788,0
133795,0
133796,0
133798,0
133801,0
133827,0
133828,0
133837,0
133842,0
133847,0
133853,0
133863,0
133873,0
133875,0
133897,1
133901,0
133903,0
133915,0
133918,0
133921,0
133922,0
133926,1
133927,0
133928,0
133932,0
133938,0
133941,0
133950,0
133951,0
133955,0
133964,0
133967,0
133974,0
133975,0
133976,0
133981,0
133985,0
133986,0
133988,0
133999,0
134001,0
134006,0
134013,0
134019,0
134020,0
134021,0
134022,0
134028,0
134034,0
134036,0
134055,0
134058,0
134060,0
134061,0
134063,0
134071,0
134079,0
134080,0
134083,0
134087,0
134090,0
134092,0
134104,0
134110,0
134111,0
134124,0
134134,0
134155,0
134164,0
134169,0
134190,0
134192,0
134195,0
134222,0
134223,0
134227,0
134228,1
134262,0
134264,0
134276,0
134283,1
134294,0
134298,0
134340,0
134345,0
134352,0
134357,1
134360,0
134361,0
134365,0
134366,0
134368,0
134372,0
134379,0
134380,0
134402,0
134408,0
134410,0
134415,0
134416,0
134419,0
134427,0
134437,0
134441,0
134459,0
134470,0
134477,0
134484,0
134500,0
134502,1
134510,0
134533,0
134539,0
134544,0
134548,0
134550,0
134553,0
134554,0
134564,0
134566,0
134572,0
134577,0
134580,0
134589,1
134604,0
134608,0
134612,1
134615,0
134618,0
134624,0
134629,0
134632,0
134640,0
134642,0
134643,0
134645,1
134663,0
134666,0
134669,0
134701,0
134703,0
134712,0
134721,0
134723,1
134727,0
134728,0
134730,0
134732,0
134757,0
134783,0
134797,0
134800,0
134814,0
134816,0
134819,0
134821,0
134826,0
134833,0
134834,0
134840,0
134845,0
134851,0
134864,0
134875,0
134881,0
134887,1
134890,0
134903,0
134917,1
134923,0
134925,0
134929,0
134931,1
134937,0
134945,1
134947,0
134949,0
134959,0
134965,0
134966,1
134970,0
134973,0
134976,0
134985,0
134987,0
134988,0
134994,0
134996,0
135009,0
135010,0
135015,0
135032,0
135051,0
135063,0
135077,0
135086,0
135093,0
135104,1
135106,0
135112,0
135117,0
135119,0
135124,0
135127,0
135135,0
135138,0
135139,0
135141,0
135144,1
135146,0
135148,0
135158,0
135198,0
135201,0
135206,0
135207,0
135259,0
135268,0
135273,0
135278,0
135289,0
135303,0
135313,0
135339,0
135347,0
135350,0
135352,0
135357,0
135383,0
135421,0
135438,0
135442,1
135444,0
135457,0
135463,0
135472,0
135476,0
135479,0
135483,0
135488,0
135494,0
135503,0
135513,0
135517,0
135519,0
135520,0
135535,0
135552,0
135563,0
135573,0
135579,0
135587,0
135600,0
135602,0
135611,0
135612,0
135617,0
135618,0
135619,0
135630,0
135633,0
135634,0
135645,0
135646,1
135651,0
135677,0
135685,0
135686,1
135689,0
135695,1
135702,0
135708,0
135712,1
135724,0
135733,0
135739,0
135750,0
135751,0
135757,0
135762,0
135771,0
135780,0
135781,0
135782,0
135806,0
135815,1
135816,0
135819,0
135822,0
135830,0
135831,0
135833,1
135836,0
135841,0
135848,0
135849,0
135851,0
135859,0
135871,0
135874,0
135877,0
135879,0
135880,0
135889,0
135898,0
135914,0
135918,0
135929,0
135933,0
135934,0
135953,0
135969,1
135991,0
135993,0
135994,0
136008,0
136010,0
136028,0
136029,0
136030,1
136032,0
136036,0
136037,0
136038,0
136039,0
136045,0
136053,0
136055,0
136064,0
136066,0
136067,0
136080,0
136089,1
136101,0
136104,0
136106,0
136107,0
136127,0
136132,0
136147,0
136163,0
136164,0
136169,0
136174,0
136179,0
136182,0
136192,0
136195,1
136197,0
136202,0
136204,0
136220,0
136229,0
136240,0
136248,0
136254,0
136272,0
136280,0
136288,1
136300,0
136309,0
136314,0
136316,0
136319,0
136330,0
136335,0
136342,0
136350,0
136360,1
136365,0
136373,0
136374,0
136377,0
136396,0
136399,0
136408,0
136409,0
136410,1
136415,0
136423,0
136433,0
136434,0
136437,0
136446,0
136450,0
136472,0
136482,0
136484,0
136492,0
136501,0
136504,0
136510,1
136512,0
136531,0
136544,0
136555,0
136562,0
136564,0
136570,0
136571,0
136574,0
136585,0
136586,0
136596,0
136603,0
136609,0
136616,0
136618,0
136623,0
136627,0
136628,0
136645,0
136648,0
136656,0
136662,0
136665,0
136666,0
136671,0
136673,0
136675,0
136687,0
136692,0
136695,0
136700,0
136707,0
136719,0
136725,0
136727,1
136741,0
136742,0
136746,0
136784,0
136786,0
136788,0
136789,0
136793,0
136803,0
136804,1
136809,0
136835,0
136839,0
136850,0
136858,0
136871,0
136875,0
136890,0
136893,0
136927,0
136931,0
136938,0
136956,0
136961,0
136963,0
136971,0
136977,0
136981,0
136998,1
137003,0
137005,0
137007,0
137008,0
137014,0
137022,0
137026,0
137040,0
137055,0
137056,0
137063,0
137070,0
137074,0
137080,0
137090,0
137118,0
137127,0
137128,0
137130,0
137136,0
137138,0
137144,0
137151,0
137161,0
137176,1
137180,0
137181,0
137185,0
137191,0
137195,0
137199,0
137206,0
137226,0
137242,0
137258,0
137261,0
137296,1
137303,0
137308,0
137311,0
137312,0
137316,0
137322,0
137323,0
137329,0
137338,0
137353,0
137360,0
137365,1
137387,0
137388,0
137390,0
137393,0
137398,0
137402,0
137403,0
137409,0
137410,0
137417,0
137419,0
137426,0
137431,0
137437,0
137439,0
137440,0
137447,0
137449,0
137450,0
137473,0
137474,0
137475,0
137482,0
137488,0
137493,0
137507,0
137519,0
137545,0
137546,0
137548,0
137562,0
137563,0
137564,1
137573,0
137579,0
137586,0
137599,0
137618,0
137620,0
137626,0
137629,0
137631,0
137636,0
137661,0
137675,0
137692,0
137704,0
137705,0
137729,0
137742,0
137752,0
137781,0
137783,0
137786,1
137791,0
137799,0
137801,0
137802,0
137823,0
137830,0
137836,0
137847,0
137851,0
137854,0
137858,0
137860,1
137861,1
137867,0
137889,0
137892,0
137896,0
137899,0
137914,0
137918,0
137921,0
137931,0
137941,0
137943,0
137952,0
137953,0
137968,0
137975,1
137981,0
137983,0
137994,0
138010,0
138036,0
138043,0
138048,0
138051,0
138054,0
138057,0
138060,0
138061,0
138066,0
138081,0
138091,0
138113,0
138116,0
138119,0
138120,0
138125,0
138126,0
138161,0
138165,0
138183,0
138191,1
138206,1
138207,0
138212,1
138218,0
138223,0
138245,0
138247,0
138248,0
138256,0
138260,0
138264,0
138268,0
138269,0
138272,0
138276,0
138283,0
138286,0
138295,0
138332,1
138341,0
138344,0
138359,0
138361,0
138363,1
138364,0
138370,0
138372,0
138376,0
138378,0
138382,0
138386,0
138399,0
138403,0
138410,1
138414,0
138424,1
138433,0
138438,0
138447,0
138451,0
138462,0
138463,0
138464,0
138483,0
138485,0
138488,0
138491,0
138493,0
138495,0
138497,1
138502,0
138521,0
138538,0
138542,0
138543,0
138547,0
138549,0
138557,0
138571,0
138575,0
138577,0
138582,0
138583,0
138592,0
138593,0
138596,0
138599,0
138603,0
138607,0
138612,0
138616,0
138620,0
138625,1
138627,0
138630,0
138648,1
138659,0
138670,1
138675,1
138681,1
138682,0
138694,1
138698,0
138701,0
138705,0
138726,0
138727,0
138734,0
138736,0
138738,0
138747,0
138749,0
138762,0
138790,0
138793,0
138795,0
138803,0
138804,0
138825,0
138826,0
138829,0
138830,0
138833,0
138838,0
138852,0
138853,0
138858,0
138859,0
138860,0
138862,0
138863,0
138867,0
138874,0
138891,0
138894,0
138895,0
138906,0
138927,0
138930,0
138936,0
138937,0
138945,0
138982,0
138989,1
139001,0
139003,0
139021,0
139024,0
139028,0
139033,0
139037,0
139041,0
139057,0
139071,0
139078,0
139081,0
139090,1
139096,0
139099,0
139100,0
139122,1
139134,0
139148,0
139155,0
139156,0
139163,0
139183,0
139193,0
139194,1
139196,0
139203,0
139214,1
139219,0
139221,0
139237,0
139249,0
139261,1
139267,0
139273,0
139277,0
139287,0
139296,0
139308,0
139316,0
139330,0
139333,0
139341,0
139346,1
139357,0
139358,0
139367,0
139374,0
139380,0
139385,1
139386,0
139389,0
139391,0
139399,0
139402,0
139423,0
139432,0
139434,0
139450,0
139457,0
139464,0
139466,0
139471,1
139478,0
139482,0
139487,0
139489,0
139496,0
139505,0
139520,0
139540,0
139554,0
139562,0
139575,0
139581,1
139586,0
139621,0
139622,0
139637,0
139643,0
139646,0
139659,0
139663,0
139670,0
139677,0
139682,0
139726,0
139743,0
139747,0
139759,0
139761,0
139762,0
139773,0
139782,0
139786,0
139790,0
139795,0
139812,0
139817,0
139818,0
139821,0
139823,0
139829,0
139835,0
139846,0
139847,0
139853,0
139856,0
139862,0
139877,0
139879,0
139887,0
139894,0
139896,0
139900,0
139914,0
139920,0
139927,0
139928,0
139954,1
139956,0
139963,1
139970,0
139975,0
139980,0
139983,0
140002,0
140003,1
140004,0
140020,1
140022,0
140028,0
140035,0
140043,0
140045,0
140046,0
140054,0
140061,0
140070,0
140072,0
140079,0
140082,1
140085,0
140088,0
140102,0
140108,0
140113,0
140119,0
140124,0
140133,0
140139,0
140147,0
140152,0
140154,0
140155,0
140161,0
140171,0
140176,0
140185,0
140191,0
140199,0
140218,0
140219,0
140222,0
140226,0
140227,0
140230,0
140235,0
140243,0
140249,0
140270,0
140271,0
140281,0
140285,0
140287,0
140301,0
140302,0
140306,0
140310,0
140319,0
140320,0
140332,1
140333,0
140335,0
140341,0
140357,0
140362,0
140372,0
140374,0
140375,0
140385,0
140394,0
140400,0
140401,1
140405,1
140418,0
140419,0
140428,0
140429,0
140439,0
140446,0
140450,0
140458,0
140475,0
140482,0
140484,0
140486,0
140487,0
140493,0
140503,0
140516,0
140517,0
140521,0
140536,0
140541,0
140543,0
140549,0
140551,0
140552,1
140555,0
140575,0
140579,0
140584,1
140588,0
140589,0
140590,0
140595,0
140596,0
140604,0
140609,1
140616,0
140619,0
140622,0
140626,1
140636,0
140651,0
140654,0
140659,0
140667,1
140673,0
140699,0
140713,1
140727,0
140734,0
140736,0
140740,0
140742,0
140746,0
140748,0
140775,0
140784,0
140793,0
140800,0
140801,0
140814,0
140815,0
140817,0
140819,0
140820,0
140838,0
140844,0
140855,0
140859,0
140874,0
140882,0
140889,0
140899,0
140901,0
140904,0
140907,0
140913,0
140917,0
140932,0
140950,0
140955,0
140959,0
140974,0
140975,0
140978,0
140983,0
140989,0
141001,0
141003,0
141018,0
141035,0
141037,0
141039,0
141071,0
141076,0
141096,0
141117,0
141122,0
141127,0
141131,0
141132,0
141135,0
141143,0
141146,0
141156,0
141170,0
141174,0
141182,0
141185,0
141186,1
141191,0
141193,0
141196,0
141205,0
141217,0
141235,0
141241,1
141242,1
141244,0
141245,0
141258,0
141272,0
141278,1
141286,0
141289,0
141307,0
141311,0
141313,0
141316,0
141324,0
141338,0
141343,0
141346,0
141348,0
141349,0
141392,0
141397,0
141403,0
141404,0
141407,0
141420,0
141421,0
141425,0
141427,0
141440,0
141444,0
141448,0
141449,0
141460,0
141461,0
141466,0
141476,0
141483,0
141489,0
141495,0
141499,1
141501,0
141508,0
141509,0
141510,0
141512,0
141514,0
141518,0
141520,0
141522,0
141529,0
141534,0
141537,0
141543,0
141550,0
141561,0
141563,0
141575,0
141582,0
141591,1
141605,0
141614,1
141617,0
141619,0
141625,0
141635,0
141643,0
141645,0
141648,0
141657,0
141661,0
141663,0
141682,0
141685,0
141705,0
141711,0
141714,0
141715,0
141729,0
141731,0
141735,0
141736,0
141745,0
141749,0
141751,0
141760,0
141761,0
141766,0
141772,0
141774,0
141775,0
141783,0
141784,0
141789,0
141790,0
141800,0
141808,0
141810,0
141811,0
141813,0
141819,0
141849,1
141857,0
141858,0
141864,0
141865,0
141895,0
141906,0
141927,0
141936,0
141937,0
141942,0
141957,0
141964,0
141968,0
141976,1
141987,0
142011,1
142015,1
142020,0
142021,0
142022,0
142024,0
142031,0
142035,1
142042,0
142053,0
142067,0
142073,0
142076,0
142093,0
142094,0
142098,0
142112,0
142118,0
142119,0
142126,1
142127,0
142128,0
142137,0
142141,0
142143,0
142144,0
142158,0
142172,0
142175,0
142197,0
142201,0
142204,0
142205,0
142209,0
142211,0
142219,1
142228,0
142229,0
142240,1
142245,0
142248,0
142249,0
142254,0
142259,0
142264,0
142285,0
142299,0
142300,0
142307,0
142310,0
142319,0
142325,0
142327,0
142328,0
142333,0
142340,1
142365,0
142384,0
142392,0
142402,0
142403,1
142410,0
142413,0
142415,0
142434,0
142436,0
142450,0
142462,0
142464,0
142469,0
142483,0
142498,0
142504,0
142505,0
142511,0
142535,0
142550,0
142551,0
142559,0
142564,1
142566,0
142567,0
142570,0
142601,0
142633,0
142634,0
142636,1
142640,0
142652,0
142660,0
142674,0
142694,0
142696,0
142700,0
142702,0
142709,0
142712,0
142714,0
142721,0
142723,0
142734,0
142742,1
142749,0
142764,1
142779,0
142780,0
142806,0
142812,0
142815,1
142829,0
142844,0
142846,0
142851,0
142855,0
142869,1
142879,0
142882,0
142885,1
142887,0
142889,0
142895,0
142896,0
142911,0
142916,0
142922,0
142930,0
142931,0
142937,0
142938,0
142959,0
142968,0
142973,0
142975,0
142987,0
142991,0
142993,0
143005,0
143008,0
143015,0
143034,0
143046,0
143061,0
143066,0
143067,0
143082,0
143095,0
143122,0
143123,0
143154,0
143178,0
143186,0
143189,0
143197,0
143199,0
143201,0
143203,0
143204,0
143249,0
143250,0
143253,0
143256,0
143271,0
143282,0
143294,0
143309,0
143311,0
143319,0
143332,0
143333,0
143337,0
143342,0
143347,0
143348,0
143354,0
143355,0
143363,0
143365,0
143367,1
143368,0
143370,0
143394,0
143404,0
143413,0
143441,1
143452,0
143453,0
143455,1
143456,0
143468,0
143469,0
143472,0
143484,0
143492,0
143494,0
143495,0
143521,0
143523,0
143544,0
143549,0
143551,0
143557,0
143561,0
143562,1
143563,0
143564,0
143565,0
143571,0
143588,0
143592,0
143600,1
143608,0
143616,0
143634,0
143639,0
143640,0
143641,0
143653,0
143660,0
143678,1
143685,0
143687,0
143688,0
143689,0
143691,0
143696,0
143704,0
143707,0
143723,0
143728,0
143781,0
143782,0
143786,0
143807,0
143814,0
143815,0
143817,0
143824,0
143827,0
143852,0
143866,0
143878,0
143880,0
143887,0
143893,0
143894,0
143904,0
143905,0
143913,0
143920,1
143928,0
143929,0
143932,0
143946,0
143950,0
143952,1
143954,0
143967,0
143986,0
144010,0
144029,0
144040,0
144046,0
144050,0
144062,0
144072,0
144074,0
144077,0
144088,0
144093,0
144096,0
144111,0
144112,1
144115,0
144117,0
144118,0
144120,0
144121,0
144126,0
144144,0
144145,0
144149,0
144174,0
144175,0
144195,0
144201,0
144204,0
144219,0
144223,0
144228,0
144234,0
144241,0
144244,0
144252,0
144256,1
144257,0
144258,0
144261,0
144264,0
144270,0
144291,0
144303,0
144306,0
144313,0
144317,1
144329,0
144338,1
144341,0
144345,0
144348,0
144361,0
144363,0
144366,0
144372,0
144381,0
144394,0
144395,0
144410,0
144414,0
144415,0
144426,1
144433,0
144434,0
144444,0
144448,0
144457,0
144458,0
144465,0
144469,0
144473,0
144476,0
144478,0
144484,0
144496,0
144517,1
144532,0
144543,0
144554,0
144560,0
144566,0
144574,0
144591,0
144595,0
144608,0
144615,0
144624,0
144627,0
144634,0
144652,1
144661,0
144666,0
144681,0
144685,0
144698,0
144706,0
144708,0
144717,0
144733,0
144734,0
144736,0
144741,0
144743,0
144749,0
144750,0
144759,0
144762,0
144774,0
144796,0
144804,0
144812,0
144815,0
144821,0
144836,0
144838,0
144842,0
144845,0
144857,0
144858,0
144864,0
144869,1
144871,0
144878,0
144884,0
144888,0
144897,0
144915,0
144916,0
144918,0
144926,1
144949,0
144950,0
144961,0
144968,0
144971,0
144976,0
144984,0
144985,0
144987,0
145016,0
145020,1
145022,0
145024,1
145026,1
145038,0
145040,0
145048,0
145080,0
145087,0
145091,0
145095,0
145100,0
145111,0
145112,0
145114,0
145124,0
145139,0
145144,0
145178,0
145180,0
145181,0
145182,0
145186,0
145198,0
145200,1
145201,0
145208,0
145215,0
145216,0
145225,0
145228,0
145237,1
145241,0
145246,0
145251,0
145253,1
145257,0
145273,0
145278,0
145319,0
145327,1
145331,0
145334,1
145352,0
145355,0
145369,0
145372,0
145393,0
145399,0
145417,0
145424,0
145425,0
145426,0
145455,0
145456,0
145475,0
145483,0
145495,0
145498,0
145510,0
145516,0
145517,0
145518,0
145524,0
145527,0
145537,1
145544,0
145548,0
145549,0
145551,0
145570,0
145572,1
145577,0
145580,0
145590,0
145596,0
145597,0
145599,0
145603,0
145604,1
145608,0
145611,0
145617,0
145625,0
145650,0
145653,0
145659,0
145660,0
145665,0
145669,0
145670,0
145672,1
145697,0
145701,0
145703,0
145707,0
145717,0
145724,0
145728,0
145737,0
145741,0
145774,0
145776,0
145777,0
145778,0
145793,0
145796,0
145803,0
145818,0
145824,0
145827,0
145837,0
145850,0
145851,0
145855,0
145857,0
145895,0
145897,0
145898,0
145901,0
145904,0
145905,0
145906,0
145913,0
145916,0
145918,0
145930,0
145932,0
145936,0
145938,0
145942,0
145944,0
145947,0
145964,0
145968,0
145971,0
145984,0
145985,0
145986,0
145992,0
145997,0
146013,0
146023,0
146029,0
146045,0
146057,0
146058,0
146072,0
146078,0
146085,0
146093,0
146095,0
146109,0
146111,0
146112,1
146124,0
146129,0
146134,0
146139,0
146141,0
146154,0
146158,0
146162,0
146167,0
146168,0
146200,0
146208,0
146209,0
146220,0
146225,0
146230,1
146245,0
146248,0
146254,0
146269,0
146270,0
146273,0
146283,0
146284,0
146295,0
146299,0
146322,1
146329,0
146338,0
146343,0
146352,0
146359,0
146361,0
146381,0
146382,0
146389,0
146391,0
146392,0
146394,0
146405,0
146415,0
146424,0
146425,1
146455,0
146470,0
146475,0
146477,0
146479,0
146488,0
146489,0
146490,0
146492,0
146497,0
146504,0
146507,1
146508,1
146517,0
146518,0
146526,0
146531,0
146532,0
146537,0
146539,1
146545,0
146546,0
146548,0
146560,0
146561,0
146569,0
146602,0
146605,0
146610,0
146612,0
146627,0
146637,0
146640,0
146645,0
146655,0
146657,0
146661,0
146678,0
146684,0
146688,0
146705,0
146707,0
146709,0
146713,0
146718,0
146745,0
146751,0
146766,1
146777,0
146787,0
146788,0
146791,0
146795,0
146796,0
146828,0
146830,1
146831,0
146835,1
146839,0
146840,0
146856,0
146859,0
146876,0
146883,0
146887,0
146898,0
146900,0
146914,0
146921,0
146929,0
146930,0
146933,0
146939,0
146941,0
146946,1
146948,0
146951,0
146954,0
146966,0
146977,0
146980,0
146986,0
146998,0
147002,0
147015,0
147019,0
147020,1
147039,0
147056,0
147059,0
147062,0
147076,0
147101,0
147112,0
147114,0
147117,0
147123,0
147130,0
147149,0
147161,0
147164,0
147175,1
147201,0
147211,0
147212,0
147218,0
147223,0
147226,1
147237,0
147239,0
147243,0
147257,0
147263,0
147287,0
147288,0
147302,0
147313,0
147314,0
147317,0
147320,0
147322,1
147324,0
147371,0
147372,0
147376,0
147380,0
147381,0
147384,0
147388,0
147392,0
147399,0
147410,0
147417,0
147424,0
147453,0
147467,0
147477,0
147478,0
147488,0
147489,0
147493,1
147498,0
147507,0
147521,1
147522,0
147525,0
147531,0
147532,1
147538,0
147545,0
147590,0
147595,0
147596,0
147599,0
147604,0
147609,0
147623,0
147632,0
147634,0
147640,0
147641,0
147644,0
147646,0
147649,0
147651,0
147664,0
147693,0
147703,0
147724,1
147725,1
147727,0
147736,0
147738,0
147743,0
147749,0
147754,0
147755,0
147758,0
147763,0
147777,0
147784,0
147785,0
147789,0
147795,0
147816,0
147817,0
147819,1
147821,0
147822,0
147823,0
147825,0
147830,0
147835,0
147838,0
147845,0
147850,0
147857,0
147859,0
147873,0
147875,0
147886,0
147887,0
147894,0
147904,0
147909,0
147913,0
147921,0
147922,0
147930,0
147939,0
147948,0
147957,0
147958,0
147960,0
147962,0
147967,0
147968,0
147969,0
147972,0
147974,0
147988,0
147989,0
148001,0
148006,0
148007,0
148008,0
148016,1
148024,0
148029,0
148032,0
148033,0
148041,0
148048,0
148052,1
148054,0
148060,0
148066,0
148071,0
148081,0
148082,0
148092,0
148096,0
148105,0
148106,0
148118,0
148124,0
148153,0
148164,0
148168,0
148173,0
148184,0
148206,0
148210,0
148226,0
148230,0
148237,0
148239,0
148244,0
148246,0
148259,0
148260,0
148263,0
148264,0
148280,0
148296,0
148303,0
148304,0
148307,0
148308,1
148316,0
148332,0
148338,0
148344,0
148345,0
148374,0
148375,0
148379,0
148392,0
148403,0
148408,0
148409,0
148415,0
148421,0
148422,0
148426,1
148428,0
148435,0
148436,0
148439,0
148457,0
148467,0
148481,0
148486,0
148488,1
148490,0
148504,0
148506,0
148508,0
148541,0
148550,0
148554,0
148555,0
148556,0
148558,0
148568,0
148575,0
148590,0
148601,0
148619,0
148630,1
148646,0
148651,1
148658,0
148661,0
148667,0
148670,0
148671,0
148672,0
148674,0
148675,0
148678,1
148690,1
148692,0
148710,0
148719,1
148725,0
148732,0
148737,0
148742,0
148757,0
148759,0
148761,0
148764,0
148767,0
148772,0
148773,0
148785,0
148797,0
148814,1
148816,0
148820,1
148841,0
148856,0
148862,0
148863,0
148868,0
148876,0
148877,0
148879,0
148886,0
148889,0
148891,0
148895,0
148898,0
148905,0
148909,0
148919,0
148927,0
148938,0
148947,0
148949,0
148951,0
148956,0
148963,0
148975,0
148990,1
148993,0
149004,0
149005,0
149008,0
149011,0
149012,1
149018,0
149021,0
149023,0
149032,0
149033,0
149046,0
149057,0
149066,0
149068,0
149071,0
149081,0
149084,0
149085,0
149093,0
149098,0
149102,0
149104,0
149109,1
149127,0
149128,0
149139,0
149142,0
149149,0
149152,0
149171,0
149183,0
149193,0
149195,0
149198,0
149199,0
149200,0
149201,0
149203,0
149207,0
149210,0
149219,0
149242,0
149258,0
149262,0
149263,0
149269,0
149278,0
149295,0
149302,0
149305,0
149306,0
149313,0
149323,0
149332,0
149339,0
149370,1
149373,0
149375,0
149390,0
149395,0
149402,0
149403,0
149406,0
149409,0
149410,0
149418,0
149419,0
149423,0
149425,0
149427,0
149452,0
149453,0
149455,0
149457,0
149459,0
149466,0
149472,0
149497,1
149501,0
149519,0
149529,0
149541,0
149550,1
149551,0
149557,0
149560,0
149566,0
149580,1
149581,0
149583,0
149602,0
149606,0
149618,1
149621,0
149628,0
149630,1
149631,0
149636,0
149641,0
149644,0
149647,0
149652,0
149659,0
149662,0
149672,0
149689,0
149695,0
149700,0
149701,0
149704,0
149708,0
149709,1
149732,0
149738,1
149744,0
149748,0
149755,0
149759,0
149763,0
149766,0
149772,0
149779,0
149784,0
149789,0
149792,0
149806,0
149807,0
149819,0
149829,0
149849,1
149851,0
149854,0
149859,0
149861,0
149865,0
149869,0
149876,0
149877,0
149881,0
149893,0
149902,0
149904,0
149906,0
149909,0
149913,0
149924,0
149929,0
149932,0
149954,0
149974,0
149993,0
150001,1
150002,0
150003,0
150020,0
150024,0
150040,0
150045,0
150049,0
150050,0
150056,0
150067,0
150068,0
150073,0
150096,0
150119,0
150124,0
150136,0
150137,0
150143,0
150149,0
150150,0
150167,0
150168,0
150198,0
150212,0
150215,0
150218,0
150221,0
150227,0
150239,0
150246,0
150250,0
150253,1
150255,0
150262,0
150264,0
150266,0
150270,0
150273,0
150274,0
150275,0
150281,0
150285,1
150286,0
150290,0
150298,0
150314,0
150326,0
150331,0
150332,0
150336,0
150338,0
150350,0
150356,1
150358,0
150359,0
150364,0
150370,0
150371,0
150373,0
150378,0
150379,0
150385,0
150387,0
150394,0
150407,0
150410,1
150412,0
150413,0
150420,0
150422,0
150424,0
150426,0
150433,0
150437,1
150443,0
150445,0
150447,0
150461,0
150464,0
150466,0
150479,0
150480,0
150520,0
150533,0
150538,0
150541,0
150544,1
150561,0
150563,0
150567,0
150568,0
150575,0
150581,0
150582,0
150588,0
150592,0
150611,0
150615,0
150628,0
150641,0
150647,0
150671,0
150676,1
150677,0
150681,0
150688,0
150704,0
150710,0
150733,0
150761,0
150766,0
150775,0
150778,0
150791,0
150805,1
150808,0
150813,0
150823,0
150824,0
150836,0
150840,0
150850,0
150870,0
150902,0
150906,0
150908,0
150913,0
150920,0
150921,0
150923,0
150927,0
150953,0
150958,0
150964,1
150966,0
150967,0
150971,0
150978,0
150985,0
150988,0
150990,0
150991,0
150996,0
151002,0
151003,0
151018,0
151026,0
151028,0
151033,0
151047,1
151049,0
151054,0
151061,0
151076,0
151079,0
151082,0
151084,0
151091,1
151098,0
151104,0
151110,0
151116,0
151120,0
151124,0
151133,0
151135,0
151138,0
151155,0
151156,0
151157,0
151162,0
151181,1
151192,0
151195,0
151204,0
151207,0
151226,0
151228,0
151236,0
151246,0
151257,0
151260,0
151263,0
151265,0
151291,0
151301,0
151306,0
151318,0
151323,0
151340,0
151358,0
151364,0
151369,0
151370,0
151379,0
151383,0
151384,1
151392,0
151398,0
151408,0
151415,0
151422,0
151424,0
151436,0
151439,0
151442,0
151450,0
151452,0
151455,0
151460,0
151469,0
151477,0
151488,0
151489,0
151496,0
151499,0
151502,0
151503,1
151515,1
151517,0
151522,0
151524,0
151530,0
151531,0
151548,0
151557,0
151567,0
151570,0
151583,0
151584,0
151594,0
151602,1
151609,0
151644,0
151680,0
151682,0
151688,0
151691,0
151698,0
151702,0
151713,0
151714,0
151723,0
151724,0
151725,0
151732,0
151739,0
151740,1
151742,0
151753,0
151764,0
151765,0
151768,0
151772,1
151774,0
151779,0
151784,0
151792,0
151804,0
151808,0
151824,0
151829,0
151838,0
151840,0
151855,0
151857,0
151860,0
151889,0
151894,0
151899,0
151902,0
151905,0
151909,0
151910,0
151914,1
151922,0
151931,0
151940,0
151944,0
151945,0
151953,0
151968,0
151972,0
151986,0
151989,0
152001,1
152010,1
152011,0
152016,0
152022,0
152032,0
152038,0
152051,0
152060,0
152066,0
152074,0
152078,0
152081,0
152082,0
152085,0
152101,0
152106,0
152112,0
152125,0
152131,0
152136,0
152160,0
152179,0
152184,0
152206,0
152212,0
152213,0
152223,0
152225,0
152226,0
152231,0
152246,0
152248,0
152267,0
152275,0
152277,0
152280,0
152298,0
152301,0
152311,0
152321,0
152335,0
152345,0
152347,0
152354,0
152366,0
152370,0
152372,0
152376,0
152384,0
152386,0
152389,0
152393,0
152394,0
152397,0
152402,0
152415,0
152435,0
152444,0
152445,0
152452,1
152463,0
152468,0
152481,0
152487,0
152490,0
152494,0
152498,0
152500,0
152510,0
152513,0
152521,0
152527,0
152529,0
152533,0
152537,0
152544,0
152579,0
152582,0
152592,0
152594,1
152599,0
152603,0
152613,0
152636,0
152640,0
152649,0
152650,0
152651,0
152653,0
152654,0
152658,0
152659,0
152666,0
152674,0
152685,0
152691,0
152695,0
152705,1
152715,0
152725,0
152726,0
152732,0
152741,0
152759,0
152782,0
152786,0
152792,0
152796,0
152799,0
152809,0
152812,0
152821,0
152847,1
152853,0
152866,0
152868,1
152882,0
152884,0
152894,0
152910,0
152912,0
152919,0
152924,0
152928,0
152943,0
152945,0
152962,0
152977,0
152983,0
152991,0
153021,0
153024,0
153039,0
153071,0
153072,0
153075,0
153078,0
153085,0
153096,0
153101,0
153134,0
153138,0
153148,0
153156,0
153158,0
153162,0
153174,0
153178,0
153191,1
153192,0
153193,0
153201,0
153205,0
153210,1
153214,0
153219,0
153225,0
153229,0
153242,0
153248,0
153264,0
153280,0
153299,0
153312,0
153326,0
153329,0
153343,1
153346,0
153352,0
153360,0
153365,0
153370,1
153378,0
153380,0
153381,1
153383,0
153390,0
153398,0
153400,0
153403,0
153412,0
153415,0
153418,0
153424,0
153443,0
153452,0
153453,0
153478,0
153492,0
153493,0
153525,0
153532,0
153536,0
153538,0
153567,0
153575,0
153586,0
153592,1
153596,0
153599,0
153620,0
153621,0
153622,0
153650,0
153656,0
153658,0
153675,0
153678,0
153685,0
153686,0
153693,0
153695,0
153702,0
153703,0
153724,0
153733,0
153739,0
153740,0
153750,0
153754,0
153755,0
153760,0
153768,0
153769,0
153774,0
153786,1
153790,0
153793,0
153815,0
153816,0
153837,1
153838,0
153840,0
153845,0
153846,0
153853,0
153858,0
153859,0
153867,0
153874,0
153876,0
153895,0
153896,0
153906,0
153917,0
153931,0
153936,0
153946,0
153956,1
153972,0
153978,0
153990,0
154001,1
154013,0
154014,1
154019,0
154021,0
154025,0
154045,1
154050,0
154054,0
154063,0
154064,0
154072,0
154073,1
154081,1
154095,1
154099,0
154104,0
154119,0
154123,0
154146,0
154160,0
154165,0
154170,0
154174,0
154194,0
154202,0
154204,0
154205,0
154206,0
154213,0
154225,0
154226,0
154229,0
154238,0
154249,1
154259,0
154289,0
154292,0
154294,0
154326,0
154329,1
154335,0
154341,0
154344,0
154345,0
154357,1
154362,0
154365,0
154366,0
154371,0
154383,0
154386,1
154391,0
154399,0
154413,0
154433,0
154437,0
154438,0
154441,0
154461,0
154463,0
154476,0
154477,0
154491,0
154492,0
154508,0
154522,0
154523,0
154534,0
154536,0
154541,0
154544,0
154547,0
154548,0
154556,0
154569,0
154574,0
154595,0
154598,0
154601,0
154605,0
154621,0
154628,0
154630,0
154634,0
154641,0
154646,0
154647,0
154661,0
154670,0
154672,0
154685,0
154691,0
154693,0
154695,0
154701,0
154706,0
154710,0
154732,0
154733,0
154753,0
154758,0
154768,0
154774,1
154782,0
154784,0
154797,0
154801,0
154811,0
154822,0
154835,0
154837,0
154845,0
154854,0
154866,0
154873,0
154881,0
154894,0
154896,0
154907,0
154909,0
154910,0
154913,0
154921,0
154930,0
154950,0
154951,0
154958,0
154959,0
154960,1
154962,0
154965,0
154970,1
154976,0
154977,0
155007,0
155021,0
155029,0
155033,0
155036,0
155037,0
155041,0
155042,0
155045,0
155051,0
155065,0
155067,0
155070,0
155075,0
155085,0
155089,0
155097,0
155098,0
155109,0
155122,0
155124,0
155128,0
155134,0
155137,0
155155,0
155159,0
155162,0
155165,0
155170,1
155175,0
155180,0
155183,0
155184,0
155192,0
155193,0
155199,0
155211,0
155218,0
155220,0
155222,1
155225,0
155226,0
155230,0
155236,1
155241,1
155250,0
155251,0
155255,0
155260,0
155263,0
155269,0
155275,0
155279,0
155285,0
155294,0
155300,0
155309,0
155317,0
155326,0
155327,0
155330,0
155334,0
155335,0
155344,0
155353,0
155359,0
155363,1
155370,0
155373,0
155377,0
155385,0
155387,1
155389,0
155392,0
155394,0
155414,0
155419,0
155420,0
155421,0
155425,0
155439,0
155447,0
155449,0
155468,0
155470,0
155472,0
155495,0
155503,0
155512,0
155522,0
155524,0
155544,0
155566,0
155570,0
155571,0
155577,0
155597,0
155598,0
155606,0
155607,0
155632,0
155649,0
155653,0
155664,0
155666,0
155672,0
155679,0
155688,0
155693,1
155700,1
155710,0
155711,0
155716,0
155732,0
155733,0
155734,0
155736,0
155743,0
155745,0
155758,0
155770,0
155772,0
155785,0
155800,0
155811,0
155813,0
155815,0
155829,0
155839,0
155879,1
155900,0
155943,0
155945,0
155951,0
155954,0
155962,0
155970,0
155978,0
155983,0
155994,0
155995,0
156020,0
156052,0
156058,0
156065,0
156070,0
156075,0
156086,0
156091,0
156092,0
156103,0
156114,1
156117,0
156122,0
156130,0
156134,0
156135,0
156154,0
156155,0
156177,0
156195,0
156197,0
156202,0
156212,1
156237,0
156239,0
156245,0
156251,0
156253,0
156255,0
156259,0
156261,0
156262,0
156265,0
156266,1
156267,0
156287,0
156288,1
156306,0
156308,0
156316,1
156317,0
156341,0
156346,0
156349,0
156363,0
156370,0
156374,0
156379,0
156385,0
156392,0
156399,0
156402,0
156406,0
156412,0
156434,0
156447,0
156450,0
156452,0
156455,0
156461,1
156465,0
156469,0
156488,0
156489,0
156491,0
156496,0
156504,0
156532,0
156539,0
156545,0
156551,0
156574,0
156592,0
156593,0
156610,0
156615,0
156625,0
156665,0
156675,0
156679,0
156685,0
156691,0
156692,0
156693,0
156705,0
156720,0
156725,0
156726,0
156738,0
156741,0
156746,0
156753,0
156758,0
156761,0
156763,0
156764,0
156769,0
156780,1
156781,0
156785,0
156789,0
156801,1
156812,0
156813,0
156819,0
156823,0
156831,0
156832,0
156835,0
156842,0
156845,0
156849,0
156860,0
156865,0
156874,0
156877,0
156884,0
156894,0
156896,0
156906,0
156918,0
156921,0
156927,0
156936,1
156941,0
156949,0
156951,0
156954,0
156956,0
156964,0
156968,0
156976,0
156981,0
156995,0
157033,0
157049,0
157052,0
157053,0
157060,0
157075,0
157085,0
157095,0
157111,0
157128,0
157133,0
157134,0
157138,0
157142,0
157148,1
157150,0
157154,0
157161,1
157165,1
157169,0
157177,0
157188,1
157201,0
157204,0
157205,0
157216,0
157219,0
157222,1
157224,0
157225,0
157226,0
157227,0
157230,0
157244,0
157258,0
157260,0
157263,0
157264,0
157270,0
157280,0
157283,0
157293,0
157298,0
157299,0
157304,0
157315,0
157322,0
157323,0
157330,0
157331,0
157334,0
157339,0
157341,0
157352,0
157361,0
157365,0
157379,0
157380,0
157398,0
157400,0
157421,0
157426,0
157430,0
157447,0
157459,0
157473,1
157476,0
157483,0
157484,0
157487,0
157492,1
157493,0
157496,0
157518,0
157519,0
157521,1
157522,0
157531,0
157537,0
157542,0
157543,0
157545,0
157556,0
157564,0
157567,0
157579,0
157592,0
157600,0
157603,0
157605,0
157615,0
157640,0
157648,0
157650,0
157659,1
157665,0
157668,0
157673,0
157674,1
157678,0
157716,0
157718,0
157719,1
157720,1
157724,0
157735,1
157747,0
157748,0
157759,0
157760,0
157772,0
157776,0
157778,0
157780,0
157781,0
157787,0
157790,0
157798,0
157799,0
157808,0
157812,0
157813,0
157825,0
157868,0
157872,0
157883,0
157884,0
157889,0
157897,0
157898,0
157908,0
157910,0
157914,0
157930,0
157931,0
157933,0
157943,0
157950,0
157963,0
157964,0
157974,0
157975,0
157989,0
157993,0
157999,0
158011,0
158025,0
158029,1
158032,0
158050,0
158055,0
158056,1
158060,0
158071,0
158073,0
158084,0
158088,1
158090,0
158091,0
158096,1
158123,0
158134,0
158141,0
158148,0
158150,0
158152,0
158170,0
158171,0
158174,0
158181,1
158188,1
158212,0
158222,0
158238,0
158248,0
158249,0
158250,0
158261,0
158265,0
158275,0
158276,0
158278,0
158287,0
158288,0
158303,0
158312,0
158317,0
158318,0
158326,0
158343,0
158349,0
158350,0
158353,1
158374,0
158376,0
158393,0
158398,0
158407,0
158408,0
158412,0
158424,0
158434,0
158439,0
158446,0
158447,0
158448,0
158457,0
158465,0
158471,0
158486,0
158492,0
158493,1
158502,0
158509,0
158510,0
158525,1
158526,0
158534,0
158537,0
158558,0
158568,1
158571,0
158584,0
158592,0
158598,0
158604,0
158640,0
158650,0
158670,0
158674,0
158686,0
158688,0
158699,1
158707,0
158709,0
158723,0
158734,0
158741,0
158755,0
158766,0
158775,0
158778,0
158798,0
158802,0
158803,0
158804,0
158814,0
158826,0
158832,1
158835,0
158837,0
158842,0
158861,0
158867,0
158868,0
158877,0
158878,0
158917,0
158919,0
158925,1
158933,0
158951,0
158954,0
158961,0
158979,0
158981,0
158983,0
158985,0
158989,0
158990,0
158994,0
158996,0
158997,1
159001,0
159002,0
159015,0
159019,0
159027,1
159030,0
159033,0
159036,0
159040,0
159053,0
159080,0
159082,0
159095,0
159110,0
159118,0
159141,0
159146,0
159164,0
159170,0
159172,0
159181,0
159182,0
159191,0
159204,1
159205,0
159220,0
159227,0
159229,0
159248,0
159263,0
159273,0
159281,0
159286,0
159291,0
159296,0
159303,0
159328,0
159332,0
159347,1
159353,0
159362,0
159370,0
159373,0
159380,0
159405,0
159410,0
159431,0
159434,0
159442,0
159453,0
159455,1
159461,0
159466,0
159469,0
159485,0
159499,0
159500,0
159503,0
159507,0
159513,0
159536,0
159541,0
159545,0
159546,0
159548,0
159550,0
159561,0
159571,0
159582,0
159592,0
159600,0
159609,0
159614,0
159624,0
159626,0
159628,0
159629,0
159632,0
159634,0
159638,0
159644,0
159647,0
159654,0
159663,0
159673,0
159678,0
159685,0
159687,0
159695,0
159704,0
159713,0
159715,0
159717,0
159723,0
159729,0
159736,0
159739,0
159742,0
159743,0
159746,0
159749,0
159755,0
159779,0
159785,0
159795,0
159797,0
159798,0
159812,0
159836,0
159844,0
159885,0
159896,0
159899,0
159902,0
159931,0
159939,0
159942,0
159943,0
159944,0
159946,0
159955,1
159959,0
159960,0
159976,0
159992,0
159994,0
159999,0
160006,0
160007,0
160018,0
160025,0
160037,0
160041,0
160042,0
160046,0
160047,0
160049,0
160050,0
160051,0
160054,0
160060,0
160063,0
160067,0
160070,0
160072,0
160075,0
160108,0
160109,0
160113,0
160132,0
160142,0
160143,0
160146,0
160166,0
160167,1
160171,0
160174,0
160179,0
160184,0
160187,0
160197,0
160200,0
160204,0
160218,0
160220,0
160243,0
160252,0
160284,0
160287,0
160299,1
160300,0
160304,0
160306,0
160307,0
160310,0
160313,0
160353,0
160369,0
160372,0
160378,0
160399,0
160404,0
160409,0
160412,0
160413,0
160420,0
160430,0
160442,0
160448,0
160466,0
160476,0
160481,0
160487,0
160523,0
160525,0
160533,0
160537,0
160552,0
160556,0
160564,0
160566,0
160575,0
160584,0
160604,0
160622,0
160623,0
160628,0
160641,0
160645,0
160646,0
160684,0
160695,0
160711,0
160738,0
160746,0
160766,0
160780,0
160784,0
160797,0
160802,0
160824,0
160831,0
160833,0
160834,0
160845,0
160859,0
160862,0
160863,0
160879,0
160883,0
160888,0
160892,0
160900,0
160909,0
160911,0
160913,0
160943,0
160944,0
160949,0
160952,0
160955,0
160979,0
160997,0
161011,0
161032,0
161035,0
161042,0
161048,0
161049,0
161066,0
161078,0
161084,0
161086,0
161093,1
161096,0
161098,0
161102,0
161115,0
161119,0
161122,0
161125,0
161126,0
161128,0
161129,0
161133,0
161144,0
161153,0
161157,0
161159,0
161160,0
161167,0
161168,0
161169,0
161177,0
161179,0
161189,0
161195,0
161197,0
161203,0
161204,0
161236,0
161244,0
161245,0
161255,0
161262,0
161272,0
161282,0
161288,0
161294,0
161302,0
161323,0
161340,1
161344,0
161348,0
161354,0
161355,0
161359,0
161363,0
161365,0
161367,0
161382,0
161388,0
161391,0
161404,0
161405,1
161413,0
161423,0
161430,0
161436,0
161438,0
161444,0
161457,1
161459,0
161462,0
161475,0
161478,0
161482,0
161483,0
161496,0
161506,1
161507,0
161508,0
161515,0
161519,0
161530,0
161541,0
161547,0
161562,0
161565,0
161571,0
161580,0
161589,0
161590,0
161604,0
161622,0
161651,0
161657,0
161664,0
161667,0
161672,0
161689,0
161692,0
161704,0
161715,0
161716,0
161730,0
161732,0
161735,0
161738,0
161753,0
161760,0
161772,0
161804,0
161805,0
161808,0
161817,0
161827,0
161829,0
161831,1
161842,0
161855,0
161858,0
161859,0
161863,0
161864,0
161868,0
161889,0
161891,0
161898,0
161899,0
161906,0
161911,0
161924,0
161926,0
161933,0
161937,0
161938,0
161941,0
161979,1
161981,0
161994,0
161998,0
162004,0
162005,0
162009,0
162010,0
162020,0
162032,0
162042,1
162050,0
162051,0
162058,0
162062,0
162068,0
162076,0
162078,0
162079,0
162086,0
162090,0
162091,1
162098,1
162111,0
162112,0
162114,0
162124,0
162127,0
162130,1
162134,0
162141,0
162144,0
162147,0
162150,0
162159,0
162164,0
162199,0
162203,0
162204,0
162209,0
162210,0
162215,0
162222,0
162225,0
162233,0
162238,0
162239,0
162240,0
162251,0
162263,0
162266,0
162269,0
162277,0
162283,0
162285,0
162293,0
162296,0
162298,0
162310,0
162317,0
162327,0
162329,1
162372,0
162373,0
162382,0
162396,0
162407,0
162419,0
162430,0
162440,0
162445,0
162453,0
162463,1
162465,0
162467,0
162469,0
162472,0
162479,0
162481,0
162494,0
162506,0
162525,0
162529,0
162546,0
162552,0
162553,0
162555,0
162559,0
162561,0
162567,0
162572,0
162573,0
162574,0
162576,0
162581,0
162582,0
162587,0
162600,0
162607,0
162611,0
162613,0
162622,0
162623,0
162633,1
162636,0
162641,0
162646,0
162647,0
162653,0
162655,0
162669,0
162679,0
162683,0
162684,0
162690,0
162694,0
162696,0
162701,0
162705,0
162707,0
162712,0
162715,0
162717,0
162749,1
162753,0
162762,0
162764,0
162772,1
162780,0
162781,0
162798,0
162803,0
162809,0
162813,0
162817,0
162824,0
162825,1
162834,0
162836,0
162841,0
162847,0
162853,0
162857,0
162866,0
162881,0
162883,0
162884,0
162886,0
162892,0
162899,0
162922,0
162939,1
162942,0
162955,0
162965,0
162966,0
162970,0
162985,1
162986,0
162987,0
162995,0
162998,0
163001,0
163002,0
163007,0
163015,0
163023,0
163035,0
163053,1
163061,0
163063,0
163078,0
163081,0
163112,0
163114,0
163124,0
163126,0
163129,0
163138,0
163143,0
163148,0
163150,0
163153,1
163154,0
163155,0
163163,0
163164,0
163166,0
163191,0
163196,0
163212,0
163225,0
163227,0
163245,0
163247,0
163267,0
163271,0
163274,0
163280,0
163282,0
163284,0
163295,0
163298,0
163303,0
163326,0
163327,1
163330,0
163333,0
163348,0
163355,0
163364,0
163368,0
163372,0
163380,0
163389,0
163395,0
163398,0
163401,0
163414,0
163417,0
163420,0
163429,0
163436,0
163438,0
163447,0
163450,0
163451,0
163453,0
163459,0
163460,0
163463,0
163466,0
163469,0
163504,0
163511,0
163512,0
163519,0
163520,0
163522,0
163532,0
163533,0
163535,0
163537,0
163541,0
163542,0
163545,0
163546,0
163547,0
163550,0
163555,0
163565,0
163568,0
163595,0
163600,1
163607,0
163613,1
163623,0
163625,0
163630,0
163632,0
163638,0
163643,0
163644,0
163646,0
163649,0
163653,0
163655,0
163656,0
163663,0
163672,0
163679,0
163685,1
163692,0
163698,0
163711,0
163712,0
163721,0
163725,0
163733,0
163736,0
163741,0
163749,0
163755,0
163757,0
163762,0
163769,0
163775,0
163786,0
163787,1
163789,0
163790,0
163804,0
163806,0
163816,0
163828,0
163845,0
163846,0
163847,0
163849,0
163851,0
163857,1
163859,0
163872,0
163880,1
163881,0
163883,0
163888,0
163891,0
163897,0
163899,0
163906,0
163908,0
163910,0
163913,0
163920,0
163924,0
163927,0
163948,0
163957,0
163964,0
163969,0
163972,0
163978,0
163979,0
163985,0
163987,0
163993,0
164017,0
164019,0
164020,0
164023,0
164040,0
164041,1
164042,0
164044,0
164050,0
164063,0
164081,0
164085,0
164096,0
164111,0
164112,0
164120,0
164127,0
164129,0
164136,0
164139,0
164144,0
164145,0
164146,0
164155,0
164185,1
164197,0
164211,0
164225,1
164229,0
164242,0
164243,0
164267,0
164270,0
164274,1
164304,0
164306,0
164316,0
164321,0
164322,0
164326,0
164327,0
164361,0
164362,1
164366,0
164376,0
164377,0
164384,0
164385,0
164392,0
164396,0
164399,0
164402,0
164406,0
164408,0
164425,0
164432,0
164458,0
164462,0
164463,0
164470,0
164477,0
164499,0
164503,0
164512,0
164517,1
164520,0
164540,0
164544,0
164548,0
164549,0
164557,0
164559,0
164561,0
164564,0
164566,0
164575,0
164595,0
164604,0
164613,0
164632,0
164635,0
164646,0
164656,0
164664,0
164671,0
164673,0
164686,0
164693,1
164697,0
164699,0
164710,0
164724,0
164726,0
164729,0
164735,0
164738,0
164750,0
164754,1
164803,0
164807,1
164827,1
164831,0
164844,0
164865,0
164870,1
164893,0
164902,1
164909,0
164910,0
164912,0
164916,0
164927,0
164936,0
164947,0
164953,0
164971,1
164977,0
164993,0
165002,1
165005,0
165008,0
165011,0
165021,0
165025,1
165026,0
165028,0
165029,0
165035,0
165039,0
165085,0
165087,0
165108,0
165109,0
165114,0
165153,0
165159,0
165163,0
165178,0
165186,0
165205,0
165207,0
165211,0
165215,1
165227,0
165241,0
165244,0
165252,0
165253,0
165264,0
165278,0
165282,0
165289,0
165292,0
165307,0
165309,0
165310,0
165314,0
165317,0
165324,0
165325,0
165334,0
165342,0
165353,0
165356,0
165358,0
165361,0
165370,0
165394,0
165400,0
165402,1
165406,0
165413,0
165418,0
165421,0
165436,0
165437,0
165446,0
165449,0
165456,0
165458,0
165469,0
165472,0
165482,0
165483,0
165505,0
165548,0
165553,0
165570,1
165582,0
165584,0
165585,0
165596,0
165600,0
165617,0
165620,0
165623,0
165626,0
165635,0
165636,0
165645,0
165655,0
165662,0
165663,0
165667,1
165671,0
165673,0
165677,0
165683,0
165693,1
165715,0
165725,0
165728,0
165733,0
165737,0
165750,0
165756,0
165757,1
165784,0
165794,0
165803,0
165804,0
165805,0
165812,0
165814,0
165819,0
165821,0
165826,0
165839,1
165842,1
165849,0
165874,0
165877,0
165891,0
165898,0
165920,0
165922,0
165930,0
165943,0
165950,0
165954,0
165967,0
165969,0
165991,0
166000,0
166007,0
166010,0
166031,0
166040,0
166047,0
166050,0
166052,0
166059,0
166073,0
166083,0
166087,0
166121,0
166128,0
166144,1
166145,0
166148,0
166152,0
166157,0
166162,0
166174,0
166175,0
166185,0
166190,0
166213,0
166214,0
166218,0
166219,0
166234,0
166239,0
166240,0
166241,0
166247,0
166248,0
166257,0
166265,0
166269,0
166279,0
166285,0
166290,0
166304,0
166308,0
166333,0
166334,0
166335,0
166342,0
166344,0
166346,0
166350,0
166352,0
166355,0
166367,1
166369,0
166372,0
166376,0
166384,0
166386,0
166389,0
166391,0
166392,0
166401,0
166418,0
166430,1
166433,0
166435,0
166440,0
166460,0
166461,0
166469,0
166475,0
166494,0
166500,0
166503,0
166507,0
166519,0
166527,1
166534,0
166540,0
166551,0
166554,0
166556,0
166557,0
166563,0
166566,0
166572,0
166579,0
166585,0
166599,0
166607,0
166610,0
166619,0
166622,0
166624,1
166628,0
166629,0
166642,0
166643,0
166658,0
166664,0
166667,0
166683,0
166690,0
166691,0
166700,1
166704,0
166707,0
166708,0
166709,0
166727,0
166735,0
166741,0
166749,0
166752,0
166757,0
166759,0
166772,0
166776,0
166777,0
166779,0
166790,0
166794,0
166795,0
166797,0
166800,0
166804,0
166821,1
166827,0
166828,0
166829,0
166842,0
166844,0
166847,0
166849,0
166852,0
166864,0
166870,0
166871,0
166877,0
166882,1
166888,0
166896,0
166900,0
166903,0
166910,0
166912,0
166913,0
166914,0
166935,0
166952,0
166959,0
166965,0
166966,0
166968,0
166987,0
167011,0
167020,0
167024,0
167032,0
167039,0
167073,0
167076,0
167079,0
167081,0
167109,0
167115,0
167120,0
167126,0
167142,0
167148,0
167156,1
167166,0
167186,0
167198,0
167218,0
167223,0
167224,0
167227,0
167229,0
167240,0
167246,0
167254,1
167255,0
167256,0
167282,0
167284,0
167285,0
167291,0
167298,0
167306,0
167314,0
167332,0
167335,0
167336,0
167344,0
167370,0
167378,0
167390,0
167391,0
167394,0
167400,0
167406,0
167417,0
167420,0
167422,0
167425,0
167426,0
167439,0
167452,0
167455,0
167463,1
167473,0
167482,0
167484,0
167486,0
167487,0
167489,0
167493,1
167498,0
167513,0
167533,0
167544,0
167567,0
167579,0
167581,0
167596,0
167609,0
167611,0
167615,0
167626,0
167639,0
167642,0
167650,0
167673,0
167674,1
167677,0
167685,0
167686,0
167700,0
167703,0
167711,0
167723,0
167728,0
167732,0
167750,0
167789,0
167794,0
167797,0
167800,0
167810,0
167813,0
167826,0
167827,0
167828,0
167836,0
167837,0
167838,1
167845,0
167848,0
167856,0
167858,0
167859,0
167869,0
167874,0
167879,0
167882,0
167897,0
167913,0
167918,0
167925,0
167926,0
167930,0
167934,0
167944,0
167963,0
167966,1
167974,0
167983,0
167985,0
167990,0
168001,1
168003,0
168010,0
168027,0
168037,0
168039,0
168043,0
168047,0
168048,0
168052,0
168057,0
168068,0
168072,0
168073,1
168090,0
168100,0
168111,0
168118,0
168120,0
168121,0
168125,0
168128,0
168132,0
168138,0
168150,0
168153,0
168172,0
168183,0
168185,0
168188,0
168195,0
168199,0
168201,0
168210,0
168217,0
168232,0
168235,0
168236,0
168238,0
168244,0
168254,0
168255,0
168256,0
168259,0
168261,0
168263,0
168296,0
168298,0
168332,0
168334,0
168338,0
168343,0
168345,0
168366,0
168368,0
168373,0
168375,0
168380,0
168382,0
168391,0
168397,0
168401,0
168419,0
168421,0
168428,0
168432,0
168433,0
168437,0
168451,0
168456,0
168464,0
168468,0
168479,0
168489,0
168492,0
168494,0
168497,0
168505,0
168513,0
168514,0
168518,0
168537,0
168538,0
168543,0
168554,0
168555,0
168563,0
168564,0
168581,0
168592,0
168601,0
168609,0
168610,0
168617,0
168618,0
168620,0
168624,0
168629,0
168633,0
168635,0
168640,0
168664,0
168671,0
168676,0
168684,0
168685,0
168690,0
168698,1
168707,0
168713,0
168715,0
168721,0
168723,0
168728,0
168741,0
168754,0
168756,0
168758,0
168763,0
168766,0
168768,0
168770,1
168784,0
168785,1
168786,0
168789,0
168807,0
168822,0
168826,0
168834,0
168837,0
168840,0
168848,0
168858,0
168859,0
168884,0
168890,0
168891,0
168895,0
168898,0
168907,0
168918,1
168919,0
168935,0
168939,0
168942,0
168948,0
168955,0
168956,0
168964,0
168971,0
168973,0
168977,0
168981,0
168986,0
169005,0
169007,0
169059,0
169067,0
169073,0
169076,0
169081,0
169083,0
169087,0
169089,1
169090,0
169102,0
169114,0
169131,0
169135,0
169139,0
169151,0
169152,0
169156,0
169163,0
169179,0
169180,0
169182,0
169183,0
169185,0
169199,0
169206,1
169211,0
169216,0
169222,0
169225,0
169227,0
169238,0
169244,0
169245,0
169247,0
169251,0
169256,0
169259,0
169266,0
169280,0
169285,1
169294,0
169298,0
169309,0
169310,0
169312,0
169316,0
169322,0
169324,0
169338,0
169361,0
169369,0
169374,0
169376,0
169383,0
169388,0
169391,0
169400,0
169403,0
169411,1
169428,0
169435,0
169441,0
169460,0
169466,0
169468,0
169472,0
169484,0
169489,1
169492,0
169497,0
169511,0
169513,0
169515,0
169524,0
169530,0
169532,0
169536,0
169540,0
169552,0
169557,0
169558,0
169565,0
169570,0
169573,0
169574,0
169581,0
169585,0
169589,0
169607,0
169608,0
169612,0
169621,0
169640,0
169647,1
169648,0
169655,1
169657,0
169661,0
169684,0
169685,0
169690,0
169699,0
169709,0
169724,0
169741,0
169744,1
169768,0
169771,0
169778,0
169791,0
169792,0
169798,0
169803,0
169804,0
169811,0
169812,0
169814,0
169841,0
169843,0
169844,0
169848,0
169851,0
169869,0
169875,0
169877,1
169880,0
169893,0
169897,0
169898,0
169900,0
169908,0
169913,0
169918,0
169919,0
169925,0
169933,0
169935,0
169937,0
169940,0
169945,0
169949,0
169952,0
169956,0
169957,1
169970,1
169975,0
169979,0
169980,0
169986,0
170013,0
170020,0
170023,0
170035,0
170036,0
170042,0
170045,0
170047,0
170069,0
170075,0
170082,0
170086,0
170093,0
170100,0
170103,0
170105,0
170108,0
170121,0
170123,0
170124,0
170130,0
170133,0
170144,0
170156,0
170157,0
170161,0
170165,0
170166,0
170168,0
170181,0
170182,0
170188,0
170202,0
170205,0
170247,0
170257,1
170260,1
170261,0
170271,0
170281,0
170287,1
170289,0
170291,0
170298,0
170304,0
170308,0
170339,0
170342,0
170352,0
170357,1
170363,0
170367,0
170375,0
170377,0
170378,0
170389,0
170390,1
170391,0
170392,0
170395,0
170412,0
170416,0
170426,0
170429,0
170431,0
170433,0
170451,1
170453,0
170454,0
170460,1
170472,1
170476,0
170483,0
170503,0
170507,0
170508,0
170511,0
170513,0
170525,0
170526,0
170531,1
170536,0
170550,0
170557,0
170579,0
170588,0
170610,0
170616,0
170627,0
170630,0
170633,0
170634,1
170641,0
170643,0
170646,0
170650,0
170653,1
170656,0
170673,0
170675,0
170685,0
170696,1
170709,1
170711,0
170714,0
170730,1
170745,0
170747,0
170751,0
170752,0
170758,0
170766,0
170768,0
170773,0
170777,0
170782,0
170787,0
170790,0
170820,0
170822,0
170828,1
170833,0
170853,0
170876,0
170877,0
170884,0
170885,1
170889,0
170893,0
170904,0
170906,1
170911,0
170914,0
170927,0
170941,0
170945,0
170949,0
170956,0
170957,0
170961,0
170962,0
170964,0
170966,0
170968,0
170974,1
170991,0
170999,0
171005,0
171008,1
171013,1
171015,0
171019,0
171025,1
171027,0
171044,0
171048,0
171054,0
171058,0
171066,0
171073,0
171075,0
171084,0
171086,0
171096,0
171101,0
171105,0
171133,0
171134,0
171140,0
171143,0
171145,0
171148,0
171151,0
171154,0
171171,0
171192,0
171196,0
171201,0
171213,0
171215,0
171217,0
171221,0
171224,0
171234,0
171238,0
171243,0
171246,0
171254,0
171255,0
171277,0
171278,0
171279,0
171287,0
171293,0
171302,0
171303,0
171305,0
171312,0
171333,0
171335,1
171341,0
171349,0
171353,0
171362,0
171368,1
171370,0
171381,0
171407,0
171420,0
171439,0
171448,1
171461,0
171467,0
171475,0
171481,0
171482,0
171488,0
171499,0
171501,0
171508,1
171511,0
171522,0
171535,0
171536,0
171545,0
171553,0
171560,0
171579,0
171592,0
171594,0
171596,0
171600,0
171601,0
171607,0
171616,0
171617,0
171623,0
171627,0
171630,0
171639,0
171643,0
171645,0
171646,0
171648,0
171649,0
171650,0
171653,0
171656,0
171660,0
171665,0
171679,0
171682,0
171692,0
171696,0
171707,0
171711,1
171713,0
171724,0
171732,0
171736,1
171743,0
171744,0
171750,0
171755,0
171761,1
171774,0
171776,0
171783,0
171788,0
171810,0
171815,0
171823,0
171831,0
171833,0
171834,0
171852,1
171853,0
171858,0
171859,0
171863,0
171874,0
171876,0
171883,0
171888,0
171889,0
171893,0
171895,0
171903,0
171904,0
171905,0
171906,0
171907,0
171923,0
171942,0
171983,0
171985,0
172004,0
172007,0
172023,0
172028,0
172034,0
172036,0
172040,0
172042,0
172044,0
172050,0
172055,0
172056,0
172064,0
172066,0
172070,0
172071,0
172077,0
172085,1
172092,0
172093,0
172095,0
172106,0
172111,0
172114,0
172133,0
172141,0
172143,0
172145,1
172154,0
172157,0
172179,0
172187,0
172192,0
172196,0
172198,0
172202,0
172223,0
172224,0
172227,0
172232,1
172237,0
172239,0
172257,1
172282,0
172283,0
172289,0
172302,0
172312,0
172316,0
172321,0
172324,1
172328,1
172338,0
172342,0
172350,0
172360,0
172362,0
172364,0
172368,0
172376,0
172382,0
172385,1
172386,0
172388,0
172402,0
172414,0
172425,0
172427,0
172429,0
172432,0
172436,0
172440,0
172462,0
172466,0
172475,0
172476,0
172503,0
172509,0
172512,0
172531,0
172555,0
172563,0
172564,0
172571,0
172573,1
172578,0
172581,0
172607,0
172618,0
172630,0
172654,0
172669,0
172682,0
172686,1
172694,0
172707,0
172710,0
172712,0
172717,0
172740,0
172742,0
172747,0
172751,0
172760,0
172786,0
172790,0
172792,0
172803,0
172806,0
172816,0
172818,0
172819,1
172828,0
172832,1
172849,0
172850,1
172867,0
172870,0
172873,0
172879,0
172886,0
172888,1
172920,0
172924,0
172928,0
172931,0
172932,1
172935,0
172941,0
172951,0
172952,0
172958,0
172964,0
172971,0
172973,0
172975,0
172983,0
172986,0
173000,0
173001,0
173002,0
173003,0
173018,1
173022,0
173034,0
173040,0
173043,0
173068,0
173071,0
173074,0
173083,0
173084,0
173086,0
173099,0
173106,0
173120,0
173129,1
173139,0
173152,0
173153,0
173155,0
173170,0
173173,0
173175,0
173184,0
173190,0
173210,0
173218,0
173219,0
173226,0
173234,0
173242,1
173251,0
173254,0
173256,1
173272,0
173279,0
173283,0
173295,0
173301,0
173302,0
173305,0
173307,0
173316,0
173318,0
173319,0
173325,0
173326,0
173328,0
173341,0
173348,0
173355,0
173375,0
173380,0
173384,0
173392,0
173408,0
173418,0
173419,0
173432,0
173433,0
173460,0
173481,0
173486,0
173494,0
173495,0
173498,0
173500,0
173501,0
173505,0
173508,1
173529,0
173546,0
173555,0
173558,0
173560,0
173564,0
173569,0
173576,0
173580,0
173592,0
173597,1
173600,0
173602,0
173607,0
173608,0
173618,0
173619,0
173628,0
173631,0
173632,0
173633,0
173634,0
173636,0
173641,0
173657,0
173671,0
173673,0
173681,1
173703,0
173712,0
173730,0
173736,1
173740,0
173741,0
173750,0
173759,0
173765,1
173771,0
173778,0
173785,0
173793,0
173802,0
173804,0
173815,0
173820,0
173824,0
173827,0
173838,0
173839,0
173842,0
173846,0
173850,0
173851,0
173868,0
173872,0
173878,0
173899,0
173902,0
173908,0
173910,0
173917,0
173924,0
173927,0
173928,0
173937,0
173938,0
173945,0
173947,0
173957,0
173966,0
173969,0
173972,0
173977,0
173992,0
173995,0
174015,1
174023,0
174024,0
174042,0
174046,1
174053,0
174054,0
174062,0
174066,0
174076,0
174078,0
174083,0
174093,0
174109,0
174115,0
174118,0
174124,0
174134,0
174135,0
174139,0
174142,0
174143,0
174146,0
174148,1
174149,0
174164,0
174192,0
174196,0
174197,0
174203,0
174208,0
174214,0
174216,0
174227,0
174233,0
174234,0
174235,0
174244,0
174245,0
174252,0
174254,0
174259,0
174266,0
174279,0
174291,0
174293,0
174297,0
174298,0
174313,0
174318,0
174319,0
174329,0
174330,0
174331,0
174333,0
174338,0
174344,0
174349,0
174350,0
174351,0
174354,0
174373,0
174376,0
174383,0
174388,0
174393,0
174394,0
174395,0
174398,0
174408,0
174416,0
174417,0
174422,0
174424,0
174426,0
174431,0
174436,0
174440,0
174450,0
174454,0
174458,0
174468,1
174469,0
174492,0
174494,0
174506,0
174508,0
174515,1
174517,0
174519,0
174521,0
174522,0
174528,0
174547,0
174552,0
174577,0
174600,0
174605,0
174612,0
174613,0
174616,0
174628,0
174633,0
174638,0
174642,0
174668,0
174673,0
174676,1
174689,0
174691,0
174696,0
174719,0
174730,0
174740,0
174759,0
174767,0
174771,0
174775,0
174776,0
174777,0
174783,0
174787,1
174788,0
174793,0
174794,0
174800,0
174818,0
174819,0
174826,0
174858,0
174878,0
174888,0
174900,0
174907,0
174915,0
174927,0
174932,0
174936,0
174937,0
174940,0
174944,0
174953,0
174956,0
174961,0
174964,0
174972,0
174982,0
174990,0
174999,0
175003,0
175016,1
175017,1
175021,0
175035,0
175044,0
175046,0
175047,0
175069,0
175085,0
175089,0
175090,0
175099,0
175100,0
175113,0
175121,0
175124,1
175140,1
175141,0
175147,0
175180,0
175186,0
175192,0
175193,0
175195,0
175198,0
175200,0
175209,0
175221,0
175231,0
175242,1
175244,0
175246,0
175249,0
175251,0
175254,1
175277,0
175279,0
175281,0
175285,0
175300,0
175303,0
175305,0
175312,0
175335,0
175356,0
175357,0
175358,0
175363,0
175365,0
175379,0
175388,0
175393,0
175404,0
175412,1
175415,1
175420,0
175422,0
175433,0
175440,1
175441,0
175451,0
175460,0
175461,0
175466,0
175469,0
175471,0
175476,0
175482,1
175491,0
175506,0
175517,0
175518,0
175526,0
175539,0
175542,0
175546,0
175554,0
175569,1
175570,1
175572,0
175585,0
175599,0
175608,0
175612,0
175623,0
175625,0
175628,0
175642,1
175643,0
175648,0
175652,0
175674,0
175691,1
175692,0
175698,0
175702,0
175703,0
175709,1
175714,0
175725,0
175736,0
175741,0
175747,0
175748,0
175757,0
175762,0
175782,0
175786,0
175792,0
175795,0
175796,0
175803,0
175805,0
175820,0
175828,0
175841,1
175842,0
175843,0
175858,0
175870,0
175873,0
175876,0
175882,0
175883,0
175896,0
175898,1
175903,0
175910,0
175933,0
175941,0
175945,0
175946,0
175957,0
175973,1
175983,0
175999,0
176002,0
176010,0
176016,0
176017,0
176020,0
176022,0
176027,0
176038,0
176039,0
176057,0
176065,0
176071,1
176078,0
176080,0
176098,0
176100,0
176103,0
176106,1
176108,0
176114,0
176115,0
176120,0
176124,0
176127,0
176130,0
176133,0
176136,0
176137,0
176139,0
176143,0
176160,0
176166,0
176181,0
176197,0
176199,0
176209,0
176212,0
176214,0
176226,0
176230,0
176234,0
176248,0
176249,1
176257,0
176266,0
176273,0
176276,0
176277,0
176281,0
176304,0
176305,0
176312,0
176314,0
176317,0
176321,0
176324,0
176327,0
176335,0
176353,0
176356,0
176367,0
176368,0
176370,0
176372,0
176379,1
176387,0
176388,0
176390,0
176393,0
176395,0
176414,0
176417,0
176442,0
176465,0
176471,0
176478,1
176488,0
176489,0
176496,0
176507,0
176516,0
176530,0
176533,0
176535,0
176539,0
176545,0
176548,0
176554,0
176558,0
176560,1
176575,0
176578,0
176591,0
176602,0
176608,0
176609,0
176612,1
176614,1
176619,0
176623,0
176642,0
176644,0
176645,0
176649,0
176650,0
176652,0
176667,0
176676,0
176682,0
176685,0
176686,0
176692,0
176699,0
176718,0
176728,0
176729,0
176735,0
176737,0
176745,0
176752,0
176759,0
176765,0
176766,0
176770,0
176773,0
176786,0
176787,0
176798,0
176801,1
176813,0
176821,0
176826,0
176830,0
176838,0
176846,0
176847,0
176856,0
176859,0
176863,0
176876,0
176881,0
176887,0
176889,0
176907,0
176912,0
176928,0
176930,0
176937,0
176940,0
176943,0
176947,0
176948,0
176952,1
176958,0
176971,0
176989,0
177000,1
177001,0
177004,0
177008,0
177025,0
177036,0
177038,0
177040,0
177044,0
177062,0
177068,0
177073,0
177082,0
177083,0
177086,0
177089,0
177096,0
177099,0
177111,1
177120,0
177122,0
177123,0
177125,0
177138,0
177144,0
177145,0
177148,0
177152,0
177155,0
177165,0
177182,1
177205,0
177208,0
177219,0
177220,1
177224,0
177236,0
177244,0
177245,0
177248,0
177251,0
177255,0
177257,0
177261,0
177264,0
177266,0
177272,0
177295,0
177299,0
177303,0
177312,0
177333,0
177337,0
177343,0
177347,0
177351,0
177352,1
177359,0
177363,0
177372,0
177381,0
177390,0
177400,0
177403,0
177407,0
177415,0
177434,0
177443,1
177444,0
177445,0
177463,0
177467,0
177472,0
177476,0
177482,0
177484,0
177485,0
177490,1
177494,0
177516,0
177522,0
177531,0
177533,0
177539,0
177541,0
177555,0
177560,0
177563,0
177565,0
177566,0
177586,0
177592,0
177598,0
177599,0
177601,0
177604,0
177620,0
177621,0
177624,0
177627,0
177632,0
177635,0
177636,0
177640,0
177646,0
177647,1
177651,0
177659,0
177660,0
177663,0
177664,0
177675,0
177677,0
177679,0
177681,0
177684,0
177687,0
177698,0
177701,0
177709,0
177722,0
177724,0
177725,0
177727,0
177759,0
177769,0
177809,0
177815,0
177821,1
177833,1
177836,0
177841,0
177842,0
177845,0
177850,0
177853,0
177855,0
177868,0
177869,0
177874,0
177879,0
177880,0
177881,0
177884,0
177894,1
177895,0
177897,0
177901,0
177906,0
177916,0
177927,0
177930,1
177936,0
177937,0
177949,0
177961,0
177962,0
177966,0
177968,0
177969,1
177976,0
177980,1
177986,0
177988,0
177995,0
177996,0
178002,0
178003,0
178004,0
178010,0
178016,0
178025,0
178026,0
178043,0
178048,0
178053,0
178069,0
178070,0
178076,0
178080,0
178086,0
178100,1
178103,0
178114,0
178121,1
178126,0
178130,0
178151,0
178161,0
178162,0
178177,0
178178,0
178201,0
178207,0
178210,0
178221,0
178229,0
178231,0
178238,0
178239,0
178244,0
178251,0
178256,0
178270,0
178274,0
178275,0
178293,0
178304,0
178323,0
178334,0
178345,0
178351,0
178367,0
178371,0
178375,0
178377,0
178385,0
178386,0
178394,0
178397,0
178403,0
178407,0
178410,0
178411,0
178412,0
178417,0
178418,0
178423,0
178426,0
178430,0
178437,0
178446,0
178456,0
178468,0
178471,0
178474,0
178475,0
178486,0
178487,0
178488,1
178489,0
178495,0
178500,0
178505,0
178513,1
178520,0
178522,0
178539,0
178558,0
178562,0
178567,0
178568,0
178570,0
178599,0
178601,0
178613,0
178614,0
178615,0
178617,0
178630,1
178637,0
178642,0
178644,0
178646,0
178649,0
178650,0
178662,1
178664,0
178677,0
178678,0
178680,1
178700,0
178716,0
178735,0
178736,0
178753,0
178755,1
178758,0
178770,1
178772,0
178774,0
178776,0
178812,0
178819,0
178859,0
178862,0
178875,0
178878,0
178880,0
178892,0
178911,0
178919,0
178925,0
178948,0
178959,0
178966,0
178969,0
178970,0
178971,0
179009,0
179011,0
179018,0
179030,0
179041,0
179042,0
179060,1
179061,0
179062,0
179069,0
179070,0
179085,0
179088,0
179101,0
179115,0
179120,1
179123,0
179126,0
179154,0
179158,0
179171,0
179183,0
179205,0
179213,0
179226,0
179234,0
179242,0
179248,0
179252,0
179279,0
179283,0
179299,0
179305,0
179326,0
179332,0
179345,0
179356,1
179358,0
179361,0
179362,0
179379,0
179385,0
179400,0
179428,1
179430,0
179433,1
179436,0
179442,0
179454,0
179476,0
179487,0
179488,0
179496,0
179497,0
179517,0
179547,0
179556,0
179558,0
179572,0
179585,0
179591,0
179600,0
179601,0
179617,0
179618,0
179622,0
179628,0
179631,0
179643,0
179654,0
179670,0
179696,0
179703,0
179706,0
179708,0
179709,0
179710,0
179715,0
179719,0
179723,0
179724,0
179734,1
179735,0
179746,0
179747,0
179754,1
179763,0
179770,0
179771,0
179778,0
179789,0
179790,1
179794,0
179809,0
179813,0
179814,0
179815,0
179818,0
179834,0
179840,0
179847,0
179850,0
179853,1
179854,0
179881,0
179886,0
179889,0
179892,0
179913,0
179918,0
179922,0
179935,0
179939,0
179943,0
179954,0
179959,0
179961,0
179968,0
179969,0
179974,0
179986,0
179999,1
180013,0
180023,0
180028,0
180029,0
180053,1
180073,0
180074,0
180077,0
180086,0
180096,0
180103,0
180113,0
180125,0
180130,0
180148,0
180149,1
180155,0
180165,0
180168,0
180173,0
180177,0
180190,0
180199,0
180204,0
180223,0
180235,0
180242,0
180248,0
180253,0
180254,0
180257,0
180258,0
180262,0
180267,0
180292,0
180329,0
180343,0
180356,0
180375,0
180377,0
180380,0
180392,0
180445,0
180452,0
180459,0
180465,0
180467,0
180482,0
180489,0
180512,0
180516,1
180518,0
180525,0
180528,0
180533,1
180535,0
180543,0
180554,0
180556,0
180557,0
180565,0
180579,0
180588,0
180591,0
180604,0
180606,0
180617,0
180619,0
180623,0
180626,0
180628,0
180649,0
180659,0
180661,0
180665,0
180670,0
180676,0
180682,0
180688,0
180690,0
180694,0
180707,0
180713,0
180716,0
180718,0
180720,0
180724,0
180728,0
180733,0
180742,0
180751,0
180770,0
180772,0
180788,0
180792,0
180801,0
180812,0
180817,1
180819,0
180822,0
180829,1
180837,0
180839,0
180849,0
180871,0
180876,0
180877,0
180896,0
180897,0
180908,0
180909,0
180914,0
180920,1
180923,0
180930,0
180935,0
180945,0
180950,0
180951,0
180970,0
180979,0
180982,0
180992,0
180997,1
181000,0
181011,0
181013,0
181014,0
181039,1
181042,0
181045,0
181060,0
181063,1
181065,1
181087,0
181094,1
181101,0
181102,0
181109,0
181120,0
181132,0
181138,0
181151,0
181152,0
181166,0
181177,0
181184,0
181190,0
181217,0
181220,0
181230,0
181231,0
181234,0
181245,0
181252,1
181259,0
181265,0
181278,0
181280,0
181283,0
181287,0
181292,0
181294,0
181304,0
181310,0
181319,0
181331,0
181332,0
181339,1
181343,0
181354,0
181366,0
181367,0
181370,0
181383,1
181398,0
181407,0
181408,0
181411,0
181415,0
181429,0
181430,0
181435,0
181444,0
181449,0
181454,0
181469,0
181483,0
181489,0
181496,0
181510,0
181514,0
181517,0
181520,0
181527,0
181543,0
181548,0
181549,0
181557,0
181559,0
181569,0
181595,0
181606,0
181609,0
181619,0
181632,0
181639,0
181642,0
181668,1
181678,0
181686,1
181688,0
181695,0
181700,0
181709,0
181711,0
181738,0
181743,0
181753,0
181754,1
181761,0
181766,0
181769,0
181793,0
181796,0
181798,0
181811,1
181832,0
181835,0
181844,0
181856,0
181859,0
181860,0
181872,0
181879,0
181881,0
181893,0
181899,0
181902,0
181909,0
181915,0
181917,1
181943,0
181947,0
181962,0
181990,0
182001,0
182004,0
182013,0
182019,0
182025,0
182028,0
182035,0
182038,0
182043,0
182057,0
182058,0
182082,0
182085,0
182088,0
182097,0
182104,0
182120,0
182123,0
182127,0
182128,0
182134,0
182137,0
182162,0
182168,0
182170,0
182171,0
182173,0
182178,0
182192,0
182199,0
182203,0
182206,0
182214,0
182215,0
182220,0
182230,0
182233,0
182234,0
182239,0
182241,0
182253,0
182267,0
182282,0
182283,0
182289,0
182316,1
182319,1
182325,0
182329,0
182332,0
182350,0
182356,0
182359,0
182365,0
182367,0
182370,0
182373,0
182400,1
182414,0
182418,0
182433,0
182434,0
182439,0
182445,0
182451,0
182472,0
182473,0
182487,0
182490,0
182505,0
182511,0
182519,0
182523,0
182530,0
182538,0
182540,0
182542,0
182543,0
182544,0
182556,0
182561,1
182576,0
182581,0
182593,0
182605,0
182606,0
182607,0
182614,0
182617,0
182626,0
182640,0
182642,0
182651,0
182659,0
182679,0
182684,0
182685,0
182688,0
182691,0
182696,0
182716,0
182721,1
182728,0
182740,0
182750,0
182754,0
182762,0
182764,0
182768,0
182781,0
182785,0
182786,0
182787,0
182789,0
182792,0
182804,1
182808,0
182814,0
182815,0
182821,0
182822,0
182823,0
182827,1
182829,0
182832,0
182834,0
182839,0
182848,0
182850,0
182852,0
182859,0
182861,0
182891,1
182892,0
182903,0
182906,0
182908,0
182913,0
182923,0
182925,0
182929,0
182930,0
182936,0
182937,0
182938,0
182946,0
182948,0
182968,0
182983,0
182991,0
182996,0
182998,0
183004,1
183006,0
183010,0
183039,1
183043,0
183055,0
183066,0
183067,0
183068,0
183073,0
183074,0
183096,1
183107,0
183113,0
183116,0
183132,0
183148,0
183150,0
183152,1
183155,0
183158,1
183168,0
183174,0
183183,1
183186,0
183200,0
183206,0
183212,0
183224,1
183228,0
183234,0
183255,0
183259,1
183261,0
183276,1
183284,0
183285,0
183287,0
183297,0
183311,0
183312,0
183313,0
183319,0
183321,0
183323,0
183324,1
183325,0
183327,1
183348,0
183380,0
183383,0
183388,0
183391,0
183394,0
183395,0
183398,0
183404,0
183405,0
183406,0
183411,0
183414,0
183416,0
183420,0
183432,0
183449,0
183466,0
183485,0
183487,0
183501,0
183502,0
183509,0
183516,0
183523,0
183524,0
183544,0
183558,0
183565,0
183568,0
183577,0
183579,0
183604,1
183605,0
183608,0
183609,0
183613,0
183615,0
183619,0
183624,1
183634,0
183638,0
183643,0
183661,0
183668,0
183676,0
183678,0
183692,0
183698,0
183699,0
183712,0
183720,0
183724,0
183733,0
183737,0
183738,0
183740,0
183753,0
183759,1
183762,0
183763,0
183765,0
183767,0
183770,1
183774,0
183779,0
183780,0
183781,0
183782,0
183797,0
183798,0
183800,0
183811,0
183812,0
183820,0
183838,0
183851,0
183853,0
183865,0
183872,0
183888,0
183891,0
183895,0
183912,0
183920,0
183922,0
183933,0
183946,0
183961,1
183981,0
183987,0
183995,0
183998,0
184000,0
184027,0
184034,0
184035,0
184043,0
184052,1
184054,0
184055,0
184063,0
184090,0
184096,0
184111,1
184116,0
184119,0
184127,0
184132,0
184146,0
184159,0
184162,0
184170,0
184174,0
184179,0
184185,0
184186,0
184188,1
184189,0
184192,1
184204,0
184213,1
184218,0
184227,0
184229,0
184236,0
184240,0
184241,0
184245,0
184247,0
184251,0
184252,0
184261,0
184270,0
184272,0
184273,0
184279,0
184281,0
184286,0
184288,0
184324,0
184328,0
184366,0
184378,0
184382,0
184392,1
184393,0
184394,0
184396,0
184398,0
184400,0
184406,0
184407,0
184408,0
184414,0
184423,0
184429,0
184430,0
184458,0
184459,0
184461,0
184466,1
184474,0
184481,0
184482,0
184483,1
184490,0
184494,0
184517,0
184522,0
184528,0
184537,0
184546,0
184552,0
184556,1
184558,0
184575,0
184578,0
184588,0
184593,1
184598,0
184610,0
184620,0
184649,0
184661,0
184673,0
184677,0
184697,0
184704,0
184705,0
184707,0
184722,0
184726,0
184729,0
184743,0
184760,0
184763,0
184764,0
184768,0
184774,0
184810,0
184811,0
184815,0
184816,0
184822,0
184826,0
184838,0
184840,0
184844,0
184849,0
184850,0
184877,0
184878,0
184881,0
184898,0
184901,0
184910,0
184911,0
184924,0
184928,0
184929,0
184931,0
184934,0
184935,0
184948,0
184951,0
184960,0
184961,0
184967,0
184970,0
184979,1
184995,0
184999,0
185006,0
185007,0
185008,1
185016,0
185020,1
185027,0
185035,0
185051,0
185054,0
185069,0
185085,0
185105,0
185117,0
185118,0
185134,0
185150,0
185151,0
185152,0
185156,0
185174,0
185175,0
185200,0
185201,0
185202,0
185213,0
185215,0
185218,0
185226,1
185233,0
185242,0
185250,0
185264,0
185268,0
185302,0
185303,0
185310,0
185325,0
185326,0
185334,0
185346,0
185351,0
185372,0
185373,0
185378,0
185390,0
185395,0
185399,0
185401,0
185407,0
185409,0
185417,0
185426,0
185436,0
185439,0
185443,0
185453,0
185455,0
185458,0
185460,0
185471,0
185474,0
185479,0
185480,0
185506,0
185526,0
185535,1
185539,0
185544,0
185549,0
185562,0
185568,0
185574,0
185580,0
185598,0
185612,0
185620,0
185625,1
185626,0
185643,0
185652,0
185654,0
185658,0
185666,0
185673,0
185683,0
185692,0
185694,0
185696,0
185707,0
185713,0
185715,0
185722,0
185723,0
185775,0
185784,0
185794,0
185801,0
185808,0
185832,0
185841,0
185845,0
185851,0
185858,1
185860,1
185871,0
185877,0
185898,0
185899,0
185901,0
185906,0
185908,0
185911,0
185912,0
185915,0
185924,0
185926,0
185929,0
185933,0
185943,0
185944,0
185950,0
185955,0
185961,0
185964,0
185966,0
185975,0
185976,0
185989,0
185990,0
185999,0
186002,0
186008,0
186013,0
186018,0
186023,0
186028,0
186042,0
186045,1
186048,0
186051,1
186055,0
186056,0
186057,0
186063,0
186086,0
186088,0
186097,0
186103,0
186123,0
186124,0
186132,0
186134,1
186137,0
186140,0
186142,0
186152,1
186154,0
186155,0
186163,0
186171,0
186173,0
186191,0
186200,1
186203,0
186208,0
186211,0
186221,0
186224,0
186232,0
186241,0
186252,0
186275,0
186280,0
186286,0
186287,0
186292,0
186295,0
186300,0
186301,0
186303,0
186304,0
186307,0
186329,0
186330,1
186332,0
186339,0
186345,0
186347,0
186354,0
186359,0
186361,0
186367,0
186383,0
186388,0
186392,0
186395,0
186413,1
186422,0
186424,0
186432,0
186439,0
186446,0
186464,0
186476,0
186482,0
186483,0
186484,0
186495,0
186497,0
186509,1
186530,0
186532,0
186537,0
186541,0
186544,0
186545,0
186547,0
186559,0
186567,0
186569,0
186571,0
186579,0
186585,0
186586,0
186591,0
186598,0
186603,0
186631,1
186637,0
186647,0
186648,0
186653,0
186654,0
186663,0
186670,0
186677,0
186686,0
186689,0
186702,0
186705,0
186708,0
186711,0
186724,0
186727,0
186754,0
186778,0
186780,0
186782,0
186783,0
186795,1
186799,0
186807,0
186818,0
186824,0
186827,0
186834,0
186835,0
186838,0
186851,0
186872,0
186896,0
186902,0
186903,0
186914,0
186918,0
186926,0
186941,1
186955,0
186959,0
186965,0
186968,0
186978,0
186982,0
186985,0
186990,0
187006,0
187013,0
187032,0
187061,0
187068,0
187079,0
187080,0
187084,1
187092,0
187096,0
187099,0
187107,0
187108,0
187113,0
187123,0
187131,0
187137,0
187145,0
187147,1
187150,0
187170,0
187174,0
187195,0
187201,0
187209,0
187213,0
187215,0
187227,0
187229,0
187248,0
187257,0
187269,0
187283,0
187285,0
187293,0
187298,1
187305,0
187308,0
187322,0
187327,0
187336,1
187355,0
187373,0
187382,0
187386,0
187389,0
187420,0
187431,0
187434,0
187438,0
187446,0
187449,1
187455,0
187457,0
187461,0
187466,0
187471,0
187476,0
187492,0
187500,0
187502,0
187503,0
187505,0
187510,0
187532,0
187540,0
187549,0
187551,0
187555,0
187561,0
187566,0
187569,0
187571,0
187575,0
187579,0
187582,1
187596,0
187602,0
187610,1
187615,0
187621,1
187635,0
187640,0
187644,0
187647,0
187648,0
187650,0
187655,0
187660,0
187664,0
187665,0
187673,0
187687,1
187710,0
187712,0
187714,0
187723,0
187745,0
187746,0
187751,0
187769,0
187773,0
187783,0
187793,0
187795,0
187796,0
187804,0
187811,0
187821,0
187822,1
187824,0
187840,0
187848,0
187855,0
187858,0
187869,0
187882,0
187885,0
187886,0
187892,0
187906,0
187908,0
187909,0
187911,0
187922,0
187925,0
187932,0
187933,1
187935,0
187954,0
187955,0
187956,0
187966,0
187968,0
187980,0
187999,0
188009,0
188047,0
188049,0
188050,0
188059,0
188062,0
188064,0
188067,0
188085,0
188090,0
188091,0
188098,0
188102,0
188112,0
188114,0
188134,0
188152,0
188155,1
188167,0
188168,0
188177,0
188181,0
188185,0
188207,0
188208,0
188217,0
188226,0
188229,1
188235,0
188237,1
188241,0
188243,0
188253,0
188258,0
188264,0
188274,0
188275,0
188280,0
188290,0
188300,1
188301,0
188302,0
188311,0
188315,1
188332,1
188339,0
188346,0
188351,0
188357,0
188360,0
188367,0
188369,0
188387,0
188393,0
188409,0
188411,0
188416,0
188435,0
188437,0
188446,0
188456,1
188459,1
188462,1
188465,1
188474,1
188476,0
188478,0
188482,0
188495,0
188505,0
188508,0
188522,0
188526,0
188529,0
188539,0
188543,0
188548,0
188549,0
188556,0
188559,0
188571,0
188611,0
188629,0
188630,0
188636,1
188638,0
188640,0
188671,0
188681,0
188687,0
188688,0
188689,0
188704,0
188708,0
188716,1
188728,0
188730,0
188741,0
188749,0
188755,0
188757,0
188771,0
188795,0
188817,0
188824,0
188829,0
188836,0
188837,0
188840,0
188861,0
188863,0
188872,0
188874,0
188879,0
188886,0
188892,1
188902,0
188909,0
188922,1
188933,0
188951,0
188957,0
188958,0
188967,0
188973,0
188987,0
188996,0
189000,0
189001,1
189004,0
189027,0
189030,1
189044,0
189050,0
189058,0
189069,1
189076,0
189079,0
189081,0
189091,0
189115,0
189119,1
189132,0
189143,0
189146,0
189162,0
189165,0
189168,0
189173,1
189181,0
189192,0
189194,0
189220,0
189222,0
189223,0
189226,0
189228,0
189229,0
189244,0
189247,0
189248,0
189258,0
189267,0
189270,0
189271,0
189273,0
189274,0
189281,0
189288,1
189293,0
189301,0
189303,0
189318,0
189323,0
189325,0
189326,0
189329,1
189331,0
189332,0
189345,0
189352,0
189376,0
189386,0
189401,1
189407,0
189417,0
189420,0
189424,0
189425,1
189426,0
189427,1
189432,0
189455,0
189457,0
189465,0
189467,0
189469,0
189471,0
189478,0
189480,0
189487,1
189510,1
189516,0
189532,0
189544,0
189548,0
189554,0
189558,0
189574,0
189577,0
189578,0
189579,0
189584,0
189599,0
189600,0
189601,0
189602,1
189608,0
189609,0
189610,0
189622,0
189644,0
189664,0
189668,0
189674,0
189675,0
189695,0
189701,0
189717,0
189722,1
189724,0
189728,0
189733,0
189734,0
189739,0
189743,0
189758,0
189763,0
189764,0
189776,0
189785,1
189809,0
189820,0
189821,0
189829,0
189830,1
189833,0
189844,0
189854,0
189859,0
189868,0
189879,0
189880,0
189896,0
189913,0
189916,0
189921,0
189953,0
189957,0
189970,0
189995,0
189998,0
190001,0
190012,0
190017,0
190020,0
190030,0
190043,0
190060,0
190077,0
190082,0
190083,0
190086,0
190095,0
190103,0
190120,0
190127,0
190135,0
190141,0
190143,0
190147,0
190150,0
190165,0
190181,0
190189,0
190211,0
190212,0
190218,0
190223,0
190228,0
190231,0
190238,0
190239,0
190252,0
190256,1
190264,0
190266,0
190271,0
190278,0
190305,0
190310,0
190315,0
190320,0
190327,0
190334,0
190338,0
190343,0
190344,0
190359,0
190367,0
190374,0
190379,0
190381,0
190386,0
190389,0
190390,0
190400,1
190401,0
190419,0
190438,0
190441,0
190444,0
190446,0
190457,0
190467,0
190468,0
190476,0
190477,0
190483,0
190491,1
190492,0
190496,0
190497,0
190509,0
190524,0
190527,0
190541,0
190549,0
190550,0
190579,0
190582,0
190583,0
190592,0
190594,0
190613,0
190616,0
190620,0
190628,0
190645,0
190652,0
190656,0
190667,0
190670,0
190685,0
190689,0
190706,0
190707,0
190740,1
190754,0
190757,0
190759,1
190765,0
190775,0
190780,0
190792,0
190797,0
190798,0
190799,0
190806,0
190816,0
190819,0
190824,0
190864,0
190870,0
190874,0
190879,0
190885,0
190890,0
190905,0
190912,0
190915,0
190925,0
190933,0
190947,0
190949,0
190964,0
190977,0
190984,0
191011,0
191018,0
191034,0
191046,0
191048,0
191051,0
191052,0
191063,0
191064,0
191072,0
191085,0
191091,1
191098,0
191105,1
191107,0
191124,0
191128,0
191134,0
191136,1
191152,0
191154,0
191157,0
191160,1
191164,0
191195,0
191202,1
191212,0
191220,0
191221,0
191230,1
191234,1
191244,0
191273,0
191274,1
191277,0
191284,0
191288,1
191297,0
191300,0
191302,0
191311,1
191313,1
191314,0
191323,1
191328,0
191333,0
191335,1
191339,1
191343,0
191373,0
191377,0
191378,0
191382,0
191387,0
191389,0
191391,0
191396,0
191397,0
191414,0
191436,0
191444,0
191458,0
191462,0
191468,0
191481,0
191484,0
191487,1
191488,0
191491,0
191501,0
191503,0
191505,0
191507,0
191513,0
191514,0
191538,0
191552,0
191559,0
191560,0
191566,0
191573,0
191576,0
191578,1
191586,0
191598,0
191603,0
191614,1
191623,1
191638,0
191646,0
191660,0
191664,0
191670,0
191682,0
191685,0
191692,0
191704,0
191713,1
191716,0
191736,0
191754,0
191762,0
191764,0
191768,0
191769,0
191775,0
191777,0
191779,0
191790,0
191811,1
191813,0
191814,0
191835,1
191846,0
191848,0
191863,0
191871,0
191874,0
191887,0
191893,0
191894,0
191896,0
191897,0
191900,0
191901,0
191902,0
191921,0
191941,0
191949,0
191955,0
191961,0
191968,0
191969,0
191972,0
191975,0
191979,0
191983,0
191991,0
191997,0
191998,0
192003,0
192013,1
192021,0
192026,0
192034,0
192042,0
192049,0
192051,0
192062,0
192067,0
192070,0
192072,0
192079,0
192081,0
192087,0
192104,0
192112,0
192120,0
192123,0
192124,0
192126,0
192131,0
192132,0
192133,0
192145,0
192146,0
192148,0
192152,0
192156,0
192166,0
192167,0
192168,0
192173,0
192174,0
192180,0
192189,0
192205,0
192210,0
192225,0
192226,0
192230,1
192236,0
192237,0
192240,0
192243,0
192244,0
192253,0
192254,0
192271,0
192280,0
192287,0
192292,1
192293,0
192300,0
192307,0
192314,1
192317,0
192320,0
192327,0
192338,0
192341,0
192356,0
192373,0
192381,0
192387,0
192388,0
192397,0
192398,0
192410,0
192412,0
192413,0
192419,0
192422,0
192428,0
192442,0
192445,0
192450,0
192465,0
192480,0
192503,0
192506,0
192510,0
192511,0
192522,0
192529,0
192538,0
192540,0
192542,0
192553,0
192554,0
192556,0
192559,0
192561,0
192574,0
192576,0
192579,0
192580,0
192581,0
192591,0
192592,0
192593,0
192595,0
192601,1
192610,0
192616,0
192627,0
192642,0
192649,0
192656,0
192669,0
192684,0
192685,0
192687,0
192701,0
192704,0
192730,0
192736,0
192744,0
192745,0
192750,0
192756,1
192757,0
192759,0
192766,0
192767,0
192774,0
192778,0
192788,0
192790,0
192798,0
192805,0
192814,0
192818,0
192830,0
192839,1
192843,0
192846,0
192847,0
192850,1
192858,0
192864,0
192867,0
192878,0
192879,1
192881,0
192882,0
192888,0
192894,0
192900,0
192902,0
192909,0
192917,0
192925,0
192927,0
192930,0
192945,0
192970,0
192972,0
192980,0
192987,1
192993,0
193003,0
193026,0
193042,0
193047,0
193048,0
193051,0
193073,0
193079,0
193084,0
193096,0
193114,1
193131,0
193132,0
193139,0
193141,0
193158,0
193159,1
193177,0
193181,0
193190,0
193201,1
193202,0
193215,0
193223,0
193236,0
193271,0
193272,0
193278,0
193283,1
193285,0
193293,0
193296,0
193297,1
193300,0
193324,0
193325,0
193327,0
193328,0
193331,0
193335,0
193336,0
193338,0
193339,0
193342,0
193344,0
193347,0
193354,0
193359,0
193374,0
193379,0
193381,0
193386,0
193399,0
193444,0
193448,0
193457,0
193471,0
193472,1
193478,0
193480,0
193482,0
193487,0
193497,0
193509,1
193527,0
193529,0
193534,0
193535,0
193537,0
193540,0
193557,0
193567,0
193571,1
193574,0
193575,0
193578,0
193586,0
193592,0
193595,0
193599,0
193600,0
193602,0
193618,0
193620,1
193637,0
193638,0
193639,0
193646,0
193654,0
193681,0
193690,0
193696,0
193703,0
193704,0
193705,0
193732,0
193735,0
193737,0
193741,0
193744,0
193755,1
193757,0
193766,0
193771,0
193801,0
193809,0
193810,0
193814,0
193833,0
193835,0
193840,1
193843,0
193846,0
193848,0
193849,0
193850,0
193854,0
193861,0
193868,0
193871,0
193876,0
193884,0
193902,0
193903,0
193909,0
193911,0
193918,0
193923,0
193940,0
193946,0
193951,1
193996,0
194018,0
194023,0
194025,0
194027,0
194044,0
194055,1
194060,0
194062,1
194066,0
194078,0
194087,0
194102,0
194103,0
194113,0
194114,0
194115,0
194116,0
194130,0
194133,0
194141,0
194163,0
194169,1
194172,1
194180,0
194181,1
194182,0
194203,0
194212,0
194214,0
194219,0
194221,0
194222,0
194228,0
194232,0
194239,0
194248,0
194254,0
194269,1
194272,0
194278,0
194283,0
194284,0
194285,0
194292,0
194295,0
194297,0
194302,0
194311,1
194329,0
194331,0
194341,0
194345,0
194358,0
194360,0
194369,0
194380,0
194387,1
194391,0
194397,1
194405,0
194407,1
194418,0
194422,0
194432,0
194446,0
194467,0
194473,0
194474,0
194483,0
194489,1
194494,0
194497,0
194499,0
194500,1
194502,0
194506,0
194520,0
194541,0
194542,0
194545,0
194550,0
194560,0
194566,0
194578,0
194582,0
194613,0
194619,0
194628,0
194632,0
194634,0
194635,0
194639,0
194647,0
194667,0
194668,0
194676,1
194690,0
194695,0
194701,0
194702,0
194720,0
194730,0
194733,0
194742,0
194756,0
194758,0
194760,0
194763,0
194773,0
194779,0
194782,0
194787,0
194792,0
194803,0
194804,0
194815,0
194830,0
194833,0
194837,0
194839,1
194849,0
194851,0
194858,0
194861,0
194865,0
194891,0
194898,0
194903,0
194904,0
194924,0
194927,0
194936,0
194945,0
194952,0
194993,0
195001,0
195003,0
195008,0
195012,0
195016,1
195018,0
195023,0
195029,0
195042,0
195047,1
195049,0
195066,0
195067,0
195071,0
195073,0
195083,0
195085,0
195092,0
195097,0
195113,0
195114,0
195120,0
195124,0
195137,0
195144,0
195145,0
195146,0
195154,0
195155,0
195161,0
195166,0
195169,0
195178,0
195179,0
195180,0
195183,0
195189,0
195190,0
195191,0
195196,0
195197,0
195219,0
195223,0
195231,0
195241,0
195244,0
195251,0
195254,0
195266,0
195269,0
195270,0
195285,0
195288,0
195299,0
195301,0
195312,1
195314,0
195316,0
195317,0
195318,1
195327,0
195335,0
195337,0
195344,0
195352,0
195354,0
195355,0
195363,0
195380,0
195394,0
195397,0
195401,0
195406,0
195409,1
195410,0
195418,0
195421,0
195422,0
195427,1
195434,0
195449,0
195458,0
195470,0
195478,0
195482,0
195483,1
195500,0
195513,0
195524,0
195538,0
195542,0
195564,0
195568,0
195585,0
195602,0
195603,0
195608,0
195610,0
195660,0
195664,0
195668,1
195673,0
195678,0
195686,0
195687,0
195712,0
195717,0
195722,0
195738,0
195745,0
195749,0
195753,0
195759,0
195760,0
195774,0
195791,0
195804,0
195820,0
195837,0
195839,0
195849,1
195850,0
195866,0
195873,0
195878,0
195883,0
195885,0
195886,0
195906,0
195915,0
195930,0
195932,0
195935,0
195939,0
195942,0
195947,0
195953,0
195962,0
195964,0
196000,1
196014,0
196031,0
196032,0
196035,0
196038,0
196043,0
196048,0
196052,0
196063,0
196070,0
196078,0
196081,0
196087,0
196100,0
196101,0
196103,0
196135,0
196154,0
196165,0
196174,0
196176,0
196178,0
196182,0
196185,0
196186,0
196193,0
196199,0
196208,0
196219,0
196223,0
196226,0
196231,1
196233,0
196235,0
196247,0
196249,0
196257,0
196262,0
196267,0
196268,0
196269,0
196270,0
196275,0
196278,0
196279,0
196283,0
196285,0
196291,0
196293,0
196298,0
196300,0
196304,0
196309,0
196319,0
196323,0
196324,1
196382,0
196392,0
196398,0
196402,0
196415,0
196417,0
196419,0
196426,0
196428,0
196431,0
196434,0
196441,0
196448,0
196464,0
196465,0
196473,0
196494,0
196497,0
196513,0
196516,0
196519,1
196522,0
196529,0
196531,0
196533,0
196552,0
196561,0
196570,0
196574,0
196577,0
196596,1
196599,1
196602,0
196608,1
196610,0
196614,0
196628,0
196639,0
196645,0
196652,0
196665,0
196666,0
196670,0
196675,0
196684,0
196698,0
196704,0
196706,1
196732,1
196744,0
196755,0
196765,0
196767,0
196770,0
196774,0
196776,1
196779,0
196785,0
196792,0
196793,0
196795,0
196798,0
196807,0
196816,0
196817,0
196827,0
196829,0
196832,0
196833,0
196844,0
196854,0
196858,0
196866,0
196869,0
196874,0
196875,0
196876,0
196894,0
196905,0
196918,0
196921,1
196927,0
196939,0
196944,0
196948,0
196950,0
196964,0
196968,0
196969,0
196978,0
196979,0
196983,1
196995,0
197001,0
197002,0
197004,0
197019,0
197022,0
197027,0
197031,0
197042,0
197047,1
197050,0
197052,0
197054,0
197055,0
197068,0
197069,0
197077,0
197084,0
197086,0
197090,0
197097,0
197110,0
197116,0
197130,0
197141,0
197143,0
197147,0
197148,0
197151,1
197161,0
197162,0
197171,0
197181,0
197189,0
197194,0
197195,1
197214,0
197218,0
197220,0
197222,0
197233,0
197236,0
197248,0
197251,0
197268,0
197270,0
197274,0
197281,0
197292,0
197293,0
197298,0
197300,0
197304,0
197307,0
197338,0
197343,0
197358,0
197360,0
197374,0
197383,0
197385,0
197387,1
197397,0
197403,0
197404,0
197409,0
197426,0
197459,0
197465,0
197476,0
197481,0
197485,0
197500,1
197514,0
197515,0
197539,0
197549,0
197561,0
197565,0
197571,0
197573,0
197599,0
197600,0
197609,0
197610,1
197616,0
197619,0
197627,0
197649,1
197654,0
197669,0
197672,0
197675,0
197676,0
197686,0
197687,0
197694,0
197701,0
197720,0
197723,0
197724,0
197731,0
197741,0
197753,0
197756,0
197790,0
197791,0
197794,0
197800,0
197818,0
197832,0
197840,0
197845,0
197849,0
197859,0
197868,0
197878,0
197880,0
197885,0
197890,0
197895,0
197896,0
197905,0
197936,0
197947,0
197950,0
197955,0
197960,0
197962,0
197963,0
197982,0
197983,0
197991,0
197992,0
197997,0
198006,1
198042,0
198049,0
198060,0
198070,0
198079,0
198080,0
198091,0
198097,0
198106,0
198151,0
198153,0
198162,1
198163,0
198169,0
198172,0
198174,0
198177,0
198182,0
198207,0
198208,0
198223,1
198233,0
198235,0
198263,0
198266,0
198276,0
198281,0
198286,0
198291,0
198293,0
198296,0
198297,0
198299,0
198305,0
198310,1
198317,0
198324,0
198327,0
198328,0
198337,0
198348,0
198367,0
198373,0
198374,1
198382,0
198397,0
198405,0
198407,0
198418,1
198419,0
198430,1
198434,0
198446,0
198448,1
198449,0
198465,0
198480,0
198491,0
198493,1
198500,0
198507,0
198512,0
198525,0
198531,1
198532,0
198538,1
198556,0
198573,0
198577,0
198599,0
198604,0
198605,0
198612,0
198613,0
198615,0
198618,0
198620,0
198629,0
198637,0
198641,0
198659,1
198662,0
198663,0
198667,1
198675,1
198679,0
198684,0
198695,0
198696,0
198697,0
198698,0
198716,0
198747,0
198757,0
198766,0
198780,0
198788,0
198809,0
198811,0
198815,0
198817,0
198836,0
198845,0
198846,0
198848,0
198851,0
198863,0
198873,1
198886,0
198892,0
198906,1
198919,0
198924,0
198950,0
198964,0
198976,0
198980,0
198981,0
198986,0
198990,0
199017,0
199028,0
199035,0
199038,1
199044,0
199047,0
199051,0
199056,0
199059,0
199063,1
199066,0
199074,0
199082,1
199084,0
199100,0
199105,0
199118,0
199123,0
199127,0
199129,0
199135,0
199157,0
199168,0
199171,0
199178,0
199181,0
199190,0
199193,0
199195,0
199214,0
199216,0
199244,0
199248,0
199250,0
199256,0
199260,0
199261,0
199270,0
199272,0
199273,0
199284,0
199285,0
199289,0
199291,1
199299,0
199317,0
199322,0
199328,0
199335,0
199338,0
199339,1
199348,0
199366,0
199382,0
199386,1
199393,0
199398,1
199402,0
199403,0
199411,0
199412,0
199413,0
199414,0
199453,0
199485,0
199486,0
199488,0
199490,0
199506,0
199514,0
199515,0
199518,0
199523,0
199524,0
199526,0
199528,0
199539,0
199543,0
199545,0
199552,0
199555,0
199556,0
199557,0
199583,0
199584,0
199596,0
199600,0
199619,0
199620,0
199639,0
199651,0
199653,0
199658,0
199664,0
199666,0
199667,0
199668,0
199672,1
199677,0
199678,0
199681,0
199699,0
199707,0
199709,1
199711,0
199716,0
199728,0
199742,0
199745,0
199748,0
199752,1
199760,0
199772,0
199777,0
199796,0
199800,1
199836,0
199843,0
199854,0
199855,0
199872,0
199875,0
199880,1
199881,0
199892,0
199896,1
199897,1
199914,0
199916,0
199968,0
199970,0
199976,0
199985,0
200000,0
200004,0
200005,0
200006,0
200010,0
200017,0
200022,0
200029,0
200036,0
200040,0
200046,0
200049,0
200051,0
200052,0
200055,0
200063,0
200079,0
200083,0
200096,0
200098,0
200100,0
200103,0
200110,0
200113,0
200115,1
200130,0
200136,0
200144,0
200153,0
200155,0
200164,0
200188,0
200196,0
200203,0
200204,0
200213,0
200219,0
200232,0
200243,0
200259,1
200261,0
200265,0
200266,0
200281,0
200285,0
200287,0
200300,0
200310,0
200313,0
200318,1
200319,0
200323,0
200325,0
200336,0
200343,0
200345,0
200353,0
200355,0
200360,0
200369,1
200375,0
200376,0
200384,0
200392,0
200393,0
200397,1
200416,0
200419,0
200420,0
200424,0
200427,0
200429,0
200449,0
200454,0
200455,0
200459,0
200462,0
200468,0
200478,0
200514,0
200515,0
200522,0
200539,0
200543,0
200551,0
200559,0
200563,0
200566,0
200579,0
200583,1
200610,1
200613,0
200618,0
200622,1
200635,0
200656,0
200660,0
200672,0
200678,0
200683,0
200684,0
200701,0
200702,1
200709,1
200718,0
200721,0
200728,0
200732,0
200734,0
200741,1
200758,0
200777,0
200784,0
200805,0
200814,0
200815,0
200821,0
200822,1
200837,0
200842,0
200849,0
200855,0
200861,0
200865,0
200874,0
200877,0
200880,0
200896,0
200901,0
200910,1
200914,0
200923,0
200924,0
200929,1
200933,0
200945,0
200948,0
201004,0
201011,0
201019,0
201020,0
201027,0
201034,0
201036,0
201037,0
201044,0
201045,0
201067,0
201070,0
201078,1
201087,0
201105,0
201125,0
201129,0
201137,0
201145,0
201150,0
201151,0
201158,0
201168,0
201171,0
201189,0
201190,1
201193,0
201200,0
201202,0
201205,0
201207,0
201216,0
201223,0
201225,0
201228,0
201235,0
201238,0
201259,0
201260,1
201264,1
201282,0
201284,0
201286,0
201291,0
201300,0
201319,0
201323,0
201334,0
201340,0
201341,0
201369,0
201376,0
201383,0
201384,0
201392,0
201394,0
201403,0
201414,0
201423,0
201425,0
201429,0
201434,0
201454,0
201458,0
201459,0
201462,0
201467,0
201478,0
201484,0
201493,0
201505,0
201508,0
201514,0
201523,1
201536,0
201537,0
201540,0
201541,0
201547,0
201555,0
201566,1
201569,0
201571,0
201574,0
201578,0
201599,1
201607,0
201608,0
201611,0
201615,0
201618,0
201623,0
201624,0
201661,0
201673,0
201678,0
201683,0
201701,0
201713,0
201714,0
201717,0
201726,0
201731,0
201734,0
201742,0
201745,1
201749,0
201756,0
201762,0
201765,0
201768,0
201775,0
201789,0
201795,0
201801,0
201807,0
201812,0
201821,0
201859,1
201893,0
201897,0
201901,0
201902,0
201912,0
201915,0
201918,0
201919,0
201925,0
201930,0
201936,0
201951,0
201953,0
201957,0
201979,0
201989,0
202007,0
202016,0
202017,1
202018,0
202042,0
202043,0
202049,0
202061,0
202064,0
202072,0
202084,0
202100,0
202105,0
202125,0
202132,0
202137,0
202140,1
202146,0
202151,0
202155,0
202181,0
202186,0
202187,0
202203,0
202218,0
202224,0
202233,0
202249,0
202250,0
202251,0
202258,0
202264,1
202265,0
202267,0
202275,0
202285,0
202304,0
202305,0
202310,0
202322,1
202325,0
202337,0
202341,0
202345,0
202362,0
202363,0
202364,0
202383,0
202384,0
202385,0
202386,0
202388,1
202394,0
202432,0
202449,0
202451,0
202453,0
202456,0
202460,0
202464,0
202474,0
202479,0
202482,0
202487,0
202489,0
202495,0
202504,0
202512,0
202518,0
202528,0
202530,0
202535,1
202538,0
202555,0
202556,0
202564,0
202571,0
202572,0
202581,1
202582,0
202590,1
202595,0
202597,0
202598,0
202601,0
202603,0
202609,0
202612,0
202615,0
202630,0
202633,0
202640,0
202644,0
202652,0
202663,0
202667,0
202673,0
202675,1
202680,0
202684,0
202705,0
202712,0
202727,0
202744,0
202748,0
202749,0
202750,0
202766,0
202780,1
202786,0
202787,0
202791,0
202794,0
202795,0
202802,0
202803,0
202806,0
202822,0
202835,0
202840,0
202843,0
202852,0
202870,0
202873,1
202874,0
202881,0
202882,0
202883,0
202911,0
202917,0
202921,0
202932,1
202937,1
202940,0
202941,0
202942,0
202943,0
202944,0
202953,0
202961,0
202965,0
202970,1
202977,0
202984,0
202988,0
202990,0
203000,0
203002,0
203005,1
203007,1
203011,0
203019,0
203023,0
203029,0
203034,0
203043,0
203046,0
203048,0
203058,0
203066,0
203067,1
203072,0
203076,0
203080,0
203087,0
203092,0
203099,0
203100,0
203119,0
203130,0
203134,0
203147,0
203164,0
203178,0
203188,0
203192,0
203196,0
203208,0
203211,0
203215,0
203216,0
203223,0
203237,0
203247,0
203254,0
203255,0
203257,0
203258,0
203263,0
203268,0
203271,0
203278,0
203281,0
203282,0
203292,0
203297,0
203299,0
203304,0
203307,0
203309,0
203311,0
203336,0
203342,0
203357,0
203372,0
203374,0
203390,0
203408,1
203420,0
203434,0
203443,0
203447,0
203465,1
203467,0
203494,0
203495,0
203510,1
203525,0
203533,0
203534,0
203542,0
203553,0
203555,0
203566,0
203573,0
203583,0
203585,0
203586,0
203603,0
203609,0
203611,0
203615,0
203630,0
203637,0
203644,0
203653,0
203657,1
203660,0
203661,0
203676,0
203680,0
203689,0
203694,0
203701,0
203703,0
203711,0
203712,0
203718,0
203739,1
203743,0
203752,0
203754,0
203756,0
203770,0
203787,0
203790,0
203815,0
203833,0
203834,0
203837,0
203840,0
203861,0
203879,0
203885,0
203888,0
203899,0
203901,0
203912,0
203923,0
203929,0
203934,0
203935,0
203939,0
203942,0
203948,0
203958,0
203963,0
203984,0
203987,0
203991,0
203993,0
203994,0
203999,0
204004,0
204012,0
204029,0
204038,0
204042,0
204069,0
204082,0
204084,0
204103,0
204107,1
204114,0
204115,0
204123,0
204125,0
204132,0
204155,0
204160,0
204161,0
204163,0
204167,0
204168,0
204171,0
204173,0
204176,0
204177,0
204182,0
204211,0
204217,0
204225,0
204241,0
204264,0
204271,0
204273,1
204283,0
204285,0
204289,0
204294,0
204298,0
204303,0
204309,0
204327,0
204328,0
204337,1
204351,1
204352,0
204360,0
204362,0
204363,0
204366,0
204400,0
204407,0
204412,0
204424,0
204436,0
204438,0
204456,0
204458,0
204472,0
204474,0
204475,0
204485,0
204491,0
204495,0
204509,0
204512,0
204534,0
204543,0
204558,0
204567,0
204586,0
204593,0
204595,0
204627,0
204635,1
204654,0
204658,0
204661,1
204669,0
204671,0
204672,0
204695,0
204705,0
204720,0
204727,0
204746,0
204763,1
204772,0
204777,0
204780,1
204786,0
204790,0
204797,0
204813,1
204815,0
204851,0
204867,0
204872,0
204873,0
204881,0
204892,0
204894,0
204898,0
204903,0
204906,0
204921,0
204933,1
204935,0
204937,0
204938,0
204943,0
204944,0
204947,1
204949,0
204950,0
204958,0
204964,0
204979,1
204981,0
204983,0
204986,0
204987,0
204996,0
205005,1
205006,1
205016,0
205028,0
205033,1
205042,0
205046,0
205049,0
205059,0
205076,0
205087,0
205097,0
205102,0
205129,0
205137,0
205143,0
205145,1
205147,0
205150,0
205162,0
205182,0
205186,0
205187,0
205196,0
205224,0
205230,0
205239,0
205248,1
205266,0
205276,0
205279,0
205290,0
205292,1
205294,0
205295,0
205298,0
205320,0
205325,0
205327,0
205330,0
205335,0
205343,0
205345,0
205347,0
205349,0
205351,0
205354,0
205370,0
205373,0
205385,1
205390,0
205397,0
205405,0
205410,0
205417,0
205420,0
205421,0
205424,0
205444,0
205454,0
205455,0
205468,0
205473,0
205477,0
205505,0
205518,0
205521,0
205527,1
205528,0
205529,0
205534,0
205535,0
205556,0
205568,0
205578,0
205584,0
205589,0
205592,0
205614,0
205620,0
205622,0
205648,0
205650,0
205652,0
205657,0
205658,0
205659,0
205670,0
205674,0
205676,0
205692,0
205700,0
205701,0
205706,0
205710,0
205714,0
205718,0
205722,0
205725,0
205733,0
205759,1
205763,0
205764,0
205765,0
205768,0
205774,1
205779,0
205791,0
205813,0
205814,0
205826,0
205844,0
205858,1
205865,0
205870,0
205897,0
205915,0
205916,0
205919,0
205920,0
205922,0
205924,0
205925,0
205935,0
205942,1
205944,0
205945,1
205958,1
205971,0
205973,0
205986,0
205988,0
205998,0
205999,0
206003,0
206009,0
206019,0
206032,0
206043,0
206052,0
206053,0
206055,0
206069,0
206070,0
206073,0
206078,0
206081,0
206105,0
206109,0
206112,0
206113,0
206118,0
206131,0
206135,0
206141,0
206144,0
206151,0
206152,1
206161,0
206176,0
206177,0
206183,0
206186,0
206187,0
206192,0
206203,0
206206,0
206222,0
206224,0
206228,0
206230,0
206233,0
206240,1
206258,0
206261,0
206267,0
206269,0
206271,0
206287,0
206301,0
206302,0
206306,0
206312,0
206316,0
206320,0
206321,0
206327,0
206335,0
206348,0
206355,0
206357,1
206358,0
206364,0
206365,0
206378,0
206381,0
206386,0
206390,0
206401,0
206406,0
206425,0
206436,0
206450,1
206452,0
206455,0
206457,0
206459,0
206474,0
206480,0
206487,0
206489,1
206490,0
206500,0
206503,0
206524,0
206527,0
206544,0
206549,0
206552,0
206559,0
206561,0
206566,0
206567,1
206570,0
206573,0
206577,0
206587,0
206602,0
206612,0
206637,0
206648,0
206654,0
206655,0
206667,0
206670,0
206688,0
206716,0
206718,0
206726,0
206727,0
206734,0
206737,0
206740,0
206743,0
206765,0
206767,0
206768,0
206779,0
206784,0
206788,0
206802,0
206816,0
206820,0
206822,0
206824,0
206827,0
206832,0
206844,0
206847,1
206852,0
206858,1
206863,0
206867,0
206868,1
206877,0
206883,0
206886,0
206891,0
206900,1
206928,0
206930,0
206938,0
206940,0
206944,0
206952,0
206958,0
206962,1
206970,0
206971,0
206991,0
206992,0
206996,0
207002,0
207004,0
207005,0
207011,0
207013,0
207019,0
207024,0
207025,0
207032,0
207034,0
207041,0
207042,0
207044,0
207045,1
207063,0
207067,0
207074,0
207076,1
207077,1
207078,0
207085,0
207092,0
207094,0
207104,0
207109,0
207133,0
207138,0
207159,0
207161,0
207169,0
207170,0
207177,0
207183,1
207186,0
207188,0
207195,0
207203,0
207205,0
207211,0
207221,0
207222,0
207224,0
207229,0
207239,0
207241,0
207245,0
207246,0
207251,0
207252,0
207255,0
207261,0
207263,0
207270,0
207278,0
207289,0
207297,0
207302,0
207312,0
207316,0
207331,0
207338,0
207346,0
207360,0
207381,0
207386,0
207400,1
207405,0
207416,0
207418,0
207420,0
207433,0
207439,0
207445,0
207446,0
207450,1
207453,0
207462,0
207465,0
207470,0
207474,0
207475,0
207498,0
207500,0
207502,0
207509,1
207516,1
207518,0
207520,0
207522,0
207526,1
207528,0
207532,0
207542,0
207545,0
207563,0
207564,1
207572,0
207580,0
207583,0
207586,0
207596,0
207606,0
207608,1
207619,0
207622,0
207632,0
207636,0
207639,1
207646,0
207648,0
207651,0
207653,0
207659,0
207662,0
207663,0
207674,0
207678,0
207680,0
207683,0
207695,0
207697,0
207702,0
207711,0
207717,0
207723,0
207726,0
207729,0
207735,0
207736,0
207743,0
207745,0
207764,0
207774,0
207777,0
207780,0
207782,0
207785,0
207797,0
207802,0
207813,0
207829,1
207836,0
207860,0
207864,0
207877,0
207893,0
207902,0
207909,0
207919,0
207924,0
207926,0
207943,0
207947,1
207950,1
207958,0
207974,0
207980,0
207983,0
207987,0
207989,0
207994,0
207996,0
207998,0
208003,0
208007,0
208012,0
208013,0
208023,1
208044,0
208058,0
208065,0
208077,0
208078,0
208089,0
208094,0
208104,0
208120,0
208128,0
208143,0
208150,0
208167,0
208173,0
208175,0
208201,1
208206,0
208212,0
208224,0
208237,0
208239,1
208241,0
208247,1
208255,0
208273,0
208276,0
208277,1
208284,1
208295,0
208300,0
208305,0
208323,0
208324,0
208329,0
208330,0
208333,0
208342,0
208357,0
208362,0
208368,0
208375,0
208377,0
208379,0
208381,0
208385,0
208389,0
208393,0
208402,0
208416,0
208422,0
208435,0
208440,0
208442,0
208443,0
208457,0
208460,0
208461,0
208464,0
208473,0
208477,0
208480,1
208481,0
208485,0
208493,0
208495,0
208508,0
208512,0
208514,0
208523,0
208538,0
208542,0
208549,0
208556,0
208560,0
208563,0
208580,0
208583,0
208589,0
208597,0
208599,0
208600,0
208604,0
208608,0
208609,1
208612,0
208614,0
208616,0
208618,0
208622,0
208624,0
208628,0
208633,0
208634,0
208659,0
208665,0
208666,0
208671,0
208677,0
208678,0
208709,0
208711,0
208712,1
208718,0
208721,0
208728,0
208742,0
208745,0
208752,0
208754,0
208756,0
208764,0
208770,0
208771,0
208773,0
208786,0
208791,0
208793,0
208802,0
208819,0
208827,0
208832,0
208843,0
208850,0
208858,0
208867,0
208869,0
208872,0
208887,0
208890,0
208900,0
208909,0
208914,0
208917,0
208922,0
208928,0
208934,0
208937,0
208939,0
208940,0
208945,0
208949,0
208951,0
208964,1
208971,0
208977,1
208985,0
208989,0
208990,1
209000,0
209019,0
209024,1
209041,0
209054,0
209059,0
209075,0
209083,0
209087,0
209110,0
209112,1
209124,0
209130,0
209131,0
209133,0
209136,0
209137,0
209143,0
209148,0
209149,0
209167,0
209169,0
209171,0
209174,0
209179,0
209181,0
209182,0
209183,0
209192,0
209200,1
209201,0
209204,0
209220,0
209228,0
209232,0
209249,0
209266,0
209274,0
209280,0
209284,0
209287,0
209295,0
209302,0
209315,0
209321,0
209324,0
209325,0
209333,0
209342,0
209348,0
209374,0
209378,0
209388,0
209409,0
209426,0
209427,0
209436,0
209447,1
209451,0
209460,0
209465,0
209467,0
209477,1
209494,0
209498,0
209499,0
209502,0
209503,0
209512,0
209542,0
209554,0
209558,0
209564,0
209588,0
209607,1
209619,0
209621,0
209631,0
209640,0
209658,0
209662,1
209673,0
209693,0
209700,0
209702,1
209716,0
209731,0
209740,0
209743,0
209751,0
209793,0
209797,0
209804,0
209811,0
209815,0
209816,0
209822,0
209832,0
209866,0
209867,0
209868,0
209873,0
209884,1
209895,0
209896,0
209898,0
209905,0
209909,1
209911,0
209912,0
209933,0
209945,0
209966,0
209967,0
209977,0
209988,0
210002,0
210005,0
210008,0
210010,0
210034,0
210038,0
210041,0
210044,0
210047,0
210066,0
210067,0
210081,0
210085,0
210092,1
210094,0
210112,0
210113,0
210119,0
210124,0
210133,0
210156,0
210178,0
210183,0
210193,0
210205,0
210217,0
210234,0
210248,0
210274,0
210288,1
210289,0
210290,1
210309,0
210316,0
210324,0
210326,0
210331,0
210365,0
210374,0
210375,0
210380,0
210381,0
210387,0
210392,0
210398,0
210400,0
210420,0
210430,0
210432,0
210441,1
210469,0
210474,0
210489,0
210500,0
210513,0
210518,0
210519,0
210520,0
210530,0
210532,0
210534,1
210541,0
210546,0
210548,0
210550,1
210561,0
210565,0
210566,0
210574,0
210577,0
210578,1
210580,0
210589,1
210603,0
210606,0
210628,0
210646,0
210648,0
210652,0
210670,0
210681,0
210682,0
210685,0
210689,0
210695,0
210702,0
210704,0
210719,0
210726,0
210739,0
210750,0
210760,0
210763,0
210774,0
210775,0
210776,0
210783,0
210786,0
210793,0
210795,0
210802,0
210810,0
210816,0
210817,0
210840,0
210843,0
210844,0
210845,0
210849,0
210851,0
210852,0
210856,0
210860,0
210876,0
210899,0
210903,0
210935,0
210952,0
210968,0
210975,0
210976,0
210977,1
210981,0
210982,0
210992,0
210993,0
211010,0
211015,0
211018,0
211021,0
211024,0
211029,0
211048,0
211058,0
211060,0
211066,1
211074,0
211082,0
211111,0
211113,0
211127,0
211143,0
211144,1
211145,0
211153,0
211156,1
211157,0
211159,0
211168,0
211178,0
211184,0
211189,1
211197,0
211204,0
211212,0
211213,0
211236,0
211237,0
211243,0
211252,0
211255,0
211259,0
211271,0
211276,0
211285,0
211290,0
211291,0
211294,0
211297,0
211299,0
211304,0
211329,0
211346,0
211348,0
211351,0
211371,0
211383,0
211392,0
211394,0
211402,0
211448,0
211455,0
211458,0
211461,0
211467,0
211474,0
211486,0
211504,0
211516,0
211521,0
211524,0
211525,0
211545,1
211546,0
211567,0
211574,0
211579,0
211587,0
211601,0
211602,0
211608,0
211611,0
211631,0
211636,0
211638,1
211639,0
211642,0
211643,0
211657,0
211661,0
211671,0
211684,0
211699,0
211702,0
211705,0
211710,0
211738,0
211739,0
211747,0
211749,0
211759,1
211762,1
211763,1
211767,0
211773,0
211779,0
211780,0
211786,0
211792,0
211800,0
211805,0
211813,0
211819,0
211826,0
211838,0
211846,0
211848,0
211865,0
211871,0
211885,0
211890,0
211900,0
211904,0
211905,1
211909,0
211910,0
211912,0
211914,0
211915,0
211918,0
211923,0
211932,0
211940,0
211942,1
211958,0
211975,0
211976,0
211978,0
211981,0
211990,0
211992,0
211995,0
211996,0
212001,0
212007,0
212011,0
212020,0
212030,1
212036,0
212054,0
212087,0
212093,0
212098,0
212099,0
212111,0
212116,0
212122,0
212123,1
212131,0
212140,0
212141,1
212147,0
212148,0
212153,0
212157,0
212166,0
212181,0
212186,1
212190,0
212205,0
212208,0
212218,0
212219,0
212220,0
212224,0
212226,0
212243,0
212255,0
212263,0
212290,0
212299,0
212301,1
212345,0
212346,0
212358,0
212365,1
212371,0
212373,0
212381,0
212384,0
212388,0
212390,0
212391,0
212393,1
212396,0
212400,0
212410,0
212418,0
212421,1
212425,0
212427,0
212433,0
212434,0
212437,0
212442,0
212445,1
212458,1
212463,0
212466,1
212471,0
212473,0
212476,0
212477,0
212484,0
212490,0
212492,0
212513,0
212523,0
212538,0
212546,0
212547,0
212548,0
212556,0
212562,0
212564,0
212566,0
212568,0
212571,0
212574,1
212579,0
212598,0
212603,0
212606,0
212608,0
212634,0
212646,1
212668,0
212682,0
212683,1
212692,0
212697,0
212699,1
212704,1
212731,0
212741,0
212750,0
212757,0
212758,0
212759,0
212760,0
212772,1
212778,0
212790,0
212798,0
212806,0
212813,0
212819,0
212823,0
212824,0
212833,0
212845,0
212853,0
212854,0
212868,1
212878,0
212887,0
212888,0
212891,0
212923,0
212929,0
212939,0
212940,0
212949,0
212955,0
212965,0
212995,0
213007,0
213020,0
213028,0
213036,1
213040,0
213051,0
213072,0
213081,0
213086,0
213098,0
213102,0
213106,1
213110,0
213113,0
213115,1
213123,0
213130,0
213136,0
213149,0
213153,0
213155,0
213156,0
213176,0
213183,0
213185,1
213216,0
213219,0
213221,0
213231,0
213236,0
213247,0
213251,0
213252,0
213259,0
213260,0
213273,0
213310,1
213311,0
213336,0
213344,0
213346,0
213350,0
213351,0
213356,0
213360,0
213367,0
213372,0
213373,0
213376,0
213378,0
213384,0
213404,0
213411,0
213416,0
213418,1
213421,0
213429,0
213445,1
213448,0
213456,0
213457,0
213460,0
213477,0
213483,0
213490,0
213500,0
213501,1
213502,0
213507,0
213523,0
213535,0
213537,0
213567,0
213568,0
213579,0
213602,0
213607,0
213617,0
213621,0
213627,0
213629,0
213636,0
213645,0
213658,0
213659,0
213661,0
213667,0
213674,0
213681,0
213692,0
213700,0
213707,0
213709,0
213721,1
213724,0
213730,0
213732,0
213752,0
213781,0
213782,0
213790,0
213796,0
213805,0
213807,0
213819,0
213847,0
213865,0
213870,0
213872,0
213875,0
213877,0
213884,0
213895,0
213897,0
213903,0
213909,0
213912,0
213934,0
213947,0
213951,0
213965,0
213970,0
213971,0
214016,0
214018,0
214022,0
214024,0
214032,0
214037,0
214040,0
214042,0
214045,0
214047,0
214050,1
214051,0
214053,0
214064,0
214069,0
214074,0
214075,1
214086,0
214089,0
214103,0
214105,0
214112,1
214125,0
214145,0
214148,0
214156,0
214157,0
214161,0
214162,0
214185,0
214189,0
214191,0
214196,0
214199,0
214203,0
214210,0
214216,0
214218,0
214222,0
214226,0
214234,0
214239,0
214250,0
214251,0
214255,0
214257,0
214259,0
214262,0
214270,0
214276,0
214284,0
214285,0
214289,0
214291,0
214292,0
214301,0
214306,0
214314,0
214323,0
214347,0
214352,0
214359,0
214367,0
214373,0
214384,0
214386,0
214404,1
214413,0
214417,0
214438,0
214439,0
214446,0
214452,0
214457,0
214489,0
214490,1
214492,1
214493,0
214528,0
214529,0
214534,0
214535,0
214545,0
214549,0
214564,0
214569,0
214583,0
214591,0
214598,0
214602,0
214606,0
214611,0
214614,1
214615,0
214619,0
214626,0
214631,0
214633,0
214640,0
214659,0
214669,0
214670,0
214673,0
214683,1
214689,1
214690,0
214691,0
214710,0
214713,0
214729,0
214736,0
214744,0
214747,0
214751,0
214753,0
214765,0
214779,1
214783,0
214807,0
214813,0
214814,0
214843,0
214847,0
214858,0
214868,0
214870,1
214872,0
214875,0
214876,0
214880,0
214881,0
214882,0
214885,0
214886,0
214894,0
214903,0
214951,0
214966,0
214974,0
214978,0
214990,0
214991,0
215003,0
215008,0
215017,0
215020,0
215028,0
215044,1
215050,0
215051,1
215058,0
215062,0
215069,0
215072,0
215080,0
215083,0
215089,0
215091,0
215110,0
215117,0
215118,0
215120,0
215131,0
215139,0
215154,0
215160,0
215184,1
215187,0
215195,0
215197,0
215198,0
215201,0
215210,0
215213,0
215214,0
215218,0
215228,0
215233,0
215235,0
215236,0
215249,0
215272,0
215279,0
215282,0
215284,0
215286,0
215287,0
215289,0
215299,0
215308,0
215325,0
215356,0
215362,0
215363,1
215365,0
215379,0
215391,0
215392,0
215397,0
215399,0
215402,0
215403,0
215406,1
215414,0
215423,0
215425,0
215428,0
215436,1
215445,0
215448,0
215449,0
215451,0
215455,0
215456,0
215457,0
215461,0
215467,0
215490,0
215494,0
215496,0
215498,0
215504,1
215505,0
215519,0
215529,0
215540,0
215545,0
215547,0
215557,1
215558,0
215581,0
215585,0
215589,0
215590,0
215597,0
215615,0
215616,1
215625,0
215631,0
215632,0
215634,1
215647,0
215650,0
215655,0
215659,1
215663,0
215675,0
215677,0
215687,0
215695,0
215697,0
215700,0
215716,0
215727,0
215728,0
215735,0
215740,0
215755,0
215768,1
215771,1
215774,0
215779,0
215780,0
215784,0
215790,0
215804,0
215808,1
215814,0
215819,0
215820,0
215822,0
215823,0
215831,0
215837,0
215863,0
215873,0
215881,0
215894,0
215900,0
215906,0
215909,0
215918,0
215920,0
215924,0
215929,0
215933,0
215939,0
215943,0
215945,0
215952,0
215967,0
215987,0
215997,0
216003,0
216009,0
216015,0
216045,0
216066,0
216070,0
216074,0
216075,0
216080,0
216081,0
216085,0
216090,0
216099,0
216107,0
216117,0
216133,0
216137,0
216139,0
216144,0
216149,0
216157,0
216159,0
216160,0
216165,0
216171,0
216173,0
216176,0
216201,0
216210,0
216226,0
216230,0
216238,0
216248,0
216252,1
216263,0
216264,1
216270,0
216271,0
216274,0
216276,0
216279,0
216288,0
216301,0
216304,0
216325,0
216340,0
216360,1
216361,0
216373,0
216383,0
216384,0
216389,0
216406,0
216411,0
216415,0
216429,0
216438,0
216457,0
216476,0
216478,0
216480,0
216481,0
216492,0
216495,0
216497,0
216503,0
216507,0
216508,0
216522,0
216531,0
216537,0
216556,0
216567,0
216572,0
216583,0
216584,0
216586,0
216594,0
216603,1
216623,0
216631,0
216632,0
216634,0
216639,0
216650,0
216660,0
216671,0
216680,0
216692,0
216695,0
216698,0
216711,0
216728,0
216741,1
216748,0
216763,1
216769,0
216785,0
216803,0
216806,0
216811,1
216812,0
216815,0
216817,0
216831,0
216836,0
216847,0
216848,0
216850,0
216860,0
216867,0
216872,1
216878,0
216886,0
216893,0
216894,0
216899,0
216908,0
216912,0
216919,0
216927,0
216929,0
216932,0
216934,0
216944,0
216945,0
216947,0
216948,0
216951,0
216967,0
216968,0
216986,0
216989,0
216994,0
217007,0
217020,0
217021,0
217033,0
217042,0
217049,0
217076,0
217080,0
217089,0
217097,0
217111,0
217114,0
217119,0
217122,0
217135,0
217156,0
217158,0
217160,1
217165,0
217167,0
217179,0
217180,0
217186,1
217198,0
217230,0
217249,0
217253,0
217254,0
217268,0
217272,0
217288,0
217292,0
217295,0
217307,0
217311,0
217312,1
217314,0
217319,0
217344,0
217348,0
217368,0
217372,0
217381,0
217389,0
217396,0
217398,0
217403,0
217406,0
217407,0
217409,0
217413,0
217424,0
217432,0
217434,0
217436,0
217447,0
217455,0
217461,0
217469,0
217474,0
217476,0
217477,0
217489,0
217491,0
217494,0
217496,0
217499,0
217500,0
217506,0
217517,0
217535,0
217545,0
217558,0
217563,0
217568,0
217573,0
217584,0
217587,0
217592,0
217593,0
217615,0
217622,1
217627,0
217628,0
217641,0
217645,0
217659,0
217667,0
217668,0
217672,1
217676,0
217679,0
217682,1
217689,0
217692,0
217694,0
217708,0
217709,0
217711,0
217722,0
217733,0
217737,0
217742,1
217748,0
217756,0
217758,0
217762,0
217764,0
217791,0
217801,0
217806,0
217809,0
217810,1
217813,0
217816,0
217817,0
217845,0
217858,0
217884,0
217896,0
217899,0
217902,1
217907,0
217910,0
217917,0
217929,0
217930,0
217955,0
217960,0
217964,0
217972,0
217974,0
217978,0
217982,0
217985,0
217988,0
218015,0
218025,0
218027,0
218029,0
218037,0
218056,0
218068,0
218090,0
218092,0
218104,0
218115,0
218120,0
218142,0
218145,0
218151,0
218156,0
218160,0
218180,0
218190,0
218193,0
218197,0
218204,0
218210,0
218213,0
218214,1
218215,0
218222,0
218235,0
218242,0
218243,0
218254,1
218262,0
218263,1
218264,0
218265,0
218271,0
218282,0
218290,0
218291,0
218294,0
218301,0
218302,1
218307,0
218324,0
218325,0
218331,0
218336,1
218341,0
218349,0
218364,0
218380,0
218388,0
218393,0
218396,0
218401,0
218404,1
218411,0
218420,0
218426,0
218429,0
218431,0
218437,0
218438,0
218447,0
218459,0
218465,0
218474,0
218477,1
218479,1
218481,0
218482,0
218484,0
218494,0
218495,0
218496,0
218503,0
218506,0
218527,0
218533,1
218548,1
218559,0
218560,0
218562,0
218570,0
218578,0
218589,0
218593,0
218596,0
218610,0
218615,0
218623,0
218635,0
218638,0
218639,0
218690,0
218694,0
218704,0
218711,0
218722,0
218730,0
218749,0
218753,0
218761,0
218762,0
218778,0
218780,0
218787,0
218790,0
218799,0
218802,0
218803,0
218807,0
218808,0
218809,0
218837,0
218839,0
218845,1
218849,0
218855,0
218866,0
218874,0
218875,0
218885,0
218895,0
218896,0
218906,0
218916,0
218920,0
218921,0
218931,0
218941,0
218942,0
218947,0
218959,0
218963,0
218972,0
218978,0
218981,0
218994,0
218999,0
219003,0
219015,0
219023,0
219032,1
219041,0
219045,0
219051,0
219069,0
219070,0
219072,0
219084,0
219091,0
219100,0
219102,0
219117,0
219120,1
219124,0
219125,0
219131,0
219135,0
219145,0
219149,0
219150,0
219151,0
219161,0
219163,0
219166,0
219168,0
219175,0
219182,1
219186,0
219194,0
219199,0
219204,0
219206,0
219210,0
219221,0
219231,0
219233,0
219237,0
219244,0
219250,0
219262,0
219269,0
219272,0
219276,0
219277,0
219297,0
219303,0
219304,0
219314,0
219317,0
219320,0
219348,0
219351,0
219355,0
219363,0
219366,0
219369,0
219377,0
219384,0
219389,0
219401,0
219412,0
219418,0
219427,1
219435,0
219442,0
219455,0
219475,0
219491,0
219496,0
219497,0
219518,0
219532,0
219537,0
219547,0
219552,0
219562,0
219567,1
219569,0
219572,0
219574,0
219585,0
219598,0
219618,0
219619,0
219622,0
219626,0
219636,0
219648,1
219659,0
219665,0
219668,0
219676,0
219680,0
219682,0
219685,0
219687,0
219689,0
219708,0
219712,1
219716,1
219735,0
219747,0
219755,0
219759,0
219763,0
219764,0
219765,0
219768,0
219803,0
219825,0
219831,0
219837,0
219842,0
219865,0
219873,0
219879,1
219882,0
219888,0
219901,0
219907,0
219919,1
219924,0
219945,0
219947,0
219952,0
219953,0
219954,0
219968,0
219974,0
219977,0
219980,0
219982,0
219990,0
219994,0
219997,0
220000,0
220008,0
220011,0
220015,0
220030,0
220036,0
220038,0
220042,0
220052,0
220075,0
220078,0
220104,0
220109,1
220111,0
220112,0
220137,0
220159,0
220162,0
220166,0
220168,0
220170,0
220179,0
220183,0
220188,0
220192,0
220193,0
220196,0
220197,0
220198,0
220200,0
220209,0
220212,0
220215,0
220216,0
220226,0
220245,0
220251,0
220255,0
220258,0
220263,0
220273,0
220275,0
220278,0
220280,0
220283,0
220298,0
220320,0
220330,0
220331,0
220333,0
220336,0
220347,0
220352,0
220359,0
220360,0
220367,0
220376,0
220379,0
220383,0
220385,0
220395,1
220404,0
220420,0
220425,0
220429,0
220430,0
220444,0
220448,0
220449,0
220461,1
220464,0
220473,1
220475,0
220484,0
220486,0
220492,0
220505,0
220507,1
220508,0
220513,0
220524,0
220526,0
220531,0
220535,0
220544,0
220554,0
220559,0
220570,1
220572,0
220576,0
220577,1
220585,0
220586,0
220589,0
220602,0
220604,0
220607,0
220623,0
220640,0
220643,0
220653,0
220662,0
220667,0
220668,0
220669,0
220672,0
220692,0
220693,0
220702,0
220712,1
220717,0
220721,0
220722,0
220736,0
220744,0
220752,0
220754,0
220761,0
220771,0
220778,0
220785,0
220820,0
220826,0
220834,0
220838,0
220839,0
220844,1
220852,0
220855,0
220876,0
220878,0
220883,0
220895,0
220899,1
220906,0
220908,0
220915,0
220922,0
220927,0
220937,0
220941,0
220945,0
220951,0
220952,0
220955,0
220959,0
220981,0
220991,0
220996,1
221003,0
221012,0
221014,0
221022,0
221029,1
221043,0
221046,0
221047,0
221049,0
221050,0
221052,1
221054,0
221061,1
221063,0
221064,0
221072,0
221076,0
221095,0
221106,0
221111,0
221131,0
221139,0
221145,0
221150,1
221157,0
221179,0
221183,0
221189,0
221207,1
221211,0
221225,0
221229,0
221250,0
221254,0
221259,0
221262,0
221269,1
221274,0
221303,0
221310,0
221325,0
221331,0
221334,0
221353,0
221357,0
221364,0
221385,1
221392,0
221397,0
221400,0
221406,0
221413,0
221416,0
221419,0
221429,0
221430,0
221434,0
221437,0
221439,0
221445,0
221457,0
221472,1
221474,0
221501,0
221504,0
221510,0
221514,0
221524,0
221532,0
221533,0
221540,0
221543,0
221554,0
221571,0
221583,0
221587,0
221591,0
221593,0
221594,0
221601,0
221602,0
221614,0
221624,0
221632,0
221652,0
221654,0
221666,0
221669,0
221670,0
221690,1
221691,0
221693,0
221708,0
221721,0
221723,0
221726,0
221727,0
221735,0
221748,0
221754,0
221756,0
221765,0
221767,0
221772,1
221777,0
221783,0
221786,0
221801,0
221806,0
221808,0
221822,0
221830,0
221843,1
221852,0
221863,0
221877,0
221889,1
221892,0
221908,0
221918,0
221922,0
221926,0
221929,0
221933,0
221936,0
221938,0
221941,0
221942,0
221953,0
221977,0
221982,0
221990,0
221993,0
221994,0
222024,0
222025,0
222044,0
222045,0
222050,0
222053,0
222069,0
222087,0
222091,0
222097,0
222109,0
222110,0
222117,0
222118,0
222119,0
222129,0
222146,0
222168,0
222169,0
222173,0
222174,0
222186,0
222190,0
222206,0
222216,0
222241,0
222247,0
222265,0
222271,0
222276,0
222285,0
222292,0
222301,0
222304,0
222305,0
222306,0
222308,0
222312,0
222314,0
222320,0
222325,0
222330,0
222342,0
222343,1
222350,0
222364,0
222366,0
222368,0
222374,0
222379,0
222380,0
222386,0
222390,0
222393,0
222397,0
222398,0
222403,0
222416,0
222417,0
222443,1
222444,0
222456,0
222457,0
222471,0
222488,0
222495,1
222503,0
222528,1
222530,0
222533,0
222542,0
222543,0
222544,0
222548,0
222550,0
222563,0
222567,0
222573,0
222578,0
222587,0
222588,0
222592,0
222598,0
222614,0
222622,0
222640,0
222642,0
222643,0
222666,0
222669,0
222670,0
222680,0
222702,0
222704,0
222708,0
222712,0
222724,0
222725,0
222726,0
222731,0
222734,0
222740,0
222745,0
222747,0
222759,0
222762,0
222771,0
222772,0
222779,0
222795,0
222797,0
222800,0
222805,0
222827,0
222834,0
222840,0
222845,0
222867,0
222885,0
222900,0
222905,0
222910,0
222919,0
222923,0
222935,0
222937,0
222943,0
222952,0
222956,0
222995,0
223002,0
223028,0
223030,0
223032,0
223041,0
223055,0
223065,0
223110,0
223111,0
223114,0
223129,0
223139,0
223148,0
223150,0
223153,0
223154,0
223161,0
223163,0
223177,0
223179,0
223182,0
223183,1
223189,0
223191,0
223193,0
223202,0
223216,0
223218,0
223225,0
223236,0
223241,0
223269,0
223297,0
223299,0
223300,0
223309,0
223315,0
223317,0
223323,1
223338,0
223343,0
223366,1
223371,0
223372,0
223386,0
223387,0
223390,0
223396,0
223401,0
223403,0
223408,0
223418,0
223423,0
223427,0
223448,0
223451,0
223458,0
223462,0
223466,0
223478,0
223482,0
223487,0
223491,1
223506,0
223512,0
223514,1
223531,0
223537,0
223542,1
223560,0
223561,0
223587,0
223591,0
223598,0
223603,0
223624,0
223634,0
223643,0
223646,0
223658,0
223664,0
223668,0
223676,0
223689,1
223695,0
223701,0
223703,0
223706,0
223713,0
223721,0
223722,0
223723,0
223733,0
223734,0
223753,0
223756,0
223760,0
223763,0
223767,0
223768,0
223775,0
223784,0
223793,0
223796,0
223804,0
223805,0
223806,0
223819,0
223842,0
223845,0
223860,0
223864,0
223865,0
223871,0
223885,0
223891,0
223899,0
223903,0
223911,1
223926,0
223928,0
223932,0
223944,0
223946,0
223954,0
223966,0
223980,0
223981,0
223982,0
223987,0
223988,0
223996,0
224000,1
224004,0
224006,0
224017,0
224018,0
224027,0
224030,0
224042,1
224043,0
224070,0
224075,1
224084,0
224097,0
224098,0
224105,0
224115,0
224119,0
224123,0
224133,0
224140,0
224142,0
224144,0
224151,0
224160,0
224173,0
224196,0
224199,0
224222,0
224225,0
224228,0
224230,0
224256,0
224272,0
224273,1
224287,0
224288,0
224295,0
224302,0
224303,0
224304,0
224311,0
224326,0
224327,1
224334,0
224362,0
224368,0
224374,0
224378,0
224382,1
224383,0
224384,0
224385,0
224397,0
224401,0
224402,0
224404,0
224414,0
224417,0
224418,0
224419,0
224420,0
224431,0
224457,0
224468,0
224470,0
224474,0
224481,0
224489,0
224520,0
224532,1
224536,1
224537,0
224539,0
224548,0
224555,0
224561,0
224572,0
224581,0
224589,0
224591,0
224594,0
224598,0
224601,0
224602,0
224607,0
224608,0
224618,0
224624,0
224632,1
224638,0
224640,0
224644,0
224648,0
224654,0
224657,0
224659,0
224660,0
224682,0
224685,0
224710,0
224713,0
224725,0
224736,0
224737,0
224749,1
224751,0
224782,0
224785,0
224787,0
224794,0
224799,0
224800,0
224801,0
224806,0
224846,0
224859,0
224860,0
224887,0
224898,1
224901,0
224903,0
224908,0
224921,0
224926,0
224937,0
224941,0
224948,1
224957,1
224959,0
224965,0
224968,0
224984,0
224994,0
225017,0
225024,0
225025,0
225043,0
225079,1
225083,0
225088,0
225108,0
225111,0
225115,0
225121,0
225123,0
225140,0
225143,0
225150,0
225154,0
225155,1
225160,0
225161,0
225162,0
225166,0
225175,0
225200,0
225221,0
225240,0
225241,0
225242,0
225244,0
225266,0
225267,0
225268,0
225274,0
225305,0
225308,0
225318,1
225321,0
225322,0
225329,0
225340,0
225342,0
225346,0
225350,0
225360,0
225367,0
225386,1
225389,0
225390,0
225391,0
225409,0
225421,1
225445,0
225448,0
225464,0
225487,0
225488,0
225496,0
225508,0
225516,0
225522,0
225527,0
225529,0
225534,0
225539,1
225549,0
225555,0
225584,0
225597,0
225599,1
225603,0
225607,0
225608,0
225610,0
225628,0
225653,0
225655,0
225659,0
225662,0
225663,0
225682,0
225693,0
225701,0
225704,0
225718,0
225720,0
225727,0
225729,0
225732,1
225747,0
225768,0
225770,0
225774,0
225780,0
225786,1
225797,0
225799,0
225800,0
225801,0
225810,0
225812,0
225827,0
225829,1
225842,0
225844,0
225847,0
225857,0
225868,0
225874,1
225880,0
225901,0
225912,0
225914,0
225919,0
225929,0
225944,0
225945,0
225947,0
225949,0
225952,0
225954,0
225987,0
225988,0
225998,0
226004,0
226008,0
226025,0
226026,0
226028,0
226035,0
226045,0
226049,0
226050,0
226058,0
226064,0
226065,0
226068,0
226089,0
226094,0
226099,0
226106,0
226114,0
226124,0
226128,0
226132,0
226152,0
226166,0
226167,0
226182,0
226198,0
226202,0
226212,0
226217,0
226218,0
226220,0
226224,0
226234,0
226237,0
226239,0
226241,0
226247,0
226249,0
226268,0
226269,0
226280,1
226284,0
226289,0
226298,0
226315,0
226317,0
226323,0
226324,0
226342,0
226345,0
226352,0
226354,0
226355,0
226358,0
226362,0
226364,0
226369,0
226376,0
226378,0
226382,0
226386,0
226392,0
226411,0
226428,0
226429,0
226432,0
226444,0
226446,0
226455,0
226459,0
226481,0
226503,0
226504,0
226513,0
226521,0
226531,0
226532,0
226548,0
226563,0
226570,0
226572,0
226579,0
226587,0
226591,0
226592,0
226598,0
226603,0
226606,0
226611,0
226621,0
226622,1
226624,0
226627,0
226637,0
226638,0
226649,0
226653,0
226659,0
226660,0
226665,0
226692,0
226697,0
226699,0
226703,0
226705,0
226724,0
226726,0
226740,0
226751,0
226753,1
226761,0
226775,0
226781,0
226786,0
226796,0
226801,0
226805,0
226809,0
226816,0
226819,0
226821,0
226830,0
226831,0
226843,0
226851,0
226861,0
226862,0
226864,0
226871,0
226893,0
226895,0
226896,0
226901,0
226907,0
226914,0
226923,0
226929,0
226931,0
226944,0
226946,0
226961,0
226962,0
226975,0
226985,0
226995,0
227004,0
227007,0
227020,0
227030,1
227044,0
227046,0
227052,0
227059,0
227078,0
227080,0
227083,0
227085,0
227086,0
227088,0
227091,0
227092,1
227094,0
227118,0
227126,0
227128,0
227132,0
227135,0
227182,0
227187,0
227190,1
227191,0
227195,0
227198,0
227202,0
227205,0
227208,0
227222,0
227223,0
227224,0
227228,0
227237,0
227247,0
227249,0
227261,0
227263,0
227265,1
227266,0
227277,0
227278,0
227283,0
227287,0
227292,0
227295,0
227298,0
227324,0
227329,1
227347,0
227350,0
227362,0
227364,0
227374,0
227402,0
227422,0
227423,0
227425,0
227426,0
227432,0
227440,0
227447,1
227467,0
227474,0
227478,0
227492,1
227494,0
227497,0
227498,0
227520,0
227527,0
227536,0
227537,0
227539,0
227544,0
227547,0
227548,0
227562,0
227563,1
227565,0
227581,1
227606,0
227608,0
227613,0
227620,0
227622,0
227628,0
227634,0
227644,0
227651,0
227658,0
227681,0
227693,0
227698,0
227699,0
227706,0
227751,0
227766,0
227782,0
227805,0
227806,0
227816,0
227817,0
227828,0
227835,0
227861,0
227869,0
227871,0
227887,0
227892,0
227894,0
227897,0
227910,0
227913,0
227925,0
227929,0
227935,0
227937,1
227962,0
227965,1
227966,0
227978,0
227995,0
228002,0
228007,0
228041,0
228042,0
228047,0
228048,0
228055,0
228056,0
228060,0
228064,0
228066,0
228071,0
228081,0
228118,0
228124,0
228133,0
228157,0
228167,0
228174,0
228194,0
228203,0
228214,0
228232,0
228234,0
228242,0
228277,0
228281,1
228286,1
228323,1
228331,0
228339,0
228356,0
228359,0
228361,1
228366,0
228373,0
228380,0
228391,0
228399,0
228406,0
228407,0
228409,0
228415,0
228421,0
228423,0
228435,1
228439,0
228448,0
228451,0
228456,0
228465,0
228471,0
228473,0
228474,0
228475,0
228484,1
228508,0
228510,0
228511,0
228520,0
228545,0
228549,0
228551,0
228556,0
228559,0
228577,1
228580,0
228594,0
228600,0
228610,0
228611,1
228612,0
228616,0
228621,0
228631,0
228646,1
228648,0
228652,0
228658,0
228664,0
228670,0
228677,0
228681,0
228685,0
228702,0
228727,0
228728,0
228731,1
228735,0
228739,0
228747,0
228768,0
228772,0
228775,0
228780,0
228786,0
228787,0
228795,0
228803,0
228804,0
228815,0
228853,0
228859,0
228862,0
228864,0
228867,0
228868,0
228875,0
228876,0
228877,0
228880,0
228883,0
228886,0
228896,0
228898,0
228899,0
228901,0
228927,0
228929,0
228934,0
228940,0
228945,1
228952,0
228960,0
228963,0
228964,0
228975,0
228983,0
228999,0
229005,1
229009,0
229020,0
229025,0
229027,0
229033,0
229034,0
229066,0
229068,0
229079,0
229082,0
229085,0
229089,0
229092,1
229096,0
229098,0
229099,0
229102,0
229111,0
229113,0
229123,0
229129,0
229131,1
229133,0
229143,0
229144,0
229146,0
229153,0
229156,0
229177,0
229179,0
229183,1
229196,0
229197,1
229204,0
229205,0
229207,0
229210,0
229213,0
229218,0
229221,0
229222,0
229226,0
229228,0
229236,0
229237,0
229239,0
229243,0
229263,0
229267,0
229272,0
229285,0
229287,0
229303,0
229305,0
229306,0
229330,1
229356,0
229358,0
229359,1
229364,0
229368,0
229381,0
229395,0
229397,0
229400,0
229416,0
229438,0
229439,0
229442,0
229447,0
229453,0
229472,0
229476,0
229485,0
229491,0
229497,0
229501,0
229521,0
229532,0
229534,0
229553,0
229558,0
229559,0
229587,0
229589,0
229590,0
229612,0
229616,0
229617,0
229626,0
229630,0
229641,1
229642,0
229643,0
229666,0
229669,0
229673,0
229676,0
229678,0
229701,0
229712,0
229720,0
229721,0
229727,0
229737,0
229748,0
229750,0
229752,0
229756,0
229757,0
229768,0
229780,0
229788,0
229795,0
229796,0
229803,0
229804,0
229809,0
229814,0
229815,1
229818,0
229820,0
229822,0
229826,0
229836,0
229849,0
229853,0
229862,0
229864,0
229866,1
229871,0
229879,0
229882,0
229895,0
229918,0
229938,0
229941,0
229949,0
229950,0
229958,0
229964,1
229967,0
229976,0
229978,0
229986,0
229990,0
229994,0
230028,0
230034,0
230049,0
230054,0
230060,0
230068,0
230073,1
230079,0
230080,0
230082,0
230085,0
230102,0
230104,0
230105,0
230106,0
230109,0
230118,1
230120,0
230128,0
230132,0
230143,0
230148,0
230149,0
230154,0
230158,0
230189,0
230190,0
230248,0
230252,0
230254,0
230258,0
230263,1
230267,0
230285,0
230287,0
230294,0
230301,0
230307,0
230309,0
230311,0
230321,0
230326,0
230341,0
230353,0
230356,0
230359,0
230365,0
230373,0
230375,0
230380,0
230396,0
230400,0
230412,0
230425,0
230440,0
230452,0
230460,0
230467,0
230471,0
230473,0
230476,0
230480,0
230499,0
230501,0
230502,0
230503,0
230505,0
230511,0
230539,0
230546,0
230550,0
230558,0
230559,0
230571,0
230575,0
230577,0
230579,0
230596,0
230598,0
230599,0
230600,1
230608,0
230611,0
230620,0
230626,1
230627,1
230632,1
230633,0
230644,0
230647,0
230648,0
230649,0
230666,0
230685,0
230700,0
230707,0
230713,0
230721,0
230730,0
230735,0
230737,0
230739,0
230749,0
230754,0
230774,0
230776,0
230784,0
230796,0
230809,0
230814,0
230846,0
230851,0
230854,0
230856,0
230862,0
230872,1
230873,0
230879,0
230886,0
230901,0
230906,0
230922,0
230926,0
230951,1
230953,0
230963,0
230967,0
230972,0
230975,0
230990,0
230991,0
230993,1
230998,0
231002,0
231005,0
231006,0
231017,0
231019,0
231024,0
231041,0
231043,0
231045,0
231052,0
231058,0
231064,0
231071,0
231073,0
231096,0
231102,0
231112,0
231119,1
231140,0
231141,0
231146,0
231151,0
231158,0
231166,1
231168,0
231170,0
231171,0
231185,0
231193,0
231206,0
231215,0
231217,0
231218,0
231223,0
231224,0
231230,0
231231,1
231237,0
231238,0
231242,0
231246,0
231272,1
231277,0
231278,0
231280,0
231283,0
231289,0
231302,0
231333,0
231346,0
231357,0
231361,0
231363,0
231367,0
231368,0
231373,1
231374,0
231375,0
231395,0
231403,0
231408,0
231413,0
231415,0
231417,0
231422,0
231426,0
231428,0
231431,0
231432,0
231445,0
231446,0
231450,0
231451,0
231455,0
231458,0
231468,0
231471,0
231476,0
231485,0
231489,0
231490,0
231491,0
231495,0
231498,0
231509,0
231515,0
231517,0
231519,0
231522,0
231536,0
231540,0
231545,0
231559,0
231569,0
231585,0
231587,0
231588,1
231596,1
231597,0
231602,0
231610,0
231624,0
231626,0
231629,0
231635,0
231643,0
231675,0
231680,0
231684,0
231694,0
231698,0
231700,0
231715,0
231724,0
231732,0
231735,0
231746,0
231747,0
231748,0
231751,0
231759,0
231767,1
231777,0
231780,1
231796,0
231800,0
231801,0
231807,0
231808,0
231814,0
231825,0
231836,0
231859,0
231862,0
231866,0
231876,1
231886,0
231894,0
231908,0
231909,0
231937,0
231959,0
231989,0
232011,0
232029,0
232032,0
232036,0
232039,0
232040,0
232041,0
232044,0
232058,0
232060,0
232073,1
232074,0
232080,0
232089,0
232091,0
232095,0
232126,0
232127,0
232142,0
232156,0
232158,1
232161,0
232167,0
232191,0
232192,0
232196,0
232199,0
232200,0
232242,0
232243,0
232246,0
232252,1
232254,0
232263,0
232294,0
232299,0
232308,0
232311,0
232340,0
232349,1
232362,0
232364,0
232384,0
232385,0
232393,0
232399,0
232400,0
232402,1
232414,0
232417,0
232420,0
232429,0
232433,0
232436,0
232437,0
232439,0
232442,0
232445,1
232483,0
232484,1
232485,0
232487,0
232494,0
232496,0
232502,1
232504,0
232526,0
232527,0
232529,0
232533,0
232543,0
232548,0
232561,0
232567,0
232584,0
232594,0
232600,0
232613,0
232625,0
232627,0
232628,0
232645,0
232648,0
232650,0
232651,0
232655,0
232663,0
232675,0
232681,0
232686,0
232690,1
232692,0
232698,0
232711,0
232732,0
232741,0
232745,0
232747,0
232753,0
232760,0
232763,0
232766,0
232771,0
232776,1
232801,1
232828,0
232834,0
232835,0
232836,0
232838,0
232858,0
232875,0
232886,0
232897,0
232907,0
232913,0
232930,0
232932,0
232935,0
232936,0
232944,0
232952,0
232957,0
232966,0
232973,0
232976,1
232977,0
232981,0
232990,0
232993,0
232997,0
233005,0
233008,1
233011,0
233012,0
233020,0
233023,0
233033,1
233036,0
233039,1
233041,0
233043,0
233061,0
233062,0
233066,0
233072,0
233073,1
233082,0
233083,0
233085,0
233097,0
233098,0
233099,1
233110,0
233115,1
233123,0
233137,0
233144,0
233146,0
233150,0
233163,0
233181,0
233199,0
233205,0
233220,0
233221,0
233240,0
233259,0
233277,0
233282,0
233288,0
233290,0
233291,0
233300,0
233303,0
233306,0
233317,0
233319,0
233321,0
233322,0
233331,1
233332,0
233334,1
233338,0
233341,0
233355,0
233365,0
233369,0
233376,1
233408,0
233412,0
233416,0
233422,0
233428,0
233436,0
233459,0
233470,0
233479,0
233501,0
233511,0
233547,0
233552,1
233563,0
233569,0
233574,0
233584,0
233586,0
233590,0
233593,0
233596,0
233597,0
233605,1
233610,0
233641,0
233646,0
233650,0
233656,0
233657,0
233662,0
233663,1
233672,0
233680,0
233683,0
233687,0
233695,0
233703,0
233705,0
233714,0
233726,0
233727,1
233737,1
233741,0
233747,0
233752,0
233753,0
233760,0
233763,0
233767,0
233769,0
233776,0
233807,0
233812,0
233829,0
233839,0
233846,0
233862,0
233869,0
233878,0
233882,0
233900,0
233910,0
233913,1
233914,0
233940,1
233956,0
233961,0
233972,0
233973,0
233983,0
233998,0
233999,0
234002,0
234004,0
234005,0
234009,0
234010,0
234019,0
234022,0
234038,0
234040,0
234050,1
234051,0
234056,0
234063,0
234073,0
234076,0
234080,0
234090,0
234094,0
234100,0
234105,0
234118,0
234120,0
234128,0
234132,0
234140,1
234148,0
234157,0
234162,0
234165,0
234170,0
234179,0
234182,0
234191,0
234193,0
234195,0
234196,0
234241,0
234243,0
234246,0
234249,0
234251,0
234253,0
234254,0
234256,0
234263,0
234266,0
234272,0
234285,0
234299,0
234306,0
234307,0
234322,0
234337,0
234339,0
234342,0
234346,0
234347,0
234350,0
234352,0
234360,0
234363,0
234368,0
234372,0
234374,0
234375,0
234407,0
234413,0
234414,0
234417,0
234438,0
234439,1
234441,0
234455,0
234457,0
234459,1
234464,0
234471,0
234490,0
234496,0
234498,0
234506,0
234513,0
234521,0
234522,0
234527,0
234530,0
234532,0
234538,0
234540,1
234546,0
234547,0
234559,0
234563,0
234568,0
234579,0
234587,0
234602,0
234603,0
234606,0
234607,0
234614,0
234615,0
234633,0
234637,0
234653,0
234693,0
234713,0
234716,0
234727,0
234730,0
234736,0
234741,0
234747,0
234751,0
234754,0
234759,0
234795,0
234796,0
234801,0
234803,1
234805,0
234815,0
234817,0
234839,1
234842,0
234848,0
234864,0
234888,0
234897,0
234898,0
234901,0
234913,0
234916,0
234929,0
234937,0
234950,0
234955,0
234965,0
234975,0
234981,0
234986,0
234991,0
235003,0
235009,0
235013,0
235020,0
235023,0
235033,0
235039,0
235040,0
235041,0
235042,0
235050,0
235055,0
235058,0
235060,0
235064,0
235068,0
235072,0
235082,0
235088,0
235093,0
235096,0
235097,0
235109,0
235113,0
235115,0
235130,0
235133,1
235135,0
235138,0
235140,0
235143,0
235144,0
235160,0
235161,0
235171,0
235173,0
235194,0
235238,0
235245,0
235261,0
235272,0
235290,0
235295,0
235300,0
235307,0
235309,1
235312,0
235315,1
235318,0
235329,0
235344,0
235351,0
235355,0
235358,0
235366,0
235370,0
235377,0
235380,0
235383,1
235391,0
235394,0
235408,0
235409,0
235420,0
235427,0
235441,0
235444,0
235464,0
235468,1
235477,1
235478,0
235480,0
235482,0
235485,0
235490,0
235493,0
235497,0
235498,0
235502,0
235507,0
235509,0
235517,0
235522,1
235523,0
235534,0
235544,0
235546,0
235547,1
235554,0
235579,0
235583,0
235591,0
235598,0
235615,0
235618,0
235624,0
235643,0
235649,0
235650,0
235654,0
235662,0
235663,0
235665,0
235666,0
235667,0
235669,0
235673,0
235678,0
235687,0
235694,0
235695,0
235697,0
235701,0
235702,0
235705,0
235710,0
235712,1
235716,0
235723,0
235726,0
235729,0
235732,1
235737,0
235749,0
235763,0
235764,0
235765,0
235774,0
235779,0
235781,0
235783,0
235793,0
235795,0
235802,0
235814,0
235817,0
235818,0
235821,0
235822,0
235825,0
235829,0
235834,0
235838,0
235843,0
235846,0
235848,0
235853,0
235864,0
235873,0
235894,0
235895,0
235919,0
235928,0
235929,0
235930,0
235932,0
235934,0
235936,1
235949,0
235951,0
235961,0
235962,0
235965,0
235966,0
235971,0
235973,0
235985,0
235989,0
236010,0
236015,0
236016,0
236024,0
236036,0
236054,0
236060,0
236062,0
236066,0
236075,1
236076,1
236077,0
236078,0
236080,1
236086,0
236090,0
236100,0
236102,0
236105,0
236117,0
236121,0
236133,1
236146,1
236149,0
236151,0
236166,0
236176,0
236180,0
236192,0
236204,0
236209,0
236219,0
236222,0
236223,0
236226,0
236238,0
236240,0
236241,0
236248,0
236250,0
236252,0
236262,0
236265,0
236267,0
236281,0
236285,0
236288,0
236291,0
236294,0
236296,0
236304,0
236305,0
236309,0
236316,0
236319,0
236320,0
236335,0
236346,0
236355,0
236357,0
236363,0
236368,0
236381,1
236386,0
236394,0
236399,0
236405,0
236406,0
236410,0
236411,0
236431,1
236433,0
236436,0
236439,0
236442,0
236445,0
236446,0
236449,0
236456,0
236460,0
236462,0
236465,0
236478,0
236480,0
236481,0
236483,0
236487,0
236501,0
236505,0
236511,0
236516,0
236531,0
236541,0
236549,0
236571,0
236587,0
236593,0
236597,0
236607,0
236611,1
236613,0
236616,0
236619,1
236622,0
236641,1
236644,0
236645,0
236651,0
236669,1
236676,0
236696,0
236704,0
236706,0
236712,0
236714,0
236726,0
236729,0
236734,0
236745,0
236757,0
236762,0
236770,0
236795,0
236799,1
236804,1
236810,0
236822,0
236824,0
236829,0
236832,0
236847,1
236851,0
236854,0
236872,0
236875,0
236883,0
236886,0
236888,0
236892,0
236893,0
236902,0
236903,0
236906,0
236908,0
236909,0
236914,0
236918,0
236930,0
236937,0
236946,0
236952,0
236954,0
236961,0
236963,1
236971,0
236972,0
236978,0
236997,0
237012,0
237013,0
237015,0
237020,1
237026,0
237031,0
237053,0
237055,0
237098,0
237100,0
237102,1
237105,0
237111,0
237113,0
237115,0
237138,0
237145,0
237155,1
237162,0
237167,0
237175,0
237197,0
237205,1
237218,0
237222,0
237223,1
237230,0
237241,1
237246,0
237263,0
237274,0
237278,0
237288,0
237296,0
237297,0
237309,0
237312,0
237319,0
237321,0
237324,0
237333,0
237356,0
237359,0
237367,0
237372,0
237374,0
237381,1
237387,0
237388,0
237390,0
237395,0
237398,0
237410,1
237412,0
237419,0
237423,0
237430,0
237431,0
237435,0
237442,0
237452,0
237456,0
237461,1
237469,0
237472,1
237473,0
237482,0
237505,0
237521,0
237525,0
237535,0
237555,0
237567,0
237568,0
237581,0
237602,0
237604,0
237614,0
237628,0
237634,1
237645,0
237654,0
237655,0
237658,0
237662,0
237681,0
237686,0
237696,0
237703,0
237707,0
237708,1
237709,0
237713,0
237721,0
237735,0
237744,0
237745,0
237747,0
237760,0
237761,0
237782,0
237783,0
237785,0
237806,1
237807,0
237809,0
237811,0
237833,0
237846,0
237851,0
237853,0
237857,0
237858,0
237864,0
237871,0
237873,0
237883,0
237890,0
237908,0
237915,0
237928,0
237929,1
237935,0
237945,0
237964,0
237975,0
237988,0
237991,0
238002,0
238008,0
238034,0
238035,0
238036,0
238050,0
238059,1
238073,0
238085,0
238089,0
238093,0
238102,0
238126,0
238140,0
238142,0
238148,0
238151,0
238154,0
238165,0
238167,0
238169,0
238183,0
238189,0
238215,0
238233,0
238246,0
238258,0
238289,0
238292,0
238302,0
238303,0
238312,0
238313,0
238362,0
238364,0
238370,0
238393,0
238399,0
238404,0
238423,0
238427,0
238431,0
238438,0
238440,0
238441,0
238444,1
238449,0
238456,0
238472,0
238479,0
238488,0
238489,0
238494,0
238499,1
238510,0
238514,0
238515,0
238519,0
238542,0
238552,0
238556,0
238562,0
238571,0
238573,0
238591,0
238597,0
238601,0
238612,0
238613,0
238626,1
238643,0
238645,0
238652,0
238658,0
238660,0
238677,0
238681,0
238693,0
238704,0
238719,0
238722,0
238723,0
238729,0
238730,0
238737,0
238738,0
238759,0
238760,0
238773,0
238774,1
238790,0
238791,0
238798,0
238799,0
238809,0
238810,0
238817,0
238828,0
238829,0
238838,0
238846,0
238849,0
238859,0
238863,0
238883,0
238895,0
238908,0
238921,0
238922,0
238924,1
238926,0
238930,0
238932,0
238934,0
238944,0
238949,0
238955,0
238958,0
238966,0
238970,0
238973,0
238985,0
238987,0
238993,1
238996,0
238998,0
238999,0
239006,0
239008,0
239016,0
239029,0
239044,0
239046,0
239057,1
239061,0
239067,0
239068,0
239074,0
239089,0
239091,0
239095,1
239096,0
239097,0
239111,0
239121,0
239129,1
239139,0
239163,0
239164,0
239166,0
239170,0
239188,0
239194,0
239205,0
239217,0
239222,0
239236,0
239243,0
239258,1
239259,0
239266,0
239267,0
239274,0
239283,0
239287,0
239289,0
239291,0
239295,0
239299,0
239301,0
239303,0
239310,0
239336,0
239358,0
239372,0
239373,0
239378,0
239379,0
239381,0
239383,0
239412,0
239415,0
239418,0
239424,0
239430,0
239431,0
239432,0
239441,1
239445,0
239463,0
239472,0
239475,0
239478,0
239487,0
239488,0
239491,0
239502,0
239520,0
239533,0
239538,0
239544,0
239548,1
239550,1
239556,0
239558,0
239562,0
239568,0
239569,0
239570,0
239571,0
239577,0
239581,0
239594,0
239599,0
239606,0
239611,0
239613,0
239629,0
239630,0
239635,1
239648,0
239650,0
239654,0
239664,0
239666,0
239667,0
239683,0
239693,0
239706,0
239718,0
239732,0
239745,1
239751,0
239752,0
239757,0
239773,0
239779,0
239781,0
239785,0
239789,0
239798,0
239803,0
239807,0
239810,0
239822,0
239851,0
239852,0
239868,0
239895,0
239898,0
239901,0
239905,0
239912,0
239919,0
239923,0
239926,0
239930,0
239939,0
239944,0
239959,0
239965,1
239972,0
239973,0
239974,0
239982,0
239987,0
240003,0
240012,1
240016,1
240021,0
240023,0
240047,0
240054,0
240062,0
240085,0
240095,0
240097,0
240112,0
240129,0
240132,0
240139,0
240144,0
240158,0
240164,0
240170,0
240172,0
240173,1
240174,0
240176,0
240195,0
240199,0
240207,0
240216,0
240220,0
240227,0
240246,0
240258,0
240267,0
240271,0
240272,0
240274,0
240277,0
240279,0
240283,0
240291,0
240294,0
240313,0
240317,0
240319,0
240327,0
240361,0
240368,0
240381,0
240396,0
240406,0
240422,0
240423,0
240429,0
240450,0
240452,0
240462,0
240464,0
240469,0
240477,0
240499,0
240508,0
240510,0
240519,0
240520,0
240564,0
240568,0
240572,0
240574,0
240604,0
240610,0
240614,0
240616,0
240621,0
240635,0
240636,0
240643,0
240650,0
240661,0
240662,0
240681,0
240684,0
240688,0
240690,1
240697,0
240701,0
240703,0
240704,0
240705,0
240718,0
240727,1
240737,0
240748,0
240750,0
240751,0
240753,0
240756,1
240766,0
240767,0
240768,0
240780,1
240784,0
240787,0
240795,0
240807,0
240814,0
240816,0
240817,0
240818,0
240822,0
240840,0
240854,0
240856,0
240864,1
240879,0
240881,0
240882,0
240883,1
240887,0
240893,0
240906,0
240915,0
240924,0
240936,0
240942,0
240945,0
240949,0
240973,0
240983,0
241001,0
241004,0
241006,0
241007,0
241014,0
241024,0
241040,0
241044,0
241047,0
241048,0
241050,0
241051,0
241053,0
241061,0
241081,0
241109,0
241111,0
241123,0
241129,0
241140,0
241144,0
241153,0
241162,1
241164,0
241166,0
241178,1
241179,0
241183,0
241186,0
241189,0
241193,0
241194,0
241197,1
241200,1
241206,1
241223,0
241225,0
241249,0
241255,0
241260,0
241265,0
241268,0
241272,0
241286,0
241287,0
241296,0
241307,0
241312,0
241322,0
241329,0
241337,0
241346,0
241347,0
241371,0
241373,0
241376,0
241378,0
241382,0
241388,0
241399,1
241405,0
241408,0
241412,0
241413,0
241414,0
241419,0
241424,0
241451,0
241454,0
241466,0
241467,0
241476,0
241477,0
241487,0
241496,0
241500,0
241502,1
241503,0
241544,0
241567,0
241568,0
241581,0
241587,0
241592,0
241596,0
241614,0
241624,0
241630,1
241632,0
241635,0
241638,0
241641,0
241646,0
241650,0
241682,0
241687,0
241697,0
241698,0
241724,0
241732,0
241733,0
241734,0
241737,0
241746,0
241759,0
241766,0
241769,0
241772,0
241782,0
241784,0
241800,0
241832,0
241841,0
241843,0
241844,0
241845,0
241847,0
241848,0
241852,0
241856,0
241858,0
241860,0
241863,0
241876,0
241884,1
241886,0
241890,1
241902,0
241906,0
241909,0
241917,0
241921,0
241922,0
241927,0
241929,0
241931,0
241932,0
241941,0
241948,1
241981,0
241989,0
242014,0
242028,0
242030,0
242033,0
242040,0
242048,0
242058,0
242059,0
242066,0
242069,0
242070,0
242073,0
242082,0
242090,0
242097,0
242102,0
242122,0
242130,0
242138,0
242157,0
242186,0
242187,0
242205,0
242211,0
242221,0
242227,0
242234,0
242246,0
242253,0
242261,0
242262,0
242263,0
242273,0
242287,0
242293,0
242297,0
242307,0
242315,0
242346,0
242352,0
242364,1
242377,1
242379,0
242382,0
242388,0
242393,1
242394,0
242396,1
242412,0
242420,0
242432,0
242449,0
242451,0
242456,1
242459,0
242460,0
242476,0
242490,0
242494,0
242505,0
242512,0
242514,0
242524,0
242538,0
242548,0
242551,0
242560,0
242592,0
242595,0
242618,0
242626,0
242628,0
242634,0
242647,0
242661,0
242675,0
242682,0
242687,0
242694,0
242697,1
242703,0
242711,0
242722,0
242726,0
242731,0
242735,0
242755,0
242759,0
242760,0
242776,0
242789,0
242817,0
242826,0
242835,1
242839,0
242843,0
242856,0
242859,0
242869,0
242871,0
242873,0
242880,0
242895,0
242896,0
242903,1
242905,1
242908,1
242914,0
242917,0
242919,0
242925,0
242931,0
242934,0
242941,0
242943,0
242944,0
242946,0
242953,0
242965,0
242971,0
242974,0
242982,0
242983,0
242986,0
242992,0
242999,0
243014,0
243025,0
243032,0
243036,0
243040,0
243042,0
243052,0
243055,0
243058,0
243060,0
243065,0
243080,0
243085,0
243093,1
243094,0
243095,0
243104,0
243129,0
243142,0
243147,0
243159,0
243160,0
243172,0
243176,0
243177,1
243181,0
243191,0
243192,0
243201,1
243203,0
243218,0
243221,0
243233,0
243261,0
243275,0
243296,0
243298,0
243308,0
243314,0
243315,0
243354,1
243358,0
243359,0
243367,0
243373,1
243374,0
243376,1
243380,0
243382,0
243386,0
243391,0
243392,0
243394,0
243397,0
243402,0
243415,0
243419,0
243443,0
243444,0
243448,0
243453,0
243455,0
243457,0
243460,0
243462,0
243464,0
243490,0
243495,1
243498,0
243499,0
243504,0
243521,0
243547,0
243554,0
243570,1
243575,0
243587,1
243589,0
243591,0
243625,1
243635,0
243642,0
243645,0
243650,0
243653,0
243656,0
243668,0
243692,0
243711,0
243713,0
243719,0
243724,0
243729,0
243736,0
243738,0
243739,0
243740,0
243745,1
243748,0
243754,0
243784,0
243786,0
243792,0
243798,0
243799,0
243807,0
243808,0
243810,0
243826,0
243829,0
243841,0
243865,0
243877,0
243878,0
243879,0
243896,0
243899,0
243915,0
243917,0
243932,0
243941,0
243945,0
243946,0
243954,0
243964,0
243974,0
243979,0
243983,0
243988,0
243990,0
244009,0
244010,0
244017,0
244019,0
244021,0
244023,0
244027,0
244034,0
244036,0
244044,0
244052,0
244053,0
244068,0
244070,0
244073,0
244076,0
244079,0
244084,0
244086,0
244098,0
244111,0
244116,0
244131,0
244135,0
244139,0
244145,0
244156,0
244161,0
244180,0
244187,0
244196,0
244208,0
244217,0
244230,0
244237,0
244241,0
244267,0
244270,0
244273,0
244289,0
244299,0
244303,0
244317,0
244323,0
244327,0
244331,0
244340,1
244343,0
244352,0
244358,0
244361,0
244375,1
244381,0
244390,0
244400,0
244406,0
244407,0
244409,0
244418,0
244433,0
244436,0
244437,0
244438,0
244451,0
244478,0
244497,1
244499,0
244509,0
244528,0
244531,0
244544,0
244547,0
244553,0
244559,0
244566,0
244571,0
244576,0
244588,0
244591,0
244602,0
244615,0
244630,1
244636,0
244667,1
244673,0
244675,0
244676,0
244677,0
244680,0
244684,0
244685,0
244700,0
244702,0
244715,0
244716,0
244729,0
244733,0
244734,0
244738,0
244740,0
244741,0
244771,1
244775,0
244783,0
244785,0
244802,0
244809,0
244813,0
244820,0
244829,0
244841,0
244843,0
244844,0
244847,0
244849,0
244856,0
244863,0
244864,0
244875,0
244878,0
244884,0
244890,0
244896,0
244904,0
244905,0
244914,0
244915,0
244926,0
244933,0
244936,0
244944,0
244945,0
244955,0
244970,1
244976,0
245003,0
245006,0
245023,0
245025,0
245035,0
245050,0
245056,1
245059,0
245069,0
245077,0
245088,0
245092,0
245101,0
245111,0
245122,1
245123,0
245130,0
245140,0
245141,0
245143,0
245144,0
245149,0
245164,0
245175,0
245180,0
245185,0
245187,0
245189,0
245192,0
245193,0
245199,0
245202,0
245203,0
245209,0
245213,0
245215,0
245230,0
245239,1
245240,0
245254,0
245255,0
245265,1
245275,0
245279,0
245285,0
245293,0
245295,0
245298,0
245299,0
245301,0
245304,0
245306,0
245311,0
245325,0
245327,0
245330,0
245332,0
245333,0
245336,0
245337,1
245339,0
245348,0
245350,0
245354,0
245356,0
245368,0
245385,0
245399,0
245401,0
245404,0
245413,0
245427,0
245440,0
245448,0
245456,0
245461,0
245474,0
245482,0
245490,0
245498,0
245500,0
245509,0
245515,0
245517,0
245524,0
245529,0
245532,0
245537,0
245538,0
245543,0
245546,0
245547,0
245551,0
245553,0
245563,0
245566,0
245570,0
245574,0
245584,0
245587,0
245591,0
245593,0
245602,0
245603,0
245609,0
245621,0
245637,0
245642,0
245646,0
245650,0
245652,0
245657,0
245664,0
245666,0
245669,0
245671,0
245676,0
245689,0
245690,0
245692,0
245702,0
245723,0
245725,1
245730,1
245733,0
245734,0
245736,0
245737,0
245741,0
245749,1
245768,0
245774,1
245782,0
245793,0
245825,0
245829,0
245833,0
245855,0
245858,0
245896,0
245898,0
245903,0
245908,0
245910,0
245915,0
245916,0
245918,0
245920,0
245924,0
245928,0
245929,0
245935,0
245942,0
245949,0
245954,1
245959,0
245972,0
245973,0
245976,0
245977,1
245981,0
245986,0
245988,0
245999,0
246004,0
246005,0
246016,0
246019,0
246029,0
246036,0
246042,0
246062,0
246067,1
246085,0
246095,1
246097,0
246100,1
246104,0
246107,0
246117,0
246121,1
246128,0
246133,0
246139,0
246144,0
246145,0
246153,0
246165,0
246169,0
246174,0
246175,1
246177,0
246179,0
246187,0
246190,0
246194,0
246195,0
246212,0
246216,0
246222,0
246223,1
246235,0
246236,0
246243,0
246246,0
246260,0
246263,0
246280,0
246285,0
246299,0
246326,0
246329,0
246339,0
246342,1
246345,0
246352,0
246366,0
246371,0
246383,0
246389,0
246410,0
246414,0
246434,0
246465,0
246468,0
246474,0
246493,0
246498,0
246507,0
246518,0
246519,0
246522,0
246523,0
246526,0
246534,0
246536,0
246545,0
246549,0
246556,1
246563,1
246575,0
246577,0
246582,0
246592,0
246600,0
246607,0
246612,0
246616,0
246623,0
246646,0
246652,0
246653,0
246656,0
246674,0
246677,0
246678,0
246684,0
246696,0
246715,0
246729,0
246732,0
246738,0
246755,0
246761,0
246771,0
246772,1
246792,0
246801,0
246802,0
246804,0
246817,0
246821,0
246824,0
246825,0
246827,0
246834,0
246837,0
246840,0
246895,0
246900,0
246901,0
246909,0
246912,0
246913,0
246920,0
246922,1
246923,0
246929,0
246940,0
246946,0
246950,0
246959,0
246962,0
246970,0
246985,0
246991,0
247004,0
247010,0
247015,1
247017,0
247019,0
247026,0
247034,0
247043,0
247050,0
247051,0
247057,0
247065,0
247067,0
247087,0
247088,0
247090,0
247094,1
247115,0
247125,0
247127,0
247130,0
247131,0
247134,0
247145,0
247152,0
247173,0
247174,0
247175,0
247177,0
247180,0
247181,0
247196,0
247200,0
247208,1
247212,0
247217,0
247221,0
247224,0
247227,0
247240,0
247242,0
247252,1
247256,0
247274,0
247285,0
247289,0
247313,0
247318,1
247333,0
247337,0
247346,0
247355,1
247361,0
247381,0
247384,0
247390,0
247413,1
247417,0
247422,0
247429,0
247435,0
247441,1
247442,0
247459,0
247460,0
247461,0
247462,0
247464,0
247477,0
247483,0
247487,0
247498,0
247501,0
247511,0
247516,0
247520,1
247529,0
247531,0
247555,0
247557,0
247564,1
247571,0
247573,0
247576,0
247577,0
247578,0
247592,0
247613,0
247635,0
247651,0
247657,1
247664,1
247675,0
247687,0
247698,0
247703,0
247705,0
247716,0
247720,0
247724,0
247726,0
247743,0
247752,0
247753,0
247756,0
247757,0
247768,0
247799,0
247803,0
247804,1
247806,0
247824,0
247825,0
247826,0
247832,1
247838,1
247840,0
247856,0
247862,0
247874,1
247878,1
247881,0
247884,1
247885,0
247899,0
247926,0
247937,0
247938,0
247955,0
247958,0
247977,0
247990,1
248010,0
248022,0
248023,0
248024,0
248047,0
248066,0
248094,0
248101,0
248107,0
248121,1
248125,0
248138,0
248168,0
248171,1
248190,0
248197,0
248208,0
248215,0
248220,0
248223,0
248224,0
248231,0
248235,0
248241,0
248257,0
248262,1
248263,0
248280,0
248289,0
248300,1
248312,1
248325,0
248334,0
248346,1
248352,0
248354,0
248360,0
248366,0
248372,0
248381,0
248385,0
248403,0
248410,0
248420,0
248442,0
248448,0
248449,0
248465,0
248484,0
248485,0
248496,0
248498,0
248504,0
248506,0
248515,0
248534,0
248539,0
248542,0
248554,0
248558,0
248563,0
248567,0
248569,0
248572,0
248577,0
248589,0
248595,0
248602,0
248609,0
248637,0
248654,0
248655,0
248656,0
248661,0
248662,0
248664,0
248681,0
248688,0
248691,0
248709,0
248711,0
248721,1
248742,0
248750,0
248759,0
248777,0
248783,0
248786,0
248794,0
248798,0
248810,0
248855,0
248863,1
248865,0
248873,0
248874,0
248889,1
248896,0
248901,0
248912,0
248915,1
248916,0
248918,1
248938,0
248949,0
248960,0
248963,0
248965,0
248971,0
248992,0
248999,0
249041,0
249046,0
249047,0
249053,0
249059,0
249060,0
249076,0
249079,0
249090,0
249091,0
249109,0
249115,0
249117,0
249120,0
249122,0
249125,0
249131,0
249136,0
249138,0
249139,0
249146,0
249147,0
249160,0
249169,0
249181,0
249193,1
249204,0
249210,0
249211,0
249226,0
249227,0
249231,0
249234,0
249237,0
249238,0
249254,0
249255,0
249257,0
249259,0
249261,0
249275,0
249276,1
249287,0
249290,0
249293,0
249295,0
249309,0
249318,0
249340,0
249354,0
249360,0
249366,0
249371,0
249374,1
249390,0
249401,0
249402,0
249406,1
249407,0
249410,0
249418,0
249427,0
249436,0
249437,0
249446,0
249447,0
249453,1
249455,0
249459,0
249469,0
249475,0
249478,0
249487,0
249514,0
249521,0
249530,0
249543,0
249544,0
249571,0
249579,0
249600,0
249602,0
249608,0
249612,0
249626,0
249631,0
249649,0
249650,0
249663,0
249669,0
249679,0
249686,0
249712,1
249717,0
249723,0
249727,0
249730,0
249736,0
249761,0
249762,0
249786,0
249787,0
249795,0
249799,0
249800,0
249815,1
249816,0
249817,0
249834,0
249841,0
249844,0
249850,0
249851,0
249854,0
249857,0
249870,0
249884,0
249889,0
249908,1
249910,0
249911,0
249916,0
249934,0
249939,1
249964,0
249976,0
249986,0
249989,0
249995,0
250003,0
250005,0
250006,0
250018,0
250023,0
250024,0
250027,0
250031,0
250035,0
250037,0
250050,0
250058,0
250068,0
250080,0
250083,0
250100,0
250103,0
250107,0
250120,0
250126,0
250136,0
250142,0
250147,0
250173,0
250174,1
250175,0
250179,0
250185,0
250199,0
250204,0
250206,0
250223,0
250242,0
250244,0
250255,0
250257,0
250258,0
250260,0
250261,0
250266,0
250271,0
250277,1
250288,0
250313,0
250338,0
250344,0
250357,0
250364,0
250367,0
250414,0
250419,0
250420,0
250423,0
250424,0
250426,0
250429,0
250440,0
250450,0
250454,0
250455,0
250459,0
250460,0
250470,0
250472,0
250476,0
250479,0
250482,0
250493,0
250515,0
250540,0
250548,0
250550,0
250551,0
250554,0
250562,0
250564,0
250571,0
250572,0
250577,0
250588,0
250595,0
250603,0
250607,0
250613,0
250628,0
250630,0
250633,0
250637,0
250639,1
250642,0
250656,0
250674,0
250676,0
250678,0
250682,0
250694,0
250700,0
250709,0
250711,0
250716,0
250731,0
250734,0
250736,0
250740,0
250746,1
250747,0
250753,0
250755,0
250760,1
250761,0
250765,0
250766,0
250768,0
250786,0
250804,0
250808,0
250809,0
250828,0
250829,0
250834,0
250835,0
250836,0
250839,0
250852,0
250869,0
250881,0
250885,0
250894,0
250895,0
250901,0
250924,0
250930,0
250934,0
250935,0
250942,0
250945,0
250948,0
250958,0
250959,0
250960,0
250975,0
250980,0
250985,0
250996,0
250998,0
251003,0
251008,0
251012,0
251020,0
251027,0
251028,0
251030,1
251038,0
251045,0
251049,0
251053,0
251054,0
251067,0
251068,1
251071,0
251075,0
251081,0
251087,0
251092,0
251099,0
251100,0
251110,0
251114,0
251120,0
251122,0
251125,0
251131,0
251134,0
251147,0
251157,0
251164,0
251173,0
251178,0
251183,0
251185,0
251191,0
251199,0
251201,0
251206,0
251208,0
251209,0
251235,0
251238,0
251246,0
251260,0
251262,0
251285,0
251292,0
251294,0
251295,0
251296,0
251305,0
251316,0
251328,0
251329,0
251330,0
251358,0
251359,0
251366,0
251377,1
251379,1
251380,1
251381,0
251392,0
251415,0
251418,0
251441,0
251450,0
251453,0
251458,1
251459,0
251467,0
251474,0
251479,0
251490,0
251494,0
251495,0
251505,0
251507,0
251516,0
251525,0
251526,0
251527,0
251529,0
251532,0
251542,0
251544,0
251561,0
251564,1
251569,0
251573,0
251578,0
251587,0
251594,0
251605,1
251627,0
251628,0
251633,0
251641,1
251645,0
251650,1
251651,0
251659,0
251660,0
251661,0
251662,0
251668,1
251669,0
251672,0
251696,0
251704,0
251709,0
251711,1
251713,0
251725,0
251729,1
251736,0
251753,0
251771,0
251780,0
251781,0
251785,0
251788,0
251804,0
251807,0
251823,0
251827,0
251837,0
251846,0
251858,0
251864,0
251867,0
251874,0
251875,0
251876,0
251894,0
251904,0
251916,0
251929,0
251937,0
251941,0
251947,0
251959,0
251960,0
251961,0
251962,0
251971,0
251984,0
251989,0
251991,0
251993,0
251998,1
252008,0
252011,0
252020,0
252021,0
252022,0
252024,1
252026,0
252041,0
252045,1
252051,0
252067,1
252075,0
252077,0
252089,0
252090,1
252091,0
252094,0
252095,1
252098,0
252099,0
252100,0
252101,0
252102,0
252106,0
252110,0
252111,0
252132,1
252137,0
252139,0
252150,0
252152,0
252159,0
252176,0
252183,0
252187,1
252195,0
252199,0
252206,0
252209,0
252214,0
252216,0
252236,0
252252,1
252256,0
252258,0
252267,0
252278,0
252279,0
252282,0
252288,0
252289,0
252294,0
252311,0
252315,1
252324,0
252325,0
252327,0
252329,0
252344,0
252352,0
252356,0
252360,0
252362,0
252363,0
252367,0
252380,0
252384,0
252386,0
252393,0
252397,0
252402,0
252409,0
252410,0
252413,0
252420,0
252427,0
252431,1
252438,0
252439,0
252441,0
252444,0
252449,0
252451,0
252453,0
252457,0
252469,0
252481,0
252489,0
252491,0
252500,1
252503,0
252504,0
252512,0
252521,0
252525,0
252526,0
252530,0
252536,0
252542,0
252550,0
252554,0
252564,0
252575,0
252579,0
252586,0
252588,0
252608,0
252617,0
252631,0
252637,1
252638,0
252639,0
252640,0
252658,0
252667,0
252670,0
252673,0
252689,0
252706,0
252723,1
252725,0
252728,0
252744,0
252753,0
252757,0
252759,0
252766,0
252796,0
252803,0
252806,0
252837,0
252856,0
252859,0
252864,0
252877,0
252883,0
252886,1
252896,1
252912,0
252913,1
252914,0
252946,0
252954,0
252956,0
252957,0
252959,0
252968,0
252977,0
252999,0
253001,0
253008,0
253019,0
253020,0
253021,0
253027,0
253034,1
253035,0
253039,0
253057,0
253064,0
253069,0
253072,0
253073,0
253081,0
253083,0
253086,0
253087,0
253089,0
253091,0
253093,0
253097,0
253106,0
253127,0
253132,0
253136,0
253137,0
253140,0
253142,0
253143,0
253144,0
253161,0
253171,0
253173,0
253180,0
253190,0
253192,0
253194,0
253200,0
253201,0
253210,0
253211,0
253212,0
253216,0
253233,0
253234,0
253241,0
253242,1
253245,0
253257,0
253259,0
253268,0
253279,0
253288,0
253289,0
253296,0
253305,0
253306,0
253310,0
253324,0
253330,0
253342,0
253344,0
253360,0
253362,0
253376,0
253387,0
253390,0
253396,0
253432,0
253453,0
253456,0
253462,0
253463,0
253468,0
253469,0
253476,0
253478,0
253479,0
253480,1
253482,0
253483,0
253510,0
253513,0
253514,0
253518,1
253524,0
253532,0
253539,0
253542,0
253548,0
253550,0
253553,0
253554,0
253565,0
253575,1
253576,0
253585,0
253586,0
253588,0
253599,1
253601,0
253613,0
253618,0
253625,0
253629,0
253637,0
253643,0
253646,0
253647,0
253652,0
253674,0
253677,0
253680,0
253694,0
253695,0
253701,0
253716,0
253718,0
253729,0
253739,1
253745,0
253767,0
253778,1
253786,1
253791,0
253799,0
253808,0
253815,0
253822,0
253835,0
253856,0
253859,0
253866,0
253885,0
253892,0
253893,0
253898,1
253904,0
253914,1
253921,0
253926,1
253969,0
253970,0
253983,0
253987,0
254000,0
254003,0
254013,0
254022,0
254033,0
254036,0
254054,0
254057,0
254059,0
254066,0
254070,0
254117,0
254120,0
254126,0
254137,0
254151,1
254154,0
254156,1
254158,0
254160,0
254163,0
254166,0
254172,0
254178,0
254182,0
254186,0
254187,0
254191,1
254195,0
254197,1
254209,0
254214,0
254218,0
254229,0
254240,0
254241,1
254250,0
254259,0
254265,0
254267,0
254268,0
254273,0
254278,0
254281,0
254287,0
254299,0
254307,0
254312,0
254318,0
254341,0
254354,0
254356,0
254357,0
254361,0
254364,0
254372,0
254374,0
254379,0
254381,0
254384,0
254385,0
254387,0
254391,0
254429,0
254430,0
254438,0
254445,0
254446,0
254462,0
254465,1
254469,0
254473,0
254484,0
254491,0
254492,0
254496,0
254498,0
254519,0
254533,1
254560,0
254561,0
254571,0
254583,0
254587,0
254592,1
254602,0
254604,0
254621,0
254624,0
254651,0
254660,0
254663,0
254665,0
254669,0
254686,0
254687,0
254695,0
254708,0
254721,0
254724,0
254725,0
254732,1
254743,0
254759,0
254761,0
254769,0
254771,0
254775,0
254784,0
254786,0
254793,0
254807,0
254811,0
254812,0
254816,0
254828,0
254862,0
254866,0
254875,0
254886,0
254894,0
254915,0
254922,1
254925,0
254941,0
254946,0
254949,0
254957,0
254973,0
254981,0
254985,0
254986,0
255001,0
255005,0
255019,0
255024,0
255025,0
255031,0
255037,0
255044,0
255047,0
255050,1
255053,0
255060,0
255064,0
255066,0
255071,0
255079,0
255091,1
255093,0
255094,0
255098,0
255099,0
255104,0
255137,0
255139,0
255141,0
255145,0
255149,0
255153,0
255160,0
255163,0
255176,0
255180,0
255181,0
255185,0
255200,0
255201,0
255203,0
255207,0
255212,1
255224,0
255229,0
255233,0
255235,0
255239,0
255242,0
255251,0
255258,0
255266,0
255283,0
255284,1
255294,0
255303,0
255316,0
255318,0
255329,0
255336,0
255340,0
255350,0
255354,0
255362,0
255363,0
255370,0
255374,0
255390,0
255392,0
255415,0
255426,0
255433,0
255443,0
255445,0
255455,0
255456,0
255460,0
255473,0
255477,0
255489,0
255507,1
255520,0
255527,0
255545,1
255560,0
255562,0
255569,0
255573,0
255576,0
255578,0
255579,0
255592,0
255605,0
255609,0
255612,0
255626,0
255628,0
255634,0
255641,0
255648,0
255653,0
255658,0
255662,0
255665,0
255673,0
255677,0
255689,0
255699,0
255704,0
255708,1
255713,0
255718,1
255732,0
255748,0
255758,0
255764,0
255767,0
255768,0
255778,0
255779,0
255794,0
255816,0
255818,0
255822,0
255831,0
255833,0
255836,1
255844,0
255874,0
255877,0
255912,0
255922,0
255927,0
255931,0
255932,0
255939,0
255942,0
255951,0
255957,0
255962,0
255968,0
255987,0
255995,0
256010,0
256020,0
256026,0
256031,0
256034,1
256040,0
256048,0
256056,0
256077,0
256082,0
256087,0
256091,0
256099,0
256106,0
256121,0
256122,0
256127,0
256133,0
256136,0
256142,0
256143,0
256149,0
256151,0
256158,0
256161,0
256166,0
256168,0
256184,0
256198,0
256208,0
256210,0
256219,0
256233,0
256236,0
256237,0
256239,0
256249,0
256252,0
256259,0
256272,0
256274,0
256275,0
256288,0
256289,0
256302,0
256303,0
256304,0
256308,0
256309,0
256310,0
256320,0
256321,0
256324,0
256333,0
256337,0
256369,0
256372,0
256373,0
256382,0
256384,0
256390,0
256405,0
256412,0
256420,0
256423,0
256425,0
256433,0
256443,0
256444,0
256447,0
256449,0
256456,0
256474,0
256478,0
256483,0
256484,1
256487,0
256491,0
256493,1
256494,0
256512,0
256518,1
256523,0
256527,0
256529,0
256531,0
256532,0
256540,0
256542,0
256548,0
256591,0
256600,0
256603,1
256604,0
256608,0
256609,0
256618,0
256625,0
256631,1
256637,0
256646,0
256647,0
256662,0
256670,0
256677,0
256679,0
256683,0
256684,0
256687,0
256701,0
256704,0
256706,0
256709,0
256710,0
256716,0
256728,0
256729,0
256735,0
256746,0
256771,0
256791,0
256796,0
256799,0
256812,0
256831,0
256837,0
256844,0
256848,0
256853,0
256855,0
256857,0
256862,0
256871,0
256880,0
256882,0
256884,0
256889,0
256897,0
256904,0
256907,0
256908,0
256919,0
256922,0
256935,0
256936,0
256942,0
256947,0
256952,0
256953,0
256959,0
256961,0
256963,0
256964,0
256981,0
256983,0
256986,0
256990,0
256995,1
256998,0
257011,0
257014,0
257026,1
257029,0
257039,0
257043,0
257047,0
257057,0
257079,0
257086,0
257092,0
257093,0
257096,0
257104,0
257107,0
257114,1
257124,0
257134,0
257144,0
257161,0
257164,0
257182,0
257184,0
257186,0
257202,0
257203,0
257209,0
257218,0
257226,0
257227,0
257228,0
257236,0
257240,1
257249,0
257252,0
257256,0
257265,0
257268,0
257271,0
257275,0
257276,0
257287,1
257292,0
257298,0
257303,1
257314,1
257333,0
257344,0
257350,1
257351,1
257360,0
257367,0
257368,1
257376,0
257392,0
257394,0
257401,0
257405,0
257408,0
257412,0
257417,0
257419,0
257423,0
257424,0
257431,0
257432,0
257434,0
257435,1
257444,0
257447,0
257468,0
257469,0
257478,0
257484,0
257488,0
257496,0
257505,1
257509,0
257512,0
257540,0
257550,0
257554,0
257556,0
257559,0
257560,0
257576,0
257580,0
257593,0
257616,0
257629,1
257634,0
257679,0
257681,0
257682,1
257699,0
257704,0
257705,0
257713,0
257716,0
257722,0
257747,0
257755,0
257760,0
257763,0
257767,0
257769,0
257781,0
257784,0
257798,0
257801,0
257817,0
257822,0
257825,0
257826,0
257828,0
257829,0
257838,0
257840,0
257851,0
257869,0
257870,1
257874,0
257890,0
257894,0
257896,0
257898,0
257910,0
257917,0
257930,0
257942,0
257944,1
257948,0
257956,0
257959,1
257975,0
257976,0
257978,0
257979,0
257984,0
257985,1
257987,0
257988,0
257991,0
257994,0
257996,0
258011,0
258040,0
258046,0
258055,0
258072,0
258078,0
258082,0
258088,0
258095,0
258096,0
258139,0
258143,0
258147,0
258149,1
258150,0
258159,0
258168,0
258183,0
258185,0
258215,0
258237,0
258241,0
258245,0
258246,0
258250,0
258272,0
258275,0
258277,0
258284,0
258294,0
258298,0
258323,0
258365,0
258376,0
258395,0
258397,0
258424,0
258439,0
258456,0
258465,1
258468,0
258476,0
258480,1
258481,1
258501,0
258515,0
258516,0
258526,0
258529,0
258537,0
258539,0
258543,0
258544,0
258548,0
258554,0
258555,1
258561,0
258563,0
258569,0
258574,0
258595,0
258605,0
258609,0
258616,0
258621,0
258639,0
258648,0
258655,0
258657,0
258670,0
258676,0
258680,0
258683,0
258684,0
258694,0
258702,0
258703,1
258704,0
258711,1
258715,0
258720,0
258722,1
258725,0
258726,0
258730,0
258736,0
258741,1
258749,0
258751,0
258753,0
258767,0
258769,0
258770,0
258780,0
258783,0
258806,0
258825,0
258829,0
258838,0
258840,0
258850,0
258854,0
258862,0
258896,0
258898,0
258900,0
258913,0
258921,0
258923,0
258926,0
258936,1
258940,0
258947,0
258956,0
258965,0
258971,0
258993,0
258994,0
259000,0
259007,0
259038,0
259047,0
259049,0
259051,0
259057,0
259058,0
259063,0
259065,0
259073,0
259074,0
259112,0
259128,0
259134,0
259136,0
259141,1
259142,0
259158,1
259165,0
259177,1
259195,0
259211,0
259213,0
259214,0
259215,1
259232,0
259240,0
259262,0
259267,0
259272,0
259275,0
259276,1
259287,0
259294,0
259296,0
259297,0
259305,0
259306,0
259312,0
259313,1
259315,0
259316,0
259324,0
259326,0
259342,0
259345,1
259358,1
259359,0
259364,0
259369,0
259372,0
259375,0
259383,0
259389,0
259390,0
259391,0
259394,0
259395,0
259406,0
259409,0
259416,0
259417,1
259426,0
259427,0
259430,0
259440,0
259448,0
259451,0
259458,0
259459,1
259461,0
259463,0
259466,0
259469,0
259480,0
259487,0
259488,0
259503,0
259507,0
259509,0
259510,0
259522,0
259525,0
259531,0
259534,0
259540,0
259550,0
259557,0
259558,0
259559,0
259560,1
259564,0
259567,0
259582,0
259584,0
259590,0
259624,0
259625,0
259634,0
259642,0
259644,0
259658,0
259659,0
259666,0
259668,0
259673,0
259681,0
259688,0
259696,0
259706,0
259707,0
259712,0
259727,0
259731,0
259743,0
259746,0
259754,0
259757,0
259761,0
259795,0
259821,0
259829,0
259835,0
259843,0
259845,0
259853,0
259863,0
259878,0
259904,1
259917,0
259925,0
259930,1
259931,0
259939,0
259942,1
259944,0
259947,0
259949,0
259959,0
259961,0
259966,1
259975,0
259977,0
259978,0
259979,1
259980,0
259993,0
260003,0
260008,0
260009,0
260040,0
260049,0
260064,0
260066,0
260077,0
260078,0
260081,0
260089,0
260095,0
260104,0
260110,0
260115,0
260121,1
260125,0
260135,0
260136,1
260137,0
260150,0
260155,0
260157,0
260159,0
260167,0
260168,0
260172,0
260174,0
260184,0
260187,0
260188,1
260199,0
260201,0
260206,0
260231,0
260238,0
260239,0
260245,0
260256,0
260265,0
260272,0
260273,0
260282,0
260291,0
260295,0
260296,0
260317,0
260351,0
260353,0
260367,0
260375,0
260379,1
260394,0
260400,0
260413,0
260417,0
260419,0
260439,0
260445,0
260451,0
260460,0
260474,0
260476,0
260479,0
260486,0
260490,1
260517,0
260532,0
260534,0
260537,0
260539,0
260543,0
260552,0
260563,0
260564,0
260567,0
260569,0
260574,0
260592,0
260598,0
260621,0
260625,0
260641,1
260642,0
260646,0
260648,0
260651,0
260667,1
260671,0
260672,0
260679,0
260681,1
260682,0
260683,0
260684,0
260687,0
260698,1
260705,0
260707,0
260739,0
260750,0
260770,0
260771,0
260777,0
260779,0
260780,1
260790,0
260796,0
260799,0
260817,0
260824,0
260829,0
260834,0
260854,0
260856,0
260866,0
260882,1
260884,0
260886,0
260887,0
260904,0
260911,0
260918,0
260919,0
260921,1
260929,0
260956,0
260960,0
260964,0
260972,0
260973,0
260978,0
260982,0
260984,0
261000,0
261004,0
261009,0
261016,0
261017,1
261018,0
261019,0
261034,0
261035,0
261038,0
261050,0
261057,1
261067,0
261071,0
261073,0
261090,1
261098,0
261110,0
261114,0
261118,1
261125,0
261127,0
261135,1
261140,0
261144,0
261158,1
261164,0
261169,0
261172,0
261177,0
261186,0
261199,0
261209,1
261222,0
261229,0
261230,0
261232,0
261240,1
261245,0
261270,0
261281,0
261295,1
261306,0
261314,0
261322,1
261331,0
261336,0
261337,0
261341,0
261350,0
261359,0
261361,0
261367,0
261390,0
261393,0
261395,0
261400,1
261401,0
261420,0
261422,0
261430,0
261432,0
261445,0
261452,1
261455,0
261471,0
261477,0
261484,0
261487,0
261490,0
261499,0
261503,0
261512,0
261515,0
261521,0
261532,0
261547,1
261553,1
261555,1
261562,0
261567,0
261597,0
261603,0
261605,0
261618,1
261631,0
261634,1
261637,1
261639,0
261643,1
261646,0
261651,0
261652,0
261654,0
261681,0
261683,1
261687,1
261690,0
261698,0
261707,0
261708,0
261710,0
261713,0
261722,0
261724,0
261732,0
261743,0
261745,0
261757,0
261764,0
261768,0
261770,0
261778,0
261785,0
261805,0
261811,0
261831,0
261843,0
261854,0
261862,0
261866,0
261880,0
261889,0
261903,0
261907,0
261923,0
261929,0
261932,0
261939,0
261946,0
261953,0
261957,0
261978,0
261985,0
261988,0
261993,0
262000,0
262004,1
262012,0
262015,0
262016,0
262019,0
262020,0
262031,0
262037,0
262044,0
262049,0
262051,0
262083,0
262085,0
262097,0
262098,0
262099,0
262105,0
262108,0
262111,1
262116,0
262121,0
262125,0
262142,0
262156,0
262158,0
262162,0
262165,0
262168,0
262177,0
262178,0
262179,0
262186,0
262204,1
262211,0
262216,0
262217,0
262225,0
262228,0
262229,0
262237,0
262247,0
262256,0
262261,0
262280,0
262288,0
262294,0
262306,1
262312,0
262324,0
262325,0
262333,0
262338,1
262339,0
262343,0
262353,1
262358,0
262359,0
262367,0
262369,0
262374,0
262379,0
262384,0
262385,0
262387,0
262388,1
262391,0
262398,0
262404,0
262413,0
262433,0
262435,0
262437,0
262440,0
262444,0
262448,0
262457,0
262458,0
262476,0
262477,0
262479,0
262480,1
262481,0
262482,0
262486,0
262494,0
262509,0
262511,0
262512,0
262521,0
262525,0
262532,0
262533,0
262536,1
262539,0
262543,0
262544,0
262548,0
262564,0
262568,0
262574,0
262578,0
262584,0
262586,0
262600,0
262610,0
262612,0
262615,0
262639,0
262648,0
262682,0
262693,0
262694,1
262696,0
262717,0
262722,0
262727,0
262730,0
262733,0
262738,0
262744,1
262770,0
262801,0
262803,0
262815,0
262822,0
262826,0
262830,0
262839,0
262841,0
262866,0
262874,0
262876,0
262880,0
262881,0
262883,0
262893,0
262903,0
262906,0
262912,0
262913,0
262917,1
262921,0
262927,0
262931,0
262953,1
262964,0
262974,0
262984,0
262988,0
262993,0
262994,0
263001,0
263007,0
263013,0
263019,0
263022,0
263030,0
263036,0
263038,0
263041,0
263049,1
263052,0
263060,0
263062,0
263063,0
263068,0
263076,0
263079,0
263091,0
263103,0
263124,1
263126,0
263136,0
263139,0
263140,0
263167,0
263170,1
263179,0
263180,0
263181,0
263182,0
263188,0
263196,0
263197,0
263202,0
263203,0
263204,0
263213,0
263222,0
263234,0
263252,0
263260,0
263276,0
263278,0
263286,0
263296,0
263299,0
263303,0
263304,0
263305,0
263307,0
263320,0
263322,0
263332,0
263349,0
263354,0
263360,0
263361,0
263374,0
263375,1
263380,0
263386,0
263388,1
263392,0
263398,0
263404,1
263405,0
263411,0
263418,1
263427,0
263436,0
263441,1
263444,0
263446,0
263449,0
263453,0
263478,0
263480,0
263490,0
263496,0
263497,0
263502,0
263519,0
263523,0
263524,0
263527,0
263528,0
263533,0
263536,0
263539,0
263541,0
263542,0
263557,0
263563,0
263572,0
263573,0
263577,1
263578,0
263587,0
263600,0
263612,0
263618,0
263620,0
263622,0
263628,0
263650,0
263668,0
263673,0
263691,0
263697,0
263707,0
263711,0
263730,0
263737,0
263747,0
263762,1
263775,0
263779,1
263784,0
263793,0
263807,0
263810,0
263811,0
263818,0
263826,0
263832,0
263841,0
263850,0
263852,0
263853,0
263859,1
263901,0
263906,0
263931,1
263933,0
263936,0
263939,0
263941,0
263943,0
263965,0
263971,0
263973,0
263975,0
263980,0
263982,0
263986,0
263990,0
264000,0
264018,0
264025,0
264026,0
264032,0
264035,0
264054,0
264066,0
264070,0
264080,0
264096,0
264099,0
264103,0
264110,0
264114,0
264119,0
264123,0
264124,0
264126,0
264138,0
264151,0
264154,0
264156,0
264158,0
264162,0
264163,0
264177,0
264189,0
264200,0
264213,0
264216,0
264217,0
264219,0
264220,0
264233,0
264250,0
264258,0
264267,0
264281,1
264297,0
264298,0
264306,0
264311,0
264323,0
264329,0
264354,0
264359,0
264361,0
264373,1
264383,0
264386,0
264387,0
264398,0
264409,0
264412,0
264418,1
264426,0
264432,0
264433,0
264435,0
264442,0
264463,0
264475,0
264477,0
264479,0
264483,0
264490,0
264494,0
264501,0
264509,0
264511,0
264512,0
264533,0
264534,0
264565,0
264567,0
264596,0
264598,0
264613,0
264616,0
264623,0
264631,0
264640,0
264646,0
264652,0
264659,0
264661,0
264669,0
264670,0
264673,0
264679,0
264684,0
264690,0
264696,0
264701,0
264706,0
264715,1
264716,0
264720,0
264726,0
264735,0
264745,0
264747,0
264764,1
264765,0
264780,0
264783,1
264785,1
264790,0
264793,0
264800,0
264814,0
264825,0
264839,0
264846,0
264847,0
264851,0
264860,0
264861,0
264864,0
264866,1
264880,0
264884,1
264889,0
264896,0
264899,0
264904,0
264905,0
264929,0
264932,0
264937,1
264946,0
264948,0
264953,0
264955,0
264960,0
264966,0
264972,0
264974,0
264988,0
264996,0
264999,0
265005,0
265013,0
265019,0
265029,0
265034,0
265043,0
265069,0
265076,0
265078,0
265091,0
265097,0
265114,0
265118,0
265122,0
265133,0
265137,0
265148,0
265151,0
265158,0
265159,0
265193,0
265211,0
265222,0
265229,0
265247,0
265256,0
265258,0
265263,0
265271,0
265277,0
265282,0
265286,0
265294,0
265299,0
265303,0
265309,0
265316,0
265328,0
265335,0
265345,0
265357,0
265365,0
265374,0
265375,1
265377,0
265382,0
265385,0
265394,0
265396,0
265400,0
265402,0
265410,0
265418,0
265424,0
265441,0
265442,0
265443,0
265454,0
265455,0
265464,1
265476,1
265503,0
265509,0
265515,0
265517,0
265525,0
265526,0
265530,0
265534,0
265546,0
265547,0
265551,0
265570,0
265578,0
265583,0
265584,0
265588,0
265603,0
265610,0
265612,0
265624,0
265639,0
265642,0
265645,0
265664,0
265671,0
265673,0
265674,0
265675,0
265676,0
265677,0
265682,0
265685,0
265688,0
265698,1
265701,0
265702,0
265704,0
265715,0
265726,0
265728,0
265733,0
265746,0
265747,0
265753,0
265755,0
265758,0
265764,0
265770,0
265771,1
265778,0
265781,0
265782,0
265795,0
265801,0
265808,0
265820,0
265828,0
265829,0
265838,1
265847,0
265860,0
265864,1
265874,1
265882,1
265886,1
265887,1
265899,0
265913,0
265915,0
265916,0
265919,1
265921,0
265924,0
265927,0
265934,0
265936,0
265950,0
265953,0
265963,0
265964,0
265968,0
265971,0
265972,0
265977,1
265986,0
265996,1
265998,0
266001,0
266005,0
266007,0
266008,0
266023,1
266042,0
266051,0
266054,0
266062,0
266066,0
266073,0
266077,0
266080,0
266103,0
266112,0
266118,0
266134,0
266136,0
266150,0
266172,0
266185,0
266198,0
266204,0
266205,0
266221,0
266226,0
266228,0
266236,0
266249,0
266252,0
266253,1
266261,0
266268,0
266269,0
266298,0
266300,0
266307,0
266314,0
266324,0
266325,0
266337,0
266343,0
266345,0
266353,0
266376,0
266382,0
266389,0
266397,0
266413,0
266427,0
266436,0
266445,0
266450,0
266451,0
266460,1
266472,0
266474,0
266486,0
266489,0
266495,0
266500,0
266504,0
266506,0
266515,0
266520,0
266523,0
266541,0
266542,0
266545,0
266547,0
266551,0
266557,0
266564,0
266568,0
266575,1
266603,1
266605,1
266606,0
266611,0
266627,0
266657,0
266663,0
266669,0
266670,0
266673,0
266675,0
266692,0
266695,0
266696,0
266705,0
266706,0
266707,0
266731,0
266741,1
266742,0
266775,0
266779,0
266780,0
266795,0
266799,0
266809,0
266810,0
266814,0
266824,0
266836,0
266851,0
266853,0
266855,0
266870,0
266872,0
266873,0
266889,0
266893,0
266904,0
266909,1
266913,0
266914,0
266915,1
266922,0
266924,0
266925,0
266930,0
266933,0
266936,0
266965,0
266972,0
266975,0
266978,0
266979,0
266986,0
266987,1
266990,0
266992,0
267001,0
267005,0
267010,0
267016,0
267019,0
267024,0
267026,0
267028,0
267029,0
267030,0
267039,0
267055,0
267062,0
267063,0
267073,0
267076,1
267082,0
267089,0
267090,0
267097,0
267098,1
267106,0
267118,0
267120,0
267122,0
267124,0
267132,0
267138,0
267141,0
267165,0
267168,0
267169,0
267175,0
267179,0
267181,0
267196,0
267201,0
267209,0
267213,0
267215,0
267219,0
267249,0
267250,0
267253,0
267263,0
267270,0
267295,0
267303,0
267307,0
267318,0
267320,0
267330,0
267331,0
267335,0
267336,1
267337,0
267351,0
267365,0
267371,0
267376,0
267391,0
267392,0
267396,0
267397,0
267399,0
267424,0
267425,0
267433,0
267447,0
267452,0
267456,0
267462,0
267475,0
267482,1
267487,0
267503,0
267520,0
267523,0
267546,0
267552,0
267553,0
267563,0
267571,0
267572,0
267573,0
267576,0
267580,0
267587,0
267603,0
267615,0
267622,0
267630,0
267631,0
267637,0
267642,0
267663,0
267670,1
267699,0
267700,0
267703,0
267708,0
267710,0
267712,0
267721,0
267726,0
267728,0
267732,0
267741,0
267743,1
267759,0
267778,0
267779,0
267785,0
267786,0
267791,0
267793,0
267819,0
267824,0
267827,0
267844,0
267852,0
267858,0
267859,1
267871,0
267875,0
267884,1
267888,0
267901,0
267909,1
267920,0
267928,0
267935,0
267936,0
267941,0
267957,0
267958,0
267960,1
267961,0
267962,0
267963,0
267975,0
267986,1
268000,0
268016,0
268018,0
268034,0
268054,0
268058,0
268078,0
268088,0
268093,0
268106,0
268115,0
268116,0
268126,0
268128,0
268129,0
268132,0
268133,0
268136,0
268186,0
268195,0
268196,1
268204,0
268210,0
268215,0
268223,0
268224,0
268229,1
268235,0
268257,0
268272,0
268273,0
268284,0
268287,0
268298,0
268311,0
268315,0
268324,0
268325,0
268326,0
268330,1
268334,0
268343,0
268354,0
268360,0
268364,0
268387,0
268425,0
268443,0
268461,0
268472,0
268477,0
268478,0
268481,0
268483,0
268485,0
268491,0
268506,0
268522,0
268530,0
268541,0
268542,0
268544,0
268548,0
268551,0
268555,0
268557,0
268559,0
268575,0
268585,0
268594,0
268595,0
268599,0
268612,0
268615,0
268624,0
268632,0
268636,0
268644,0
268656,0
268664,0
268666,0
268670,1
268674,0
268690,1
268700,0
268701,0
268705,0
268706,0
268710,0
268715,0
268722,0
268729,0
268731,0
268750,0
268759,0
268763,0
268769,0
268776,1
268780,0
268788,0
268798,0
268807,0
268818,0
268830,0
268837,0
268842,1
268843,0
268873,0
268874,0
268875,0
268877,0
268878,1
268883,0
268895,0
268897,0
268902,0
268904,0
268907,0
268912,0
268924,0
268933,1
268937,0
268939,0
268994,0
268996,0
268999,0
269003,0
269025,0
269044,0
269047,0
269049,0
269051,0
269059,0
269063,0
269073,0
269077,0
269083,0
269087,0
269091,0
269095,0
269096,0
269100,1
269103,0
269106,0
269116,0
269122,0
269133,0
269134,0
269141,0
269160,0
269164,1
269167,0
269191,0
269202,0
269216,0
269220,0
269235,0
269239,0
269240,0
269258,0
269271,0
269272,0
269280,0
269286,0
269292,0
269301,0
269306,0
269310,0
269312,0
269315,1
269323,0
269329,0
269332,0
269335,0
269348,0
269358,0
269362,0
269383,1
269387,0
269397,0
269399,0
269404,0
269434,0
269435,0
269437,0
269446,0
269449,0
269460,0
269480,0
269482,0
269487,0
269492,1
269517,0
269521,0
269530,0
269531,0
269534,0
269535,0
269556,0
269557,0
269559,0
269564,0
269565,0
269572,0
269597,0
269599,0
269605,0
269607,0
269639,0
269643,0
269651,0
269660,0
269669,0
269674,0
269679,0
269682,0
269683,0
269691,0
269696,0
269698,0
269712,0
269714,0
269715,0
269717,0
269730,0
269743,0
269755,0
269757,0
269761,0
269778,0
269784,0
269786,0
269790,0
269804,0
269808,0
269809,1
269811,0
269820,0
269825,0
269835,0
269846,0
269851,0
269853,0
269862,0
269873,0
269888,0
269895,0
269896,0
269897,0
269900,0
269906,0
269907,0
269911,0
269918,0
269923,0
269925,0
269927,0
269928,0
269930,0
269935,0
269936,0
269948,0
269950,1
269962,0
269976,0
269977,0
269988,0
269991,0
269996,0
270024,0
270029,1
270049,0
270067,0
270072,0
270073,0
270074,0
270077,1
270086,1
270087,0
270089,0
270097,0
270101,0
270109,0
270110,1
270113,0
270115,0
270123,0
270124,1
270133,0
270153,0
270156,0
270171,0
270196,0
270200,0
270207,0
270213,0
270215,0
270216,0
270230,0
270246,0
270250,0
270252,0
270269,0
270271,0
270274,0
270297,0
270312,0
270315,0
270323,0
270327,0
270340,0
270342,0
270343,0
270348,0
270353,0
270360,0
270362,0
270372,0
270378,1
270382,0
270388,0
270399,0
270409,0
270425,0
270426,0
270432,1
270439,0
270447,0
270451,0
270468,0
270490,0
270497,0
270503,0
270504,0
270510,0
270512,0
270515,1
270517,0
270527,0
270546,0
270549,0
270551,0
270567,0
270577,0
270581,0
270591,0
270592,0
270593,0
270596,0
270597,0
270600,0
270601,0
270605,0
270611,0
270626,0
270638,1
270640,0
270648,0
270650,0
270655,1
270660,0
270663,0
270675,0
270679,0
270683,0
270689,0
270693,0
270694,0
270698,0
270701,0
270737,0
270745,0
270748,0
270752,0
270769,0
270777,0
270781,0
270804,1
270806,0
270809,0
270818,0
270824,0
270828,0
270830,0
270839,0
270863,0
270866,0
270869,0
270874,0
270876,0
270905,0
270910,0
270916,0
270920,0
270923,1
270929,0
270934,1
270937,0
270943,0
270944,0
270962,0
270969,0
270972,0
270973,0
270980,0
270981,0
270983,0
270986,0
271005,0
271020,0
271027,0
271029,0
271039,0
271045,0
271067,0
271076,0
271084,0
271089,1
271090,0
271092,0
271107,0
271108,0
271110,0
271113,0
271121,0
271122,1
271132,0
271133,0
271138,0
271139,0
271154,0
271156,0
271158,0
271160,0
271166,0
271167,0
271171,0
271173,0
271176,0
271184,0
271194,0
271202,0
271204,0
271215,0
271223,0
271266,0
271267,0
271275,0
271288,0
271305,0
271310,0
271320,0
271332,0
271338,1
271342,0
271346,0
271348,0
271356,0
271402,0
271406,0
271423,0
271436,0
271438,0
271444,0
271457,0
271458,0
271463,0
271475,0
271485,0
271488,0
271498,0
271510,0
271539,0
271555,0
271556,1
271561,0
271563,1
271568,0
271580,0
271583,0
271590,0
271594,0
271595,0
271599,0
271608,0
271621,0
271628,0
271631,0
271633,0
271649,0
271669,0
271698,0
271718,0
271732,0
271736,0
271747,0
271769,0
271787,0
271789,0
271799,0
271800,0
271812,0
271820,0
271827,1
271830,0
271831,1
271843,0
271849,0
271852,0
271855,1
271856,0
271863,0
271864,0
271876,0
271877,0
271891,0
271895,0
271897,0
271899,0
271900,0
271905,0
271910,0
271916,1
271919,0
271920,1
271924,0
271937,0
271939,0
271942,0
271953,0
271972,0
271973,0
271979,0
271984,0
271986,0
271995,0
272006,0
272021,0
272022,0
272025,0
272027,0
272033,0
272036,0
272037,0
272038,0
272053,0
272071,0
272073,0
272077,0
272080,0
272084,0
272087,0
272099,0
272112,0
272127,0
272132,0
272144,0
272147,0
272151,0
272162,0
272169,0
272181,0
272189,0
272212,0
272216,1
272217,0
272221,0
272224,0
272225,0
272237,0
272238,0
272259,0
272278,0
272281,0
272290,0
272294,0
272307,0
272312,1
272320,0
272325,0
272333,0
272340,0
272346,0
272354,0
272360,1
272369,0
272372,0
272374,0
272375,0
272382,1
272388,0
272401,0
272406,0
272409,0
272410,0
272411,0
272414,0
272415,0
272417,1
272423,0
272434,0
272447,0
272450,0
272451,0
272457,0
272465,0
272468,0
272470,0
272471,0
272473,0
272485,1
272487,0
272498,0
272500,0
272523,0
272525,0
272526,0
272527,0
272530,0
272532,0
272534,0
272540,1
272546,0
272553,0
272561,0
272571,0
272578,0
272585,0
272594,0
272596,0
272597,0
272617,0
272622,0
272629,0
272639,0
272648,0
272663,0
272664,0
272665,0
272673,0
272686,0
272693,0
272705,0
272707,0
272709,0
272713,1
272720,0
272721,0
272726,1
272728,0
272732,0
272742,0
272748,0
272750,0
272753,0
272766,0
272772,0
272775,0
272792,0
272796,0
272802,0
272805,0
272826,0
272830,0
272851,0
272862,0
272865,0
272866,0
272870,0
272872,0
272879,0
272880,0
272884,0
272887,0
272892,0
272895,0
272897,1
272899,0
272900,1
272926,0
272948,0
272952,0
272958,0
272960,0
272962,0
272966,0
272968,0
272972,0
272973,0
272987,0
272990,0
273000,1
273030,0
273034,0
273044,0
273056,0
273072,0
273084,0
273090,0
273114,0
273115,0
273140,0
273141,0
273144,0
273147,0
273150,0
273162,1
273169,0
273186,1
273187,0
273191,1
273210,1
273214,0
273219,0
273224,0
273237,0
273240,0
273241,0
273251,1
273252,0
273267,0
273268,0
273271,0
273273,1
273277,0
273279,0
273288,0
273308,0
273319,0
273339,0
273356,0
273361,0
273364,0
273375,0
273378,0
273389,0
273390,0
273392,0
273395,0
273397,0
273427,0
273432,0
273436,0
273440,0
273442,0
273465,0
273466,0
273472,0
273473,0
273474,0
273500,0
273505,0
273518,0
273528,0
273529,0
273536,0
273543,0
273545,0
273548,0
273557,0
273560,0
273568,0
273575,0
273594,0
273596,0
273600,0
273607,0
273608,0
273616,0
273621,0
273637,0
273644,0
273656,0
273657,0
273674,0
273676,0
273685,0
273689,0
273694,0
273703,0
273710,0
273714,0
273722,0
273730,1
273737,1
273744,0
273755,0
273766,0
273779,0
273781,0
273789,0
273793,0
273795,0
273804,0
273805,0
273809,0
273812,0
273828,0
273831,0
273842,0
273859,0
273866,0
273878,0
273886,0
273888,0
273890,0
273896,0
273902,0
273909,0
273930,0
273943,1
273945,0
273960,0
273961,0
273969,0
273972,0
273978,1
273979,0
273983,0
273989,0
274016,0
274025,0
274026,0
274027,0
274035,0
274036,0
274037,0
274041,0
274048,0
274056,0
274068,0
274071,0
274085,0
274086,0
274089,0
274091,0
274093,0
274105,0
274106,0
274109,0
274111,0
274119,0
274120,0
274121,0
274130,0
274132,0
274134,0
274138,1
274145,0
274157,0
274161,0
274166,0
274170,0
274175,0
274194,0
274203,0
274204,0
274227,0
274241,0
274244,0
274245,0
274251,0
274254,0
274259,0
274267,0
274276,0
274278,0
274283,0
274285,0
274295,0
274296,0
274312,0
274321,0
274335,0
274339,0
274340,0
274354,0
274369,0
274371,0
274372,0
274404,1
274413,0
274417,0
274422,0
274429,0
274430,0
274435,0
274436,0
274438,0
274449,0
274452,0
274459,0
274473,0
274474,0
274494,0
274500,0
274520,0
274526,0
274535,0
274547,0
274550,0
274551,0
274554,0
274557,0
274567,0
274583,0
274601,0
274612,0
274621,0
274622,0
274623,0
274624,0
274628,1
274630,0
274636,0
274637,0
274638,0
274647,0
274650,0
274651,0
274657,0
274664,0
274671,0
274674,0
274684,0
274695,0
274700,0
274701,0
274702,0
274718,0
274720,0
274723,0
274731,0
274737,0
274746,0
274750,0
274757,1
274759,0
274773,0
274779,0
274797,0
274803,0
274809,0
274811,0
274817,0
274824,0
274826,0
274830,0
274835,0
274853,0
274854,0
274859,0
274860,0
274893,0
274896,0
274909,0
274913,0
274921,0
274922,0
274928,0
274945,0
274946,0
274952,0
274957,0
274958,0
274963,0
274966,0
274974,0
274977,0
274997,0
275000,0
275009,0
275010,0
275014,0
275021,0
275024,0
275028,0
275035,0
275045,0
275053,1
275075,0
275076,0
275087,0
275093,0
275112,0
275113,0
275124,1
275133,0
275135,0
275136,0
275138,0
275142,0
275145,0
275160,0
275161,0
275162,0
275165,0
275170,0
275176,0
275177,0
275178,0
275181,0
275194,0
275202,0
275212,0
275215,0
275221,0
275222,0
275223,0
275227,0
275235,0
275244,0
275260,0
275263,0
275284,0
275285,0
275290,1
275303,0
275304,0
275310,0
275326,0
275332,0
275340,0
275354,0
275366,0
275368,0
275377,0
275385,0
275386,0
275390,1
275395,0
275397,0
275403,0
275407,0
275409,0
275418,0
275425,0
275431,0
275435,0
275437,0
275442,0
275443,0
275445,0
275446,0
275449,0
275456,0
275460,0
275465,1
275486,0
275496,0
275525,0
275532,0
275533,0
275543,1
275553,0
275582,0
275593,0
275610,0
275622,0
275623,0
275626,0
275628,0
275650,0
275660,0
275662,0
275663,0
275671,0
275675,0
275684,0
275687,0
275690,0
275699,0
275701,0
275714,1
275720,0
275722,1
275725,0
275728,0
275737,0
275746,0
275775,0
275824,0
275843,0
275851,0
275871,0
275887,0
275908,0
275916,0
275919,0
275923,0
275933,0
275943,0
275948,0
275951,0
275961,0
275964,0
275974,0
275977,0
275990,0
275996,0
275999,0
276004,0
276033,0
276036,0
276039,0
276044,0
276059,0
276067,0
276071,0
276090,1
276095,0
276097,0
276102,1
276108,1
276127,0
276137,0
276146,1
276152,0
276156,0
276157,0
276163,0
276169,0
276171,0
276172,0
276176,1
276181,0
276186,0
276187,0
276192,0
276194,0
276200,0
276201,0
276202,0
276208,0
276227,0
276239,0
276246,0
276251,0
276260,0
276264,0
276267,0
276277,1
276279,0
276280,0
276289,0
276298,0
276300,0
276302,0
276304,0
276329,0
276340,0
276347,0
276349,0
276355,0
276356,0
276360,0
276362,0
276367,0
276371,0
276374,0
276377,0
276383,0
276393,1
276396,0
276397,0
276410,0
276411,0
276413,0
276429,0
276439,0
276440,0
276452,1
276456,0
276458,0
276461,0
276462,0
276468,0
276471,0
276480,0
276500,0
276502,0
276507,0
276510,0
276511,0
276513,0
276518,0
276526,0
276530,0
276533,0
276539,0
276545,1
276554,1
276557,0
276564,0
276585,0
276594,0
276608,0
276618,0
276633,0
276646,0
276647,0
276655,0
276673,0
276679,0
276680,0
276681,0
276682,0
276686,0
276698,1
276700,0
276710,0
276711,0
276713,0
276714,0
276740,0
276743,0
276746,0
276749,0
276752,0
276756,0
276757,0
276760,1
276763,0
276765,0
276772,0
276776,0
276780,0
276792,0
276796,0
276822,0
276829,0
276837,0
276843,0
276853,1
276855,0
276872,0
276879,0
276891,0
276895,0
276901,0
276908,0
276914,1
276917,1
276920,0
276924,0
276930,0
276941,0
276946,0
276947,0
276948,0
276949,0
276953,0
276954,0
276960,0
276975,0
276977,0
276983,0
277002,0
277008,0
277016,0
277033,0
277035,0
277045,0
277046,0
277062,0
277067,0
277071,0
277073,0
277074,0
277084,0
277096,0
277099,0
277128,0
277136,0
277143,0
277145,0
277146,0
277160,0
277166,0
277171,0
277174,0
277193,0
277198,0
277199,0
277215,0
277218,0
277231,0
277240,0
277281,0
277303,0
277310,0
277318,0
277319,0
277328,0
277331,0
277334,1
277337,0
277340,0
277355,0
277366,0
277374,0
277378,0
277383,1
277392,0
277396,0
277403,0
277433,0
277435,0
277455,0
277469,0
277482,0
277483,0
277489,0
277491,0
277519,0
277524,0
277539,0
277544,0
277549,0
277558,0
277576,0
277600,0
277601,0
277625,0
277643,0
277645,0
277655,0
277658,0
277659,0
277662,0
277663,0
277671,0
277686,0
277688,0
277693,0
277695,0
277707,0
277715,0
277724,0
277734,0
277737,0
277741,0
277749,0
277755,0
277768,0
277774,0
277780,0
277781,0
277783,0
277785,0
277795,0
277801,0
277806,0
277808,0
277811,0
277823,0
277825,1
277827,0
277828,0
277830,0
277833,0
277834,0
277835,1
277847,0
277853,0
277864,0
277867,1
277877,0
277880,0
277883,0
277884,0
277909,0
277915,0
277918,0
277949,0
277956,0
277968,0
277974,0
277990,0
278004,0
278005,0
278016,0
278019,0
278022,0
278033,0
278034,0
278046,0
278049,0
278052,0
278077,0
278081,0
278082,0
278092,0
278097,0
278122,0
278132,0
278144,0
278154,0
278161,0
278162,0
278166,0
278172,0
278183,0
278191,0
278193,0
278200,0
278205,0
278216,0
278222,0
278226,0
278230,0
278231,0
278235,0
278248,0
278256,0
278265,0
278266,0
278270,1
278283,0
278284,0
278285,0
278301,0
278306,1
278311,0
278317,0
278327,0
278330,0
278342,0
278358,0
278360,0
278362,0
278374,0
278380,0
278386,0
278389,0
278398,0
278410,0
278418,0
278427,0
278433,0
278435,0
278437,0
278443,0
278445,0
278457,0
278458,0
278489,0
278492,0
278497,0
278500,1
278503,0
278506,0
278518,1
278529,0
278541,0
278543,0
278544,0
278548,0
278568,0
278569,0
278572,0
278589,1
278594,0
278600,0
278619,0
278650,0
278672,0
278676,0
278677,0
278685,0
278689,1
278698,0
278699,0
278712,0
278727,0
278729,0
278735,0
278739,0
278744,0
278757,1
278758,0
278760,0
278761,0
278767,0
278771,0
278775,0
278792,0
278805,0
278811,0
278820,0
278842,0
278846,0
278869,0
278891,0
278894,0
278911,0
278915,0
278918,0
278919,0
278921,0
278922,0
278923,1
278924,1
278936,0
278939,0
278947,0
278959,0
278963,0
278965,0
278970,1
278973,0
278977,0
278984,0
278987,0
278990,0
278995,0
279002,0
279021,1
279045,1
279055,0
279080,0
279082,0
279089,0
279101,0
279103,0
279104,1
279117,0
279118,0
279127,0
279133,0
279136,0
279155,0
279168,1
279185,0
279196,0
279199,0
279207,0
279231,0
279241,0
279259,0
279267,0
279280,0
279304,0
279305,0
279311,0
279331,0
279350,0
279354,0
279363,0
279368,1
279388,0
279398,1
279403,0
279420,0
279423,0
279424,0
279429,0
279432,1
279443,0
279445,0
279449,1
279457,0
279458,0
279468,0
279469,0
279492,0
279504,0
279507,0
279518,0
279520,1
279523,0
279538,0
279539,0
279544,0
279546,0
279552,0
279554,0
279563,0
279568,0
279574,0
279605,0
279606,0
279609,0
279617,0
279623,0
279627,0
279636,0
279640,0
279643,0
279646,0
279659,0
279663,0
279677,0
279687,0
279718,0
279726,0
279730,0
279734,0
279745,0
279746,0
279752,0
279755,0
279759,1
279773,0
279774,0
279783,1
279803,0
279809,0
279811,0
279824,1
279841,0
279848,1
279850,0
279870,0
279891,0
279900,0
279911,0
279914,0
279920,0
279924,1
279931,0
279937,0
279961,0
279993,0
280003,0
280015,0
280026,0
280027,0
280037,0
280050,0
280054,0
280060,0
280065,0
280066,1
280088,0
280097,0
280100,0
280111,0
280114,1
280119,0
280123,0
280124,0
280132,0
280138,0
280141,0
280147,0
280154,0
280155,1
280161,0
280162,0
280164,0
280169,0
280180,0
280200,0
280201,1
280202,0
280211,0
280218,0
280240,0
280244,0
280248,0
280253,0
280256,0
280259,0
280275,0
280278,0
280281,0
280285,0
280290,0
280294,0
280307,0
280321,0
280323,0
280332,0
280356,0
280362,0
280364,0
280373,0
280378,0
280379,0
280382,0
280395,0
280398,0
280407,0
280412,0
280419,0
280420,0
280431,0
280434,0
280436,0
280438,0
280439,0
280440,0
280456,0
280471,0
280475,0
280486,0
280492,1
280494,0
280497,0
280500,0
280520,0
280530,0
280538,0
280540,0
280546,0
280564,1
280573,0
280576,0
280581,0
280589,0
280591,0
280596,0
280605,0
280614,0
280615,1
280626,0
280641,0
280644,0
280646,0
280661,0
280663,1
280664,0
280667,0
280678,0
280681,0
280683,0
280684,0
280709,0
280710,0
280716,0
280729,0
280741,0
280753,0
280758,0
280759,0
280778,0
280796,0
280817,0
280819,1
280827,0
280864,0
280869,0
280876,0
280888,0
280899,0
280900,0
280920,0
280928,0
280936,0
280943,0
280951,0
280953,0
280959,0
280972,0
280977,0
280980,0
280992,0
281000,0
281004,0
281012,0
281017,0
281022,0
281028,0
281040,0
281043,0
281046,1
281047,0
281052,0
281074,0
281078,0
281079,0
281103,0
281107,0
281116,0
281117,0
281128,0
281138,0
281141,0
281145,0
281151,0
281158,0
281174,0
281175,0
281189,0
281191,0
281207,0
281211,0
281240,0
281242,1
281244,0
281249,0
281250,0
281253,0
281282,0
281283,0
281294,0
281296,0
281301,0
281336,0
281345,0
281359,0
281370,1
281374,0
281378,0
281381,0
281387,0
281395,0
281397,0
281419,0
281424,0
281440,0
281443,0
281444,0
281445,0
281450,1
281456,0
281463,0
281469,0
281471,0
281474,0
281475,0
281490,0
281495,0
281520,0
281526,1
281528,0
281532,0
281534,0
281539,0
281545,0
281553,1
281555,0
281560,0
281590,0
281595,1
281597,0
281598,0
281605,0
281645,0
281654,0
281658,0
281666,0
281696,0
281698,0
281704,0
281706,0
281714,0
281716,0
281717,0
281729,0
281732,0
281754,0
281762,0
281763,0
281766,0
281767,0
281772,0
281774,1
281776,0
281784,0
281788,0
281804,0
281805,0
281807,0
281809,1
281818,0
281819,0
281822,0
281825,0
281828,0
281839,0
281846,0
281857,0
281866,1
281872,0
281883,1
281888,0
281889,1
281900,0
281912,0
281946,0
281952,0
281973,0
281984,0
281990,0
281991,0
281995,0
282018,0
282022,0
282038,0
282043,0
282066,0
282079,0
282082,0
282099,0
282107,0
282109,0
282123,0
282124,0
282125,0
282128,1
282147,0
282160,1
282161,0
282168,0
282175,0
282186,1
282189,0
282190,0
282194,0
282198,0
282202,0
282207,0
282209,0
282213,0
282219,0
282225,0
282229,0
282233,0
282234,0
282237,0
282243,0
282249,1
282253,0
282262,0
282263,0
282271,0
282276,0
282287,0
282299,0
282305,0
282313,0
282322,0
282335,0
282340,0
282354,0
282360,1
282370,0
282384,0
282397,1
282405,0
282406,0
282418,0
282419,0
282420,0
282424,0
282436,0
282441,0
282449,0
282450,0
282459,0
282462,0
282468,1
282510,0
282514,0
282516,0
282525,0
282536,0
282539,0
282561,0
282566,0
282575,0
282577,0
282583,0
282589,0
282595,0
282598,0
282612,0
282614,0
282623,0
282631,0
282636,0
282650,0
282655,0
282663,0
282664,0
282669,1
282671,0
282689,0
282692,0
282693,0
282701,0
282717,0
282721,0
282732,0
282747,0
282757,0
282763,0
282769,0
282775,0
282783,0
282785,0
282789,0
282790,0
282795,1
282796,0
282799,1
282802,0
282803,0
282805,0
282824,0
282825,0
282826,0
282830,0
282834,0
282847,0
282851,0
282853,0
282876,0
282889,0
282896,0
282921,0
282930,0
282942,0
282949,0
282953,1
282958,0
282972,0
282973,0
282983,1
282989,0
282992,0
283001,0
283034,0
283045,0
283061,0
283063,0
283066,0
283071,0
283079,1
283083,0
283095,0
283098,0
283111,0
283112,0
283119,1
283120,0
283124,0
283134,0
283141,0
283142,0
283148,0
283158,0
283163,0
283182,1
283186,0
283200,0
283209,0
283217,0
283221,0
283225,0
283235,0
283237,0
283240,0
283242,0
283247,0
283252,0
283255,0
283256,0
283258,0
283285,0
283288,0
283289,0
283292,1
283301,0
283334,0
283343,0
283348,0
283349,0
283357,0
283368,0
283391,0
283407,0
283410,0
283416,0
283417,0
283422,0
283424,0
283430,0
283435,0
283441,0
283453,0
283470,0
283471,0
283473,0
283474,0
283476,0
283487,0
283490,0
283504,0
283505,0
283527,1
283535,0
283557,0
283559,0
283563,0
283569,0
283577,0
283579,0
283597,0
283604,0
283605,0
283613,0
283617,0
283622,0
283627,0
283630,0
283640,0
283644,0
283657,0
283660,0
283673,0
283679,0
283690,0
283703,0
283710,0
283715,0
283720,0
283725,0
283741,0
283753,0
283777,0
283783,0
283793,0
283795,1
283804,0
283807,0
283828,0
283846,0
283851,0
283869,0
283870,0
283875,0
283877,0
283878,0
283884,0
283905,0
283910,0
283912,0
283917,1
283926,1
283934,0
283936,0
283946,0
283971,0
283975,0
283977,0
283980,0
283991,0
283999,0
284004,0
284005,0
284007,0
284009,0
284012,0
284017,0
284034,0
284037,1
284038,0
284041,0
284058,0
284073,0
284074,0
284078,0
284088,0
284089,0
284092,0
284098,0
284117,0
284122,0
284131,0
284132,0
284136,0
284138,0
284151,0
284160,1
284161,0
284164,0
284174,0
284178,0
284180,0
284181,0
284182,0
284185,0
284188,0
284193,0
284200,0
284208,0
284227,0
284229,0
284233,0
284237,0
284260,0
284264,0
284270,0
284278,0
284282,0
284297,0
284310,0
284314,0
284327,0
284336,0
284359,0
284378,0
284383,1
284396,0
284403,0
284411,0
284416,0
284431,0
284436,0
284437,1
284440,0
284449,1
284450,0
284453,0
284454,0
284459,1
284464,0
284470,0
284474,0
284476,0
284483,0
284484,0
284490,0
284493,0
284494,0
284496,0
284497,0
284521,0
284525,0
284540,1
284542,0
284543,1
284546,0
284549,0
284562,1
284565,0
284569,0
284585,0
284586,0
284594,0
284600,0
284602,0
284619,0
284625,0
284637,0
284639,0
284646,0
284649,0
284658,0
284660,0
284675,0
284687,0
284690,0
284713,0
284722,0
284740,0
284742,0
284746,0
284758,0
284763,0
284765,0
284769,1
284771,0
284782,0
284792,0
284802,0
284812,0
284814,0
284825,0
284826,0
284828,0
284830,0
284838,0
284847,0
284850,0
284855,0
284863,1
284876,0
284892,0
284893,0
284901,0
284924,0
284925,0
284928,0
284929,0
284930,0
284945,0
284947,0
284970,0
284973,0
284993,0
285009,0
285019,0
285023,0
285025,1
285028,0
285037,0
285042,0
285044,0
285048,0
285071,0
285076,0
285087,0
285093,0
285101,0
285111,0
285112,0
285129,1
285148,0
285161,0
285173,0
285192,0
285203,0
285204,0
285208,0
285210,0
285214,0
285219,0
285242,1
285265,0
285273,0
285285,0
285287,0
285301,0
285303,0
285308,0
285310,0
285316,0
285323,0
285331,0
285338,0
285350,0
285372,0
285373,0
285379,0
285386,0
285387,0
285393,0
285395,0
285401,0
285422,0
285438,0
285458,0
285470,0
285478,0
285481,0
285489,0
285505,0
285511,0
285531,0
285532,0
285535,0
285542,0
285546,1
285549,1
285550,0
285551,0
285566,0
285569,0
285572,0
285573,0
285580,0
285586,0
285600,0
285608,0
285611,0
285616,0
285617,0
285619,0
285622,0
285626,0
285627,0
285629,1
285634,0
285637,0
285644,0
285646,0
285654,0
285669,0
285674,0
285683,0
285685,0
285691,0
285693,1
285697,0
285699,0
285700,0
285714,0
285724,0
285727,0
285731,0
285735,0
285740,0
285758,0
285763,0
285771,0
285776,0
285780,0
285782,0
285789,0
285790,0
285794,0
285825,0
285834,0
285835,0
285837,0
285859,0
285864,0
285873,0
285877,0
285887,0
285896,0
285899,0
285910,0
285911,0
285917,0
285921,0
285925,0
285926,0
285935,0
285947,0
285952,0
285969,0
285976,0
285980,0
285981,0
285987,0
285994,0
285997,0
286002,0
286004,0
286009,0
286015,0
286020,0
286022,0
286024,0
286026,0
286028,0
286029,0
286030,0
286034,0
286039,0
286059,0
286063,0
286068,0
286079,0
286093,0
286099,0
286104,0
286106,0
286115,0
286122,0
286126,0
286133,0
286139,0
286145,0
286172,0
286184,0
286192,0
286195,0
286204,0
286205,0
286207,0
286210,0
286211,1
286212,0
286222,0
286228,0
286234,0
286237,0
286242,0
286246,0
286248,1
286252,0
286269,0
286270,0
286275,0
286280,0
286281,0
286283,0
286284,0
286290,0
286314,0
286317,0
286329,0
286339,0
286340,0
286345,0
286366,0
286379,0
286380,0
286388,0
286390,0
286392,0
286401,0
286424,0
286430,0
286437,0
286445,0
286446,0
286452,0
286465,0
286467,0
286486,0
286491,0
286497,0
286503,0
286519,0
286521,0
286523,0
286524,0
286533,0
286544,0
286556,0
286557,0
286561,0
286562,0
286568,0
286586,0
286597,0
286600,0
286605,1
286606,0
286621,0
286622,0
286626,0
286628,0
286629,0
286632,0
286633,0
286635,0
286641,0
286646,0
286649,1
286657,0
286659,1
286665,0
286673,0
286686,0
286690,0
286691,0
286713,0
286715,1
286717,0
286720,0
286721,0
286724,0
286729,0
286730,0
286774,0
286775,0
286777,0
286781,0
286795,0
286799,0
286804,0
286806,0
286807,0
286812,0
286822,0
286823,1
286824,1
286829,0
286833,0
286839,0
286845,0
286846,0
286858,0
286860,1
286861,0
286869,0
286870,1
286879,0
286884,0
286891,0
286899,0
286905,0
286907,0
286911,0
286913,0
286927,0
286934,0
286945,0
286948,0
286965,0
286970,0
286976,0
286995,0
286996,0
286998,0
287002,0
287020,0
287046,0
287056,0
287071,0
287072,0
287074,0
287075,0
287079,0
287082,0
287111,0
287114,0
287115,1
287129,0
287131,0
287135,0
287139,0
287147,0
287152,0
287153,0
287154,0
287160,0
287168,0
287173,0
287180,0
287181,0
287190,0
287194,0
287210,0
287219,0
287226,0
287232,1
287233,0
287234,0
287236,0
287247,0
287249,0
287253,0
287259,0
287276,0
287289,0
287291,0
287311,0
287335,0
287346,0
287348,0
287359,0
287365,0
287366,0
287413,0
287415,0
287425,0
287426,0
287433,1
287444,0
287448,0
287457,0
287462,0
287466,0
287478,1
287484,0
287493,0
287513,0
287519,1
287537,0
287540,0
287553,0
287556,0
287608,0
287613,0
287628,1
287651,0
287665,0
287668,0
287670,0
287671,0
287679,0
287686,0
287702,0
287704,0
287706,0
287713,0
287720,0
287727,0
287730,1
287743,0
287748,0
287760,0
287763,0
287765,0
287771,0
287774,0
287782,0
287790,0
287812,0
287814,0
287816,1
287826,0
287838,0
287841,0
287845,0
287865,0
287867,0
287869,0
287887,0
287896,0
287901,0
287902,0
287903,0
287917,0
287944,0
287954,0
287959,0
287968,0
287974,0
287975,0
287990,0
287991,0
287994,0
287995,0
288016,0
288017,0
288019,0
288021,0
288023,0
288029,0
288036,0
288037,0
288047,0
288048,0
288064,0
288066,0
288072,0
288073,0
288074,0
288077,0
288094,0
288095,0
288115,0
288135,0
288137,0
288140,0
288166,0
288169,0
288181,0
288190,0
288204,0
288210,0
288215,0
288217,0
288222,0
288246,0
288265,0
288275,0
288282,0
288288,0
288293,0
288300,0
288304,0
288311,0
288312,0
288332,0
288343,0
288344,0
288355,0
288365,0
288367,1
288371,0
288374,0
288378,0
288379,0
288390,1
288393,0
288401,0
288402,0
288410,0
288437,0
288441,1
288447,1
288453,0
288457,0
288465,0
288467,0
288482,0
288483,1
288489,0
288490,0
288493,0
288497,0
288499,0
288501,0
288508,0
288511,0
288513,0
288515,0
288516,0
288520,0
288527,0
288534,0
288549,0
288560,0
288586,0
288592,0
288609,0
288611,0
288613,0
288618,0
288625,0
288633,0
288634,0
288642,1
288643,0
288658,0
288660,0
288661,0
288662,0
288664,0
288668,0
288680,0
288685,0
288689,0
288690,0
288692,0
288707,0
288710,1
288711,0
288717,0
288743,0
288747,0
288757,0
288772,0
288781,0
288787,0
288789,0
288790,0
288797,0
288808,0
288810,0
288814,0
288817,0
288823,0
288833,0
288834,0
288843,0
288845,0
288857,0
288863,0
288868,1
288869,0
288873,0
288882,0
288883,0
288895,1
288912,0
288920,0
288936,0
288939,0
288942,0
288943,0
288946,0
288950,0
288954,0
288956,0
288958,0
288967,0
288968,0
288974,0
288978,0
288980,0
288985,1
288987,0
288990,0
288991,0
288994,0
288997,0
289000,0
289011,0
289033,0
289041,0
289042,1
289045,0
289056,0
289061,0
289068,1
289080,0
289087,0
289089,1
289091,1
289094,0
289108,0
289109,0
289110,0
289113,0
289117,0
289119,0
289120,0
289122,0
289124,0
289127,0
289133,0
289136,0
289143,0
289177,0
289184,0
289196,0
289214,1
289241,0
289246,0
289248,0
289257,0
289263,0
289275,0
289282,0
289284,0
289294,0
289308,0
289316,0
289318,0
289326,0
289327,0
289335,0
289336,0
289339,0
289343,0
289344,1
289359,0
289360,0
289361,0
289370,0
289373,1
289378,0
289382,0
289390,0
289391,0
289395,0
289398,0
289410,0
289411,1
289415,0
289419,1
289421,0
289422,0
289423,0
289425,0
289428,0
289429,0
289470,0
289506,0
289514,0
289516,0
289518,0
289525,0
289530,0
289536,0
289537,0
289539,0
289540,0
289544,0
289551,0
289562,0
289571,0
289594,0
289597,0
289600,1
289609,0
289630,0
289644,0
289645,0
289646,0
289654,0
289658,0
289673,0
289675,1
289697,0
289698,0
289703,0
289710,0
289729,0
289733,0
289745,0
289747,0
289749,0
289757,0
289773,0
289776,0
289780,0
289793,0
289794,0
289804,0
289807,0
289808,0
289811,0
289825,0
289829,0
289830,0
289840,0
289846,0
289847,0
289852,0
289859,1
289878,0
289880,0
289883,0
289889,0
289892,0
289894,0
289895,0
289898,0
289905,0
289932,0
289936,1
289939,0
289943,0
289973,0
289975,0
289978,0
289985,0
289986,0
289997,0
290006,0
290007,1
290010,0
290017,0
290018,1
290019,0
290039,0
290040,0
290043,0
290044,0
290052,0
290067,1
290068,0
290081,0
290094,0
290095,0
290097,0
290102,0
290112,0
290127,0
290135,0
290162,0
290174,0
290178,1
290181,0
290204,0
290211,1
290221,0
290225,0
290226,0
290238,1
290240,0
290245,0
290266,0
290268,0
290269,0
290286,0
290290,0
290294,0
290297,0
290301,0
290307,0
290314,0
290319,0
290323,0
290335,0
290336,0
290339,0
290346,0
290351,0
290357,0
290361,1
290366,0
290371,0
290374,0
290377,0
290411,0
290412,0
290419,1
290422,0
290430,0
290436,0
290451,1
290454,0
290483,0
290487,0
290499,0
290521,0
290530,0
290545,0
290546,0
290555,0
290566,0
290569,0
290592,0
290594,0
290596,0
290603,0
290607,0
290621,0
290624,0
290625,0
290629,1
290648,0
290666,0
290667,0
290670,0
290678,0
290679,1
290682,0
290694,0
290697,1
290701,0
290719,0
290725,0
290726,0
290736,0
290738,0
290740,0
290757,0
290773,0
290779,0
290787,0
290798,0
290801,0
290806,0
290807,0
290811,0
290828,0
290829,1
290835,0
290843,0
290848,1
290869,0
290872,0
290894,1
290897,0
290900,1
290903,0
290928,0
290938,0
290947,0
290948,0
290954,1
290965,1
290982,0
290997,0
291000,1
291001,0
291007,0
291020,0
291024,0
291030,0
291036,0
291046,0
291065,0
291069,0
291071,0
291077,0
291089,0
291095,0
291097,0
291104,1
291111,0
291120,0
291134,0
291139,0
291151,0
291159,0
291176,0
291187,0
291190,0
291192,0
291195,0
291203,0
291205,0
291206,0
291210,0
291215,0
291230,0
291233,0
291235,0
291242,0
291246,0
291247,0
291250,0
291261,0
291266,0
291271,1
291275,0
291281,0
291291,0
291292,0
291294,0
291300,0
291305,1
291307,0
291345,0
291375,0
291377,0
291383,0
291384,0
291386,0
291395,1
291399,0
291403,0
291406,0
291415,0
291416,0
291419,1
291426,0
291441,0
291447,0
291453,0
291464,0
291466,0
291469,0
291474,0
291485,1
291489,0
291492,0
291496,0
291504,0
291508,0
291517,0
291522,0
291525,0
291529,0
291533,0
291539,0
291544,0
291563,0
291568,0
291570,0
291572,0
291577,0
291578,0
291591,0
291595,0
291621,1
291642,1
291644,0
291648,0
291649,0
291652,0
291669,0
291674,0
291675,0
291691,0
291708,0
291714,0
291720,0
291724,0
291737,0
291750,0
291752,0
291764,1
291770,0
291772,0
291785,1
291798,0
291809,0
291814,0
291821,0
291824,0
291836,0
291838,1
291857,0
291861,0
291869,0
291876,0
291881,0
291882,0
291884,0
291885,0
291896,0
291898,0
291911,0
291931,0
291933,0
291941,0
291942,0
291950,0
291970,0
291973,0
291975,0
291978,0
291983,0
291985,0
292003,0
292033,0
292035,0
292036,0
292040,0
292086,0
292090,0
292110,0
292113,0
292122,0
292135,0
292139,0
292148,0
292154,0
292159,0
292166,0
292172,0
292173,0
292192,0
292210,0
292211,1
292221,0
292229,0
292232,0
292243,0
292244,0
292249,0
292251,0
292260,0
292265,1
292270,0
292276,0
292277,1
292303,0
292314,0
292316,0
292321,0
292353,0
292369,0
292372,0
292384,0
292400,0
292405,0
292416,0
292419,0
292427,1
292433,0
292442,0
292453,0
292467,0
292471,0
292472,0
292479,0
292482,0
292517,0
292518,1
292522,0
292523,0
292532,0
292534,0
292535,0
292536,0
292552,0
292555,0
292556,0
292561,0
292568,0
292586,0
292588,0
292590,0
292622,0
292627,0
292628,1
292630,0
292654,0
292673,0
292681,0
292686,0
292691,0
292714,1
292716,0
292730,0
292733,0
292738,0
292743,0
292744,0
292747,0
292748,0
292751,0
292758,0
292773,0
292774,0
292775,0
292779,0
292790,0
292794,0
292802,0
292804,0
292809,0
292814,0
292817,0
292820,0
292821,1
292832,0
292835,1
292850,0
292853,0
292855,0
292858,0
292863,0
292866,0
292867,0
292871,0
292872,0
292890,0
292902,0
292922,0
292931,0
292936,0
292952,0
292962,0
292969,0
292971,0
292976,0
292987,0
292991,1
292999,0
293005,0
293011,0
293017,0
293021,0
293023,0
293024,0
293031,0
293039,0
293044,0
293048,0
293050,0
293057,0
293064,0
293068,0
293071,0
293080,0
293083,0
293090,0
293102,0
293112,0
293115,0
293125,0
293129,0
293147,0
293157,0
293158,0
293179,0
293181,1
293188,0
293205,0
293207,0
293214,0
293220,0
293223,0
293231,0
293235,0
293238,0
293242,1
293251,0
293253,0
293257,0
293258,0
293260,0
293263,0
293269,0
293281,0
293291,1
293292,0
293298,0
293306,0
293318,0
293334,0
293364,0
293368,0
293375,0
293389,0
293398,1
293410,0
293411,0
293414,0
293434,0
293441,0
293443,0
293444,0
293456,0
293459,0
293461,1
293462,0
293470,1
293472,0
293476,0
293487,0
293492,0
293495,0
293499,0
293501,0
293506,0
293511,1
293533,0
293543,0
293561,0
293564,0
293569,0
293570,0
293582,0
293586,0
293604,0
293619,0
293620,0
293625,0
293626,0
293627,0
293628,0
293630,0
293633,0
293641,0
293646,0
293648,0
293656,0
293662,0
293670,0
293672,0
293680,0
293683,0
293690,0
293695,0
293697,0
293704,0
293712,0
293718,0
293735,0
293741,0
293744,0
293750,0
293776,0
293784,1
293791,0
293797,1
293800,0
293805,1
293810,0
293813,0
293818,0
293829,1
293831,0
293854,1
293875,0
293876,0
293879,0
293885,0
293895,0
293898,0
293913,0
293914,0
293926,0
293940,1
293941,0
293954,1
293964,0
293973,0
293984,0
293994,0
294015,0
294026,0
294029,0
294049,0
294073,0
294079,0
294080,0
294085,0
294086,0
294093,0
294098,0
294101,0
294102,0
294107,0
294121,0
294123,1
294133,0
294138,0
294148,0
294149,0
294161,0
294173,0
294176,0
294177,0
294185,0
294187,0
294192,0
294196,1
294197,0
294207,0
294209,0
294235,0
294237,0
294240,0
294241,0
294252,0
294261,0
294263,0
294264,0
294273,0
294283,0
294296,0
294298,0
294303,0
294311,1
294318,0
294320,0
294325,1
294327,0
294328,0
294329,0
294338,0
294340,0
294347,0
294361,0
294370,0
294379,0
294384,0
294393,0
294394,0
294400,0
294401,0
294415,0
294431,0
294447,1
294448,0
294462,0
294465,0
294466,0
294467,0
294472,0
294480,0
294482,0
294484,0
294494,0
294497,0
294506,0
294508,0
294513,0
294518,0
294542,0
294543,0
294544,0
294566,0
294582,0
294589,0
294607,0
294609,0
294611,0
294616,1
294622,0
294628,0
294646,0
294647,0
294651,0
294656,0
294669,1
294683,0
294686,1
294692,0
294693,0
294695,0
294702,0
294704,0
294740,0
294748,0
294756,0
294761,0
294764,1
294773,0
294774,0
294780,0
294781,0
294795,0
294803,0
294805,0
294809,0
294827,0
294846,0
294854,0
294859,0
294866,0
294876,0
294885,0
294888,0
294889,0
294890,0
294902,0
294918,0
294922,0
294933,0
294938,0
294964,0
294965,0
294974,0
294979,0
294983,0
294985,0
294999,0
295004,0
295017,0
295021,0
295027,0
295030,0
295043,0
295049,0
295051,0
295054,0
295057,0
295060,0
295063,0
295065,0
295066,0
295067,0
295069,0
295077,0
295104,0
295115,0
295121,1
295123,0
295133,0
295138,0
295142,0
295146,0
295147,0
295161,0
295167,0
295169,0
295184,0
295185,0
295186,0
295191,0
295208,0
295211,0
295222,0
295232,0
295234,0
295237,0
295251,0
295252,0
295264,0
295267,1
295279,0
295294,0
295303,0
295307,0
295325,0
295326,0
295328,0
295331,0
295332,0
295337,0
295344,0
295353,1
295358,0
295361,0
295383,1
295398,0
295414,0
295419,0
295423,0
295426,0
295430,0
295435,0
295438,0
295448,0
295455,0
295470,0
295485,0
295486,1
295493,1
295506,0
295547,0
295553,0
295556,0
295557,0
295561,0
295564,0
295589,0
295609,0
295613,0
295620,0
295627,0
295630,0
295638,0
295641,0
295645,0
295646,0
295656,0
295659,0
295666,0
295668,0
295684,0
295687,0
295704,0
295705,0
295726,0
295731,1
295741,0
295751,0
295752,0
295755,0
295763,0
295768,0
295815,0
295816,0
295829,0
295834,0
295849,0
295854,0
295856,1
295859,0
295865,0
295867,0
295876,0
295890,0
295898,0
295901,0
295906,0
295910,0
295916,1
295919,0
295926,0
295927,0
295938,0
295943,0
295966,0
295974,0
295976,0
295978,0
295995,0
296006,0
296011,0
296023,0
296025,0
296028,0
296029,0
296050,0
296051,0
296060,0
296075,0
296078,0
296083,0
296092,0
296096,0
296106,0
296124,0
296137,0
296144,0
296145,0
296146,0
296147,0
296149,0
296155,0
296161,1
296175,0
296177,0
296182,0
296187,0
296191,0
296207,0
296208,0
296227,0
296240,0
296242,0
296246,0
296248,0
296278,0
296279,0
296281,0
296291,0
296309,0
296312,0
296328,1
296329,0
296330,0
296331,0
296341,0
296361,0
296366,0
296367,0
296384,0
296385,0
296389,0
296390,0
296392,0
296399,0
296405,0
296408,0
296420,0
296455,0
296456,0
296463,0
296473,0
296484,0
296486,0
296487,1
296504,0
296523,0
296529,0
296535,0
296538,0
296540,0
296542,0
296552,0
296553,0
296569,0
296586,0
296587,1
296588,0
296599,0
296606,0
296625,0
296637,0
296640,1
296645,0
296648,0
296651,0
296663,0
296671,0
296682,0
296688,0
296689,0
296691,0
296698,0
296706,0
296711,0
296712,0
296719,0
296729,0
296735,0
296738,0
296743,0
296748,0
296750,0
296759,0
296771,0
296773,0
296774,1
296778,0
296781,0
296802,0
296804,0
296805,0
296809,0
296826,0
296828,0
296830,0
296831,0
296836,0
296865,0
296867,0
296868,1
296881,0
296893,0
296910,0
296920,0
296932,0
296943,0
296981,1
296983,0
296987,0
296992,0
297005,0
297012,0
297014,0
297016,0
297027,0
297029,0
297036,0
297049,0
297052,0
297068,0
297077,0
297083,0
297086,0
297095,0
297101,0
297110,0
297114,0
297127,0
297131,0
297138,0
297144,0
297146,0
297156,0
297158,0
297178,0
297191,0
297193,0
297197,0
297205,0
297209,0
297218,0
297219,0
297222,1
297223,0
297246,0
297253,0
297255,0
297260,1
297264,0
297275,0
297278,0
297279,0
297282,0
297283,0
297289,0
297298,0
297301,0
297308,0
297337,0
297338,0
297345,0
297357,0
297359,0
297371,0
297383,0
297386,0
297398,0
297404,1
297405,0
297425,0
297426,0
297434,0
297439,0
297441,0
297453,0
297455,0
297460,0
297471,0
297476,0
297492,0
297513,0
297519,0
297530,0
297533,0
297535,0
297537,0
297544,0
297559,0
297570,0
297571,0
297578,1
297582,0
297583,0
297588,0
297589,0
297604,0
297612,0
297613,0
297615,0
297617,1
297621,0
297623,0
297625,0
297626,0
297642,1
297647,0
297653,0
297654,0
297672,0
297673,0
297680,1
297687,0
297691,1
297721,0
297726,0
297727,0
297729,0
297738,0
297741,0
297742,0
297748,0
297754,0
297758,0
297770,0
297817,0
297823,0
297833,0
297844,0
297847,0
297850,0
297851,0
297857,0
297863,0
297865,0
297866,1
297873,0
297874,0
297875,0
297888,0
297892,0
297901,0
297902,0
297905,0
297909,0
297911,0
297913,0
297914,0
297920,0
297921,0
297928,0
297933,0
297945,0
297984,0
298002,0
298007,0
298024,0
298027,0
298030,0
298031,0
298044,0
298046,0
298052,0
298060,0
298067,0
298081,0
298085,0
298086,0
298087,0
298093,0
298095,0
298101,0
298106,0
298116,0
298119,0
298128,0
298129,0
298145,0
298148,0
298157,0
298162,0
298163,0
298164,0
298169,0
298174,0
298175,0
298177,0
298184,0
298195,0
298196,0
298204,0
298208,0
298218,0
298220,0
298234,0
298235,0
298238,0
298243,0
298262,0
298269,0
298270,0
298272,0
298273,0
298278,0
298288,0
298294,0
298307,0
298317,0
298321,0
298326,0
298332,1
298335,0
298352,0
298356,0
298359,0
298365,0
298377,0
298384,0
298387,1
298389,0
298390,0
298393,0
298394,0
298404,0
298413,0
298422,0
298425,0
298433,0
298436,0
298443,0
298445,0
298455,0
298459,0
298464,0
298465,0
298467,0
298468,0
298470,0
298485,0
298488,0
298518,0
298520,0
298522,0
298539,0
298556,0
298562,0
298565,0
298574,0
298588,0
298594,0
298603,0
298608,0
298615,0
298619,0
298630,0
298632,0
298634,0
298640,0
298646,0
298655,0
298658,0
298668,0
298675,0
298679,1
298680,0
298686,0
298695,1
298699,0
298706,0
298707,0
298709,0
298714,0
298729,0
298736,0
298738,1
298748,0
298750,0
298751,0
298755,0
298758,0
298760,0
298771,0
298772,0
298780,0
298791,0
298802,0
298813,0
298814,0
298816,0
298819,0
298825,1
298826,0
298836,0
298846,1
298847,0
298848,1
298867,0
298871,0
298872,0
298877,0
298891,0
298892,0
298902,0
298909,0
298911,0
298919,0
298924,0
298925,0
298928,0
298932,0
298937,0
298938,0
298939,1
298947,0
298948,0
298954,0
298964,0
298968,0
298982,0
298985,0
298989,0
299001,0
299007,0
299009,1
299013,0
299029,0
299030,1
299033,0
299044,1
299047,0
299059,0
299060,0
299063,0
299079,0
299082,0
299088,0
299093,0
299096,0
299100,0
299107,1
299119,0
299122,0
299126,0
299147,0
299150,0
299153,0
299179,0
299180,0
299181,0
299185,0
299187,0
299195,1
299199,0
299204,1
299211,0
299216,0
299231,0
299246,0
299247,0
299256,0
299258,0
299265,0
299268,0
299269,0
299273,0
299290,0
299295,0
299296,0
299298,0
299316,0
299321,0
299327,0
299337,0
299341,0
299344,0
299353,1
299354,0
299362,0
299363,0
299373,0
299386,0
299399,0
299401,1
299403,0
299405,0
299407,0
299418,0
299424,0
299431,0
299439,0
299444,1
299446,0
299454,0
299456,1
299458,0
299462,0
299469,1
299472,0
299481,1
299486,0
299492,0
299493,0
299497,0
299503,0
299505,0
299518,0
299520,0
299527,0
299528,0
299542,0
299548,0
299553,0
299561,0
299563,1
299565,0
299567,0
299574,0
299585,1
299593,0
299595,0
299600,0
299605,0
299609,1
299613,0
299651,0
299652,0
299653,0
299656,0
299662,0
299666,0
299703,0
299704,0
299707,0
299710,0
299723,0
299741,1
299753,0
299754,0
299755,0
299762,0
299765,0
299773,0
299779,0
299791,0
299795,0
299805,0
299810,0
299834,0
299835,1
299836,0
299854,0
299855,0
299858,0
299863,0
299868,0
299884,0
299889,0
299890,0
299908,0
299911,0
299925,0
299935,0
299937,0
299939,0
299943,0
299950,0
299953,0
299967,0
299971,1
299976,0
299984,0
299987,1
299995,0
300000,0
300009,0
300033,0
300035,0
300039,0
300040,0
300046,0
300057,0
300061,0
300065,0
300077,0
300082,0
300089,0
300095,0
300099,0
300104,0
300105,0
300108,0
300109,0
300113,0
300117,0
300127,0
300129,0
300136,0
300146,0
300149,0
300150,0
300156,0
300189,0
300190,0
300191,0
300193,0
300204,0
300206,0
300216,0
300219,0
300229,1
300250,0
300260,0
300279,0
300288,0
300289,0
300291,1
300296,0
300303,0
300307,0
300309,0
300352,0
300355,0
300361,0
300362,0
300369,0
300371,0
300372,0
300382,0
300386,0
300387,0
300395,0
300405,0
300409,1
300414,0
300429,0
300431,1
300438,0
300448,1
300482,0
300484,0
300497,0
300501,0
300507,0
300521,0
300529,1
300568,0
300571,0
300578,0
300595,0
300599,0
300602,0
300610,0
300623,0
300626,0
300628,0
300629,0
300635,0
300664,0
300670,0
300676,0
300679,0
300685,0
300688,0
300696,1
300697,0
300704,0
300714,0
300716,0
300720,0
300726,0
300727,0
300734,0
300744,0
300746,0
300757,0
300758,0
300759,0
300763,0
300766,0
300779,0
300781,0
300784,0
300797,0
300817,0
300820,1
300858,0
300871,0
300873,0
300881,0
300885,0
300905,0
300913,0
300915,0
300933,0
300934,0
300939,0
300940,0
300944,0
300945,1
300956,1
300963,0
300984,0
300987,0
300998,0
301003,0
301014,1
301033,0
301041,0
301048,1
301050,0
301052,0
301055,0
301060,0
301062,0
301074,0
301075,0
301085,0
301088,0
301094,0
301095,0
301108,0
301110,1
301114,0
301118,0
301132,0
301134,0
301135,0
301148,0
301153,0
301156,0
301157,0
301160,0
301165,0
301168,0
301175,0
301186,0
301187,0
301188,0
301191,0
301200,0
301220,0
301234,1
301235,0
301239,0
301242,0
301245,0
301253,0
301258,0
301263,0
301264,0
301290,0
301311,1
301313,0
301319,0
301323,0
301330,0
301335,0
301340,0
301342,0
301352,0
301357,0
301369,0
301378,0
301379,0
301380,0
301384,0
301399,0
301430,0
301432,0
301436,0
301438,0
301445,0
301477,0
301481,0
301492,1
301498,1
301499,1
301506,0
301517,0
301518,0
301520,0
301526,0
301540,1
301543,0
301547,0
301556,0
301572,0
301596,0
301605,0
301609,0
301627,0
301628,0
301635,0
301671,0
301676,0
301678,0
301679,0
301690,0
301699,0
301700,0
301705,1
301709,0
301715,0
301718,0
301729,0
301741,0
301742,0
301744,0
301745,0
301753,0
301763,0
301769,0
301772,0
301776,0
301780,0
301785,0
301800,0
301805,0
301834,0
301850,0
301853,0
301861,0
301866,1
301876,0
301896,0
301903,0
301914,0
301922,0
301929,0
301944,0
301950,0
301958,0
301964,1
301966,0
301967,0
301970,0
301976,0
301977,0
301985,0
301986,0
301987,0
302002,0
302004,0
302020,0
302023,0
302024,0
302039,0
302045,1
302046,0
302048,0
302050,0
302053,0
302057,0
302078,0
302086,0
302095,0
302097,0
302098,0
302099,0
302110,1
302124,0
302127,0
302150,0
302161,0
302163,0
302165,0
302177,0
302191,0
302192,0
302208,0
302213,0
302214,0
302229,0
302230,0
302235,0
302242,0
302248,0
302250,0
302262,1
302270,0
302272,0
302274,0
302280,0
302289,0
302305,0
302317,0
302324,0
302334,0
302336,0
302340,0
302348,0
302355,0
302365,0
302371,1
302401,0
302411,0
302420,0
302428,0
302430,0
302432,0
302439,1
302440,0
302446,1
302452,0
302474,0
302475,0
302478,0
302488,0
302489,1
302500,0
302511,0
302512,0
302513,0
302516,0
302524,0
302526,1
302535,0
302545,0
302548,0
302550,0
302553,0
302555,0
302556,0
302558,0
302559,0
302560,0
302572,0
302573,0
302578,0
302596,0
302600,0
302602,0
302608,0
302618,0
302623,0
302628,0
302637,0
302653,0
302664,0
302668,0
302680,0
302684,1
302688,0
302698,0
302707,0
302708,1
302711,0
302718,0
302721,0
302724,0
302729,0
302737,0
302738,0
302742,1
302748,0
302769,0
302770,0
302778,0
302784,0
302796,0
302803,0
302825,0
302828,0
302845,0
302846,0
302847,0
302850,0
302861,0
302866,0
302887,0
302904,0
302907,0
302908,0
302912,0
302920,0
302923,0
302928,1
302938,0
302939,0
302946,0
302953,0
302966,0
302973,0
302983,0
302989,0
302999,0
303000,0
303002,1
303009,0
303018,0
303026,0
303038,0
303039,1
303041,1
303051,0
303054,0
303061,0
303067,0
303071,0
303075,0
303079,0
303091,0
303099,0
303101,0
303113,0
303119,0
303125,0
303135,0
303144,0
303148,0
303167,1
303170,0
303179,0
303185,0
303187,0
303193,0
303196,0
303198,0
303202,0
303205,0
303213,0
303215,0
303240,0
303247,0
303248,0
303255,0
303260,0
303271,0
303275,0
303298,0
303303,0
303318,0
303326,1
303333,0
303335,0
303338,0
303342,1
303350,0
303353,0
303357,0
303359,0
303363,0
303364,0
303369,0
303371,0
303372,0
303376,0
303380,0
303387,0
303401,1
303406,0
303407,0
303417,0
303418,1
303425,0
303435,1
303437,0
303442,0
303443,0
303448,0
303450,0
303452,0
303456,0
303481,0
303483,0
303501,0
303507,0
303510,0
303523,0
303532,0
303533,0
303559,1
303567,0
303588,0
303591,0
303595,0
303614,0
303623,1
303629,0
303631,0
303632,0
303648,0
303656,0
303676,0
303701,0
303709,0
303723,1
303724,0
303725,0
303730,0
303734,0
303736,0
303739,0
303748,0
303757,0
303759,0
303767,0
303770,0
303774,0
303778,0
303779,0
303800,0
303801,0
303810,0
303819,1
303823,0
303824,0
303827,0
303834,0
303840,0
303843,0
303863,0
303864,0
303866,0
303871,0
303872,0
303886,0
303889,0
303890,0
303896,0
303898,1
303911,0
303931,0
303934,0
303952,0
303958,0
303960,1
303965,0
303966,0
303984,0
303987,0
303999,0
304005,0
304009,0
304011,0
304012,0
304017,0
304019,0
304026,0
304043,0
304044,0
304065,0
304069,0
304109,0
304116,0
304118,0
304120,0
304126,0
304131,0
304132,0
304138,0
304140,0
304141,0
304151,0
304160,0
304189,0
304192,0
304200,0
304207,0
304211,0
304215,0
304216,0
304228,0
304233,0
304236,0
304239,0
304244,0
304249,0
304259,0
304262,0
304277,0
304279,0
304281,0
304282,0
304285,0
304296,0
304302,0
304304,0
304307,0
304322,0
304323,0
304333,0
304337,0
304340,0
304344,0
304348,0
304349,0
304358,0
304359,0
304374,0
304376,0
304377,0
304381,0
304392,0
304409,0
304428,0
304429,0
304434,0
304435,0
304458,0
304460,0
304473,0
304480,0
304482,0
304496,1
304507,0
304508,0
304509,0
304521,0
304542,0
304547,0
304558,1
304561,0
304566,0
304567,0
304568,0
304584,0
304585,0
304599,0
304607,0
304615,0
304619,0
304622,0
304626,0
304630,0
304632,0
304635,0
304648,0
304650,0
304686,0
304691,0
304692,0
304693,0
304695,0
304714,0
304716,0
304731,0
304742,0
304743,1
304747,0
304750,0
304755,0
304761,0
304762,0
304770,0
304786,0
304802,0
304808,0
304814,1
304815,0
304817,0
304822,0
304845,0
304852,0
304854,0
304859,1
304863,0
304867,0
304869,0
304874,0
304887,0
304890,0
304902,0
304908,0
304909,0
304912,0
304913,0
304922,0
304938,0
304940,0
304958,0
304961,0
304978,0
304980,1
304981,0
304989,0
304994,0
304998,0
305003,1
305016,0
305022,0
305032,0
305038,0
305092,0
305105,0
305122,0
305132,0
305135,0
305143,0
305157,0
305163,0
305164,0
305170,1
305175,0
305188,0
305189,0
305195,0
305257,0
305258,0
305264,1
305267,0
305281,0
305282,0
305283,0
305287,1
305311,0
305316,0
305336,0
305339,0
305350,0
305358,0
305374,0
305376,0
305379,0
305389,0
305399,0
305401,0
305410,0
305454,1
305458,0
305464,0
305471,1
305473,0
305478,0
305480,0
305483,0
305486,0
305488,0
305510,0
305515,1
305519,0
305533,0
305534,0
305537,0
305539,0
305546,0
305549,1
305551,0
305561,0
305565,0
305568,1
305573,0
305575,0
305585,0
305590,0
305606,0
305607,0
305617,0
305623,0
305629,0
305658,0
305659,0
305666,0
305674,0
305675,0
305676,0
305677,0
305681,0
305682,0
305690,0
305694,0
305704,1
305721,0
305724,0
305725,0
305732,0
305734,0
305737,0
305742,0
305744,0
305749,0
305756,0
305764,0
305780,0
305783,0
305787,0
305805,0
305821,0
305822,0
305827,0
305829,0
305830,0
305831,1
305844,0
305865,0
305874,0
305883,0
305885,0
305888,1
305902,0
305913,0
305917,0
305923,0
305926,0
305929,0
305934,0
305977,0
305982,0
305986,0
306004,0
306005,0
306009,0
306015,0
306017,0
306022,0
306023,1
306044,1
306052,0
306056,0
306064,0
306067,0
306070,0
306071,0
306073,0
306075,0
306082,0
306083,0
306086,0
306092,0
306098,0
306103,0
306106,0
306108,1
306112,0
306120,0
306122,0
306125,0
306129,0
306134,0
306146,0
306160,0
306163,0
306170,0
306183,0
306186,0
306195,0
306205,0
306211,0
306220,0
306229,0
306240,0
306257,0
306262,0
306270,0
306274,0
306276,0
306279,0
306282,0
306283,0
306288,0
306290,0
306291,0
306303,0
306315,0
306327,0
306353,0
306354,0
306355,0
306363,0
306367,0
306393,0
306408,0
306409,0
306423,1
306427,0
306431,0
306439,0
306447,0
306452,0
306457,0
306467,0
306472,0
306475,0
306478,0
306483,0
306487,0
306491,0
306507,0
306516,0
306526,0
306529,0
306539,0
306541,0
306544,0
306545,0
306548,0
306550,0
306556,0
306567,0
306574,0
306588,0
306589,0
306592,0
306605,0
306631,0
306636,1
306643,0
306645,1
306653,0
306657,0
306665,0
306673,0
306682,0
306684,1
306686,0
306688,0
306702,0
306748,0
306761,1
306769,0
306772,1
306784,0
306785,0
306787,0
306788,0
306792,0
306802,0
306804,0
306837,0
306850,0
306853,0
306865,0
306871,0
306872,0
306878,0
306879,0
306888,0
306897,0
306916,1
306920,1
306931,0
306937,0
306939,0
306943,0
306946,0
306958,1
306968,0
306975,1
306985,0
306987,0
306991,0
307019,0
307020,0
307021,0
307047,0
307065,0
307070,0
307074,0
307089,0
307094,0
307099,0
307100,0
307113,0
307119,1
307124,0
307130,0
307133,0
307144,0
307146,0
307151,0
307152,0
307158,0
307171,0
307175,0
307183,0
307203,0
307206,0
307221,1
307228,0
307230,0
307231,0
307247,0
307251,0
307257,1
307262,0
307275,0
307277,0
307282,0
307284,0
307305,0
307309,0
307316,0
307319,0
307321,0
307324,0
307328,1
307333,0
307336,0
307357,0
307361,0
307363,0
307368,0
307382,0
307392,0
307404,0
307405,0
307414,0
307417,0
307421,0
307430,0
307440,0
307446,0
307450,0
307455,0
307463,0
307477,0
307485,0
307488,0
307498,0
307501,1
307503,1
307506,0
307523,0
307531,1
307536,1
307546,0
307547,0
307563,0
307569,0
307589,0
307591,1
307601,0
307603,1
307607,0
307620,0
307626,0
307647,0
307649,0
307655,0
307675,0
307700,1
307703,0
307713,0
307721,0
307724,0
307733,0
307735,0
307751,0
307757,0
307758,0
307761,0
307774,1
307777,0
307793,0
307810,0
307811,0
307818,0
307822,0
307823,0
307848,0
307854,0
307862,1
307865,0
307872,0
307881,0
307884,0
307897,0
307900,0
307903,0
307906,0
307908,0
307952,0
307956,0
307964,0
307970,0
308005,0
308011,0
308014,0
308017,0
308022,0
308039,0
308042,0
308045,0
308062,0
308081,0
308083,0
308085,0
308087,0
308091,0
308099,0
308103,0
308105,0
308110,0
308111,0
308117,0
308123,1
308126,0
308138,0
308144,0
308151,0
308158,0
308167,0
308172,1
308173,0
308182,0
308187,0
308198,0
308201,0
308205,1
308225,0
308237,0
308249,0
308250,0
308252,0
308253,0
308263,1
308282,0
308295,0
308300,0
308313,1
308316,0
308328,0
308350,0
308352,0
308366,0
308377,0
308382,0
308384,0
308386,0
308392,0
308393,1
308400,0
308411,0
308432,0
308444,0
308455,0
308466,1
308471,0
308473,0
308481,0
308486,0
308503,0
308506,0
308514,0
308516,0
308544,0
308546,0
308571,1
308573,0
308574,1
308576,0
308581,0
308590,0
308601,0
308603,0
308624,0
308628,1
308631,0
308634,0
308640,0
308654,0
308656,1
308657,0
308666,0
308667,0
308668,0
308675,0
308684,0
308688,1
308700,0
308720,0
308721,0
308724,0
308731,0
308739,0
308742,0
308743,0
308768,0
308769,0
308787,0
308788,0
308790,1
308797,0
308804,0
308808,1
308811,0
308816,0
308826,0
308830,0
308837,0
308856,0
308858,0
308863,0
308891,0
308899,0
308910,0
308913,0
308923,0
308925,0
308926,1
308933,0
308978,0
308979,0
308991,0
308997,0
309013,0
309020,1
309024,0
309036,0
309050,0
309059,0
309063,0
309066,1
309067,0
309071,0
309074,0
309084,0
309085,0
309088,1
309092,0
309097,0
309098,0
309101,0
309107,0
309119,0
309120,0
309135,0
309138,1
309150,0
309152,0
309157,0
309173,0
309176,0
309181,0
309189,0
309199,0
309203,0
309206,0
309224,1
309233,0
309236,0
309238,1
309253,0
309263,0
309272,0
309278,0
309279,0
309284,0
309287,0
309290,0
309320,0
309327,0
309332,0
309336,0
309337,0
309351,0
309356,0
309360,0
309370,0
309373,0
309391,1
309402,0
309404,0
309413,0
309415,0
309431,0
309442,0
309444,0
309447,0
309451,0
309453,0
309458,1
309474,0
309479,0
309484,0
309485,0
309490,1
309509,0
309512,0
309514,0
309515,0
309517,0
309525,0
309528,0
309546,0
309559,0
309565,0
309570,0
309592,0
309593,0
309595,0
309612,0
309616,0
309627,0
309635,0
309639,0
309662,0
309666,0
309668,1
309703,0
309719,0
309721,0
309722,0
309723,0
309758,0
309764,0
309779,0
309781,0
309787,0
309793,0
309795,0
309806,0
309808,0
309822,0
309834,0
309839,0
309843,0
309857,0
309865,0
309868,0
309872,1
309886,0
309910,0
309920,0
309927,1
309933,0
309935,0
309956,0
309961,1
309965,0
309973,0
309974,0
309977,0
309979,0
309981,0
309983,0
310019,0
310028,0
310037,1
310040,0
310049,0
310050,0
310064,1
310065,0
310066,0
310073,0
310080,0
310096,0
310121,0
310143,0
310149,1
310151,0
310157,0
310177,0
310189,0
310209,0
310210,0
310216,0
310220,0
310225,0
310237,0
310243,0
310257,0
310266,0
310270,0
310278,0
310280,1
310285,0
310315,0
310322,0
310333,0
310346,0
310365,0
310369,0
310374,0
310394,0
310397,0
310402,0
310404,0
310411,0
310417,0
310419,0
310430,0
310449,1
310457,0
310461,0
310469,0
310470,0
310481,0
310486,0
310499,0
310500,0
310507,0
310527,1
310528,0
310530,0
310537,0
310539,0
310543,0
310544,0
310560,0
310565,1
310572,1
310579,0
310589,1
310590,0
310595,0
310601,0
310605,1
310610,0
310614,0
310616,0
310617,1
310629,0
310637,0
310641,0
310642,0
310651,0
310652,0
310656,0
310667,0
310668,0
310672,0
310676,0
310683,0
310688,0
310689,1
310694,0
310708,0
310713,0
310714,0
310728,0
310732,0
310734,1
310748,0
310770,0
310776,0
310780,0
310783,0
310795,0
310798,1
310800,0
310803,0
310811,0
310845,0
310858,0
310860,0
310868,1
310870,0
310882,0
310886,0
310888,0
310889,0
310919,0
310945,0
310950,0
310968,0
310969,0
310973,0
310980,1
310992,0
310998,0
311004,0
311013,0
311023,0
311025,0
311035,0
311039,0
311041,0
311048,0
311071,0
311073,0
311074,0
311076,1
311077,0
311097,0
311100,0
311102,0
311111,0
311131,0
311143,0
311153,0
311161,0
311172,0
311178,0
311181,0
311185,0
311200,0
311213,0
311223,0
311232,0
311236,0
311247,0
311249,0
311251,0
311253,0
311255,0
311256,0
311258,0
311271,1
311283,0
311286,0
311295,0
311303,0
311304,0
311305,0
311307,0
311318,0
311329,0
311334,0
311340,0
311344,0
311345,0
311348,0
311352,0
311363,0
311369,0
311379,0
311388,0
311391,0
311397,0
311407,0
311415,0
311432,0
311442,0
311471,0
311477,0
311481,0
311483,0
311487,0
311496,0
311507,0
311508,1
311522,0
311526,0
311527,1
311528,0
311537,0
311538,0
311554,0
311555,0
311558,0
311561,0
311584,0
311589,0
311590,0
311592,1
311600,0
311611,0
311619,0
311644,0
311653,0
311668,1
311674,0
311678,0
311680,0
311684,0
311686,0
311688,0
311696,1
311699,0
311709,0
311712,0
311713,0
311721,0
311726,0
311730,0
311734,1
311753,0
311758,0
311759,0
311770,0
311791,0
311794,1
311799,0
311812,0
311813,0
311816,0
311824,0
311830,0
311843,0
311847,0
311860,0
311880,0
311887,0
311893,0
311896,0
311899,0
311909,0
311910,0
311919,0
311923,0
311926,0
311930,0
311932,0
311938,1
311939,0
311945,1
311947,0
311955,0
311956,0
311964,0
311967,0
311969,0
311970,0
311972,0
311982,0
311985,0
311986,0
311988,0
312001,1
312024,0
312025,0
312031,0
312038,0
312039,0
312044,0
312045,0
312048,0
312052,0
312055,0
312060,0
312062,0
312066,0
312068,0
312074,0
312080,0
312081,0
312083,0
312089,0
312094,0
312096,0
312099,0
312104,0
312108,0
312129,0
312145,0
312146,0
312148,0
312149,0
312154,0
312190,0
312192,0
312196,0
312202,0
312210,0
312214,0
312218,0
312230,0
312234,0
312235,0
312248,0
312257,0
312259,0
312292,0
312296,0
312299,1
312303,0
312304,0
312315,0
312342,0
312349,0
312351,0
312352,1
312354,0
312362,0
312372,1
312373,0
312374,0
312376,0
312392,0
312416,0
312429,0
312430,0
312433,0
312441,0
312450,0
312453,0
312474,0
312479,0
312483,0
312484,0
312485,1
312486,1
312492,0
312494,1
312519,0
312541,0
312542,0
312545,0
312555,0
312563,0
312574,0
312578,0
312584,0
312585,0
312586,1
312588,0
312594,1
312602,0
312603,0
312606,0
312608,0
312616,0
312622,1
312624,0
312625,0
312626,0
312653,0
312655,0
312656,0
312658,0
312659,0
312674,0
312677,0
312678,0
312682,0
312684,0
312697,0
312743,1
312748,0
312750,0
312751,0
312774,0
312779,0
312781,0
312792,0
312798,0
312807,0
312808,0
312811,1
312816,0
312823,1
312829,0
312830,0
312836,0
312855,0
312885,0
312893,0
312903,0
312904,0
312906,0
312913,1
312917,0
312920,0
312935,0
312945,0
312957,0
312960,0
312962,0
312964,0
312969,0
312971,0
312979,0
312989,0
312990,0
313001,0
313007,0
313012,0
313014,0
313017,0
313018,1
313025,0
313026,0
313047,0
313051,0
313055,0
313056,0
313058,0
313065,0
313074,0
313076,0
313082,1
313083,0
313086,0
313101,0
313103,0
313110,0
313116,1
313118,0
313121,0
313126,0
313148,0
313151,0
313156,0
313160,0
313169,0
313172,0
313177,0
313189,0
313190,0
313192,0
313197,0
313215,0
313218,0
313230,0
313232,0
313235,0
313237,0
313239,1
313244,0
313246,0
313264,0
313266,0
313270,0
313271,0
313277,0
313288,0
313290,1
313293,0
313300,0
313305,0
313312,0
313314,0
313315,0
313354,0
313361,0
313363,0
313370,0
313377,0
313396,0
313403,0
313422,0
313424,0
313432,0
313434,0
313440,0
313444,0
313461,0
313465,0
313472,0
313478,0
313484,0
313510,0
313515,0
313516,0
313517,0
313518,0
313547,0
313551,1
313586,0
313591,0
313600,0
313605,0
313609,0
313610,1
313636,0
313644,0
313659,0
313662,0
313672,0
313686,0
313693,0
313697,0
313698,0
313707,0
313718,0
313722,0
313734,0
313739,0
313742,0
313748,0
313769,0
313779,0
313792,0
313793,0
313802,0
313805,0
313816,0
313842,0
313848,0
313862,0
313867,0
313891,0
313893,0
313916,0
313921,0
313940,0
313941,0
313945,0
313948,0
313967,1
313971,1
313974,0
313975,0
313979,0
313987,0
313989,0
313992,0
314001,0
314008,0
314013,0
314027,0
314036,0
314042,0
314066,0
314077,0
314090,0
314092,0
314101,0
314105,0
314106,0
314111,0
314113,1
314133,0
314147,0
314148,0
314158,0
314168,0
314175,0
314177,0
314181,0
314183,0
314184,0
314191,0
314208,0
314224,1
314228,0
314250,0
314269,0
314285,1
314287,0
314295,0
314312,0
314313,0
314318,0
314327,0
314329,0
314331,0
314336,0
314338,0
314356,0
314375,0
314388,0
314390,0
314391,0
314394,0
314395,0
314397,0
314408,0
314411,0
314414,0
314417,0
314422,0
314424,0
314426,0
314435,0
314493,0
314495,0
314508,0
314509,0
314518,0
314521,1
314522,0
314524,0
314525,0
314532,0
314533,0
314534,0
314555,0
314576,1
314595,0
314609,0
314617,0
314623,0
314626,0
314630,0
314653,0
314657,0
314660,0
314663,0
314666,0
314677,1
314685,0
314686,0
314694,0
314703,0
314706,0
314707,0
314728,0
314741,0
314742,0
314771,0
314781,0
314794,0
314795,0
314799,0
314804,0
314806,0
314826,0
314829,0
314841,0
314855,0
314860,0
314861,0
314884,0
314888,0
314893,0
314896,0
314897,0
314900,0
314902,1
314905,1
314907,0
314908,0
314909,0
314915,0
314916,0
314918,0
314920,0
314923,0
314926,0
314927,0
314960,0
314964,0
314988,0
314993,0
314994,0
314996,0
315015,0
315029,0
315033,1
315034,0
315065,0
315070,1
315072,0
315077,0
315091,0
315102,0
315111,0
315115,0
315116,1
315117,0
315126,1
315127,0
315128,0
315160,0
315163,0
315166,0
315172,1
315174,0
315187,0
315195,0
315196,0
315200,0
315208,0
315217,1
315229,0
315230,0
315249,0
315253,0
315256,0
315268,0
315280,0
315285,0
315294,0
315298,1
315321,0
315324,0
315325,0
315328,0
315332,0
315353,0
315354,0
315356,0
315361,1
315362,0
315367,0
315377,0
315394,0
315398,0
315400,0
315417,0
315420,0
315421,0
315423,0
315429,0
315435,0
315442,1
315450,0
315453,0
315487,0
315514,0
315521,0
315524,0
315526,0
315538,0
315549,0
315556,0
315559,0
315573,0
315575,0
315581,0
315590,0
315607,0
315616,1
315626,0
315647,0
315648,0
315650,0
315652,0
315658,0
315666,0
315672,0
315683,0
315685,0
315689,0
315692,1
315733,0
315741,0
315743,0
315744,0
315748,0
315771,0
315787,0
315788,0
315803,0
315809,0
315820,0
315823,0
315832,0
315852,0
315858,0
315861,0
315867,0
315868,0
315872,0
315879,0
315885,0
315887,0
315898,0
315899,0
315901,0
315905,0
315909,1
315911,0
315912,0
315926,0
315934,0
315935,0
315936,0
315940,0
315945,0
315946,0
315948,0
315952,0
315954,0
315956,0
315958,0
315966,0
315973,0
315983,0
315990,0
315992,0
315999,0
316007,0
316034,0
316042,0
316050,0
316070,0
316076,0
316081,0
316082,0
316086,0
316089,0
316090,0
316096,0
316098,0
316111,0
316123,0
316131,0
316140,0
316145,0
316150,0
316162,0
316166,0
316172,0
316181,0
316182,0
316197,0
316201,0
316203,1
316207,0
316231,0
316232,0
316233,0
316234,1
316235,0
316239,0
316247,0
316252,0
316260,0
316265,0
316266,0
316268,0
316272,0
316273,0
316289,0
316292,0
316298,0
316299,0
316300,0
316309,0
316310,0
316325,0
316345,1
316349,0
316362,0
316366,0
316371,0
316375,0
316377,0
316380,0
316393,0
316394,0
316406,0
316410,0
316416,0
316420,0
316421,0
316422,0
316428,0
316431,0
316432,0
316439,0
316440,0
316449,0
316458,0
316459,0
316464,0
316511,0
316530,0
316538,0
316540,0
316543,0
316545,0
316550,0
316555,0
316558,0
316559,0
316566,0
316569,0
316571,0
316573,0
316574,0
316577,0
316580,0
316590,0
316592,0
316593,0
316612,0
316615,0
316617,0
316637,0
316655,0
316663,0
316664,0
316668,0
316674,0
316676,0
316681,0
316682,0
316688,0
316691,0
316695,0
316699,0
316712,0
316715,0
316729,0
316734,0
316735,0
316741,0
316745,0
316749,0
316751,1
316759,0
316765,0
316770,0
316773,0
316782,0
316796,0
316800,0
316822,1
316826,0
316833,0
316835,1
316841,0
316842,0
316855,0
316858,0
316861,0
316865,0
316872,0
316874,0
316876,0
316905,1
316907,0
316920,1
316927,0
316929,0
316931,0
316935,0
316953,0
316962,1
316967,0
316975,0
316978,0
316990,0
316991,0
316994,0
316996,0
317000,0
317011,0
317012,0
317017,0
317024,1
317033,0
317039,0
317047,0
317064,0
317066,0
317070,0
317073,0
317081,0
317082,0
317084,0
317085,0
317096,0
317101,0
317112,0
317114,0
317128,0
317149,0
317155,0
317160,1
317167,0
317175,0
317198,0
317204,0
317233,0
317253,1
317254,0
317269,0
317271,0
317296,0
317297,0
317304,0
317306,0
317310,0
317317,0
317319,0
317326,0
317333,0
317335,0
317348,0
317351,0
317356,0
317368,0
317376,0
317387,0
317397,0
317399,0
317407,0
317416,1
317420,0
317463,0
317466,0
317471,0
317472,0
317490,0
317491,0
317497,0
317498,0
317512,0
317525,0
317527,0
317535,0
317541,0
317542,0
317563,0
317573,0
317583,0
317625,0
317626,0
317632,0
317649,0
317652,0
317655,0
317659,0
317663,0
317670,0
317671,0
317676,0
317678,0
317687,0
317691,0
317692,0
317694,0
317700,0
317705,0
317710,0
317711,0
317718,0
317731,0
317739,0
317743,0
317746,0
317752,1
317755,0
317757,0
317769,0
317777,0
317778,0
317779,0
317782,1
317789,0
317792,0
317798,0
317800,0
317801,0
317821,0
317823,0
317825,0
317833,0
317836,0
317838,0
317854,0
317870,0
317871,0
317873,0
317875,0
317877,0
317882,0
317888,0
317893,0
317908,0
317918,0
317920,0
317922,0
317931,0
317934,0
317939,0
317942,0
317946,0
317960,0
317976,0
317977,0
317982,0
317986,0
317992,0
317993,0
318003,0
318014,0
318034,0
318041,0
318042,0
318048,0
318058,0
318071,0
318072,0
318077,0
318079,1
318082,0
318085,0
318087,0
318091,0
318095,0
318101,0
318106,0
318116,0
318123,0
318132,0
318137,0
318140,0
318144,0
318145,0
318150,0
318151,0
318154,0
318158,0
318165,0
318170,0
318192,1
318194,0
318198,0
318205,0
318224,0
318231,1
318244,0
318248,0
318279,1
318281,0
318285,0
318289,0
318302,0
318305,0
318310,0
318315,0
318316,0
318327,0
318328,0
318339,0
318342,0
318358,0
318366,0
318369,0
318370,0
318371,0
318372,0
318377,0
318381,0
318383,0
318386,0
318389,1
318392,0
318395,0
318402,0
318407,0
318414,0
318423,0
318434,0
318435,0
318443,0
318448,0
318455,0
318461,0
318475,0
318495,0
318502,1
318503,0
318504,0
318519,0
318545,0
318546,0
318553,0
318559,0
318582,0
318588,0
318611,0
318613,0
318618,0
318619,0
318622,0
318629,0
318641,0
318649,0
318650,0
318658,0
318676,0
318678,0
318692,0
318696,0
318700,0
318703,0
318706,0
318710,0
318712,0
318713,0
318719,0
318721,0
318726,0
318744,0
318746,0
318748,0
318758,1
318759,0
318761,0
318768,0
318771,0
318781,1
318794,0
318825,1
318828,0
318831,0
318832,0
318833,0
318866,0
318867,0
318876,0
318877,0
318887,1
318889,0
318896,0
318900,0
318902,0
318903,0
318906,0
318916,0
318928,0
318929,0
318939,0
318944,0
318948,0
318952,0
318960,0
318963,0
318971,0
318978,0
319009,0
319013,0
319025,0
319026,1
319027,1
319032,1
319051,0
319054,1
319060,0
319063,1
319074,0
319080,0
319082,0
319106,0
319112,0
319113,1
319120,0
319127,0
319128,0
319139,1
319150,0
319152,0
319154,0
319155,0
319162,0
319173,1
319182,0
319191,0
319218,0
319224,0
319237,0
319249,0
319251,0
319263,0
319273,0
319275,0
319296,1
319297,0
319298,0
319332,0
319333,0
319341,0
319350,0
319360,0
319369,0
319374,0
319381,0
319389,0
319391,1
319404,0
319422,0
319436,0
319442,0
319447,1
319459,0
319461,0
319472,0
319484,0
319488,0
319495,0
319502,0
319504,0
319506,0
319507,0
319533,0
319534,0
319535,0
319537,0
319545,0
319557,0
319565,0
319568,0
319571,1
319573,0
319578,0
319591,1
319592,0
319596,1
319613,0
319620,0
319621,0
319627,0
319629,0
319636,0
319641,0
319642,0
319661,0
319664,0
319665,0
319668,0
319674,0
319684,0
319687,0
319690,0
319696,0
319706,0
319708,0
319716,0
319728,0
319731,0
319732,0
319738,0
319743,0
319744,0
319754,0
319755,0
319756,0
319771,0
319782,0
319784,0
319791,0
319810,1
319811,0
319830,0
319834,0
319847,0
319850,0
319854,1
319855,0
319886,0
319901,0
319914,0
319916,0
319941,0
319955,0
319973,0
319984,0
319994,0
320000,0
320014,0
320019,0
320030,0
320048,1
320057,0
320064,0
320069,0
320074,0
320083,0
320088,0
320100,0
320105,0
320115,0
320117,0
320123,0
320129,0
320132,0
320133,0
320135,0
320139,0
320155,0
320161,0
320174,0
320187,0
320201,0
320207,0
320208,0
320209,0
320217,1
320221,0
320266,0
320269,0
320270,0
320281,0
320282,0
320302,0
320313,0
320318,0
320342,0
320351,0
320352,0
320365,0
320366,0
320388,0
320391,0
320398,0
320400,0
320409,1
320416,0
320441,0
320443,0
320446,0
320449,0
320455,0
320464,0
320470,0
320472,1
320477,1
320497,0
320501,0
320505,0
320507,0
320508,0
320512,0
320525,0
320530,0
320539,0
320557,0
320558,0
320576,0
320580,0
320582,0
320598,1
320622,0
320623,0
320627,0
320633,0
320637,0
320652,0
320653,0
320666,0
320678,0
320684,0
320690,0
320694,0
320701,0
320705,0
320706,0
320720,0
320725,0
320749,0
320759,0
320768,0
320769,0
320774,0
320787,0
320790,0
320804,1
320815,0
320816,0
320826,0
320838,0
320847,0
320849,0
320856,0
320858,0
320859,1
320868,0
320887,0
320891,0
320895,0
320902,1
320926,0
320931,0
320964,0
321005,0
321007,0
321019,0
321022,0
321024,0
321027,0
321030,0
321033,1
321055,0
321059,1
321061,0
321073,0
321077,0
321079,0
321081,0
321095,0
321096,0
321097,0
321099,0
321100,0
321132,0
321147,0
321152,0
321168,0
321173,0
321184,0
321185,0
321199,0
321202,0
321217,0
321235,0
321237,0
321239,0
321241,0
321243,0
321259,0
321264,0
321271,0
321290,0
321296,0
321300,0
321302,0
321312,1
321324,1
321328,0
321333,0
321341,0
321346,0
321351,0
321357,0
321363,0
321376,0
321384,0
321388,0
321391,0
321392,0
321396,0
321404,0
321407,0
321411,0
321413,0
321414,0
321426,0
321442,0
321467,0
321475,0
321485,0
321490,0
321494,0
321499,0
321508,0
321520,0
321522,1
321537,0
321549,0
321568,0
321579,0
321581,0
321583,0
321585,0
321596,0
321608,0
321610,0
321612,0
321621,0
321630,1
321656,0
321677,0
321678,0
321683,0
321686,0
321699,0
321703,0
321717,0
321718,0
321737,0
321738,0
321754,0
321755,0
321756,0
321758,0
321759,0
321768,0
321769,0
321783,1
321790,0
321818,0
321822,0
321832,0
321835,1
321838,0
321841,0
321847,0
321853,0
321874,0
321901,0
321927,0
321952,0
321954,0
321955,0
321960,0
321993,0
321995,0
321997,0
322002,0
322009,0
322012,1
322014,0
322025,0
322037,0
322041,0
322048,0
322049,0
322059,0
322066,0
322072,1
322078,0
322080,0
322083,0
322094,1
322102,0
322108,0
322109,0
322118,0
322119,0
322122,0
322124,0
322127,0
322128,0
322129,0
322134,0
322149,0
322157,0
322171,0
322179,0
322182,0
322185,0
322192,0
322195,0
322197,0
322199,0
322208,0
322213,0
322214,0
322218,0
322220,0
322251,0
322255,0
322257,0
322259,0
322261,0
322289,0
322291,0
322298,0
322314,0
322316,0
322318,0
322321,0
322326,0
322330,0
322333,0
322353,0
322357,0
322359,0
322361,0
322364,0
322365,1
322371,0
322373,0
322380,0
322390,0
322425,0
322430,0
322431,0
322444,0
322457,0
322458,0
322470,0
322485,0
322495,0
322501,1
322505,0
322510,0
322513,0
322514,0
322517,0
322522,0
322554,0
322556,0
322557,0
322563,0
322573,0
322580,0
322589,0
322602,0
322622,0
322646,0
322660,0
322670,0
322687,1
322690,0
322691,0
322695,0
322698,0
322707,0
322716,0
322723,0
322726,0
322727,0
322728,0
322739,0
322742,0
322755,1
322756,0
322763,0
322765,0
322767,0
322774,0
322779,0
322793,0
322796,0
322799,0
322807,0
322810,0
322812,0
322820,0
322822,0
322823,0
322832,0
322836,0
322847,0
322855,0
322858,0
322887,0
322891,0
322892,1
322898,0
322905,0
322908,0
322917,0
322918,0
322923,1
322924,0
322932,0
322942,0
322945,0
322946,0
322952,0
322964,0
322969,0
322985,0
322991,1
322999,0
323010,0
323011,1
323017,0
323018,0
323020,0
323022,0
323023,0
323040,0
323046,0
323054,0
323055,0
323058,1
323064,0
323067,0
323069,1
323070,0
323078,0
323082,0
323091,1
323092,0
323097,0
323115,0
323117,0
323126,0
323133,0
323138,0
323151,0
323158,0
323170,0
323174,0
323185,0
323187,0
323188,0
323192,0
323197,0
323214,0
323215,0
323217,0
323238,0
323240,0
323260,0
323265,1
323267,0
323270,0
323290,0
323295,0
323299,1
323304,0
323332,0
323333,0
323337,0
323349,0
323356,0
323359,0
323371,0
323379,0
323393,0
323397,0
323400,0
323416,0
323418,0
323424,0
323426,0
323427,0
323447,0
323449,0
323465,0
323487,0
323490,0
323496,0
323501,0
323502,1
323513,0
323517,0
323525,0
323527,0
323529,0
323535,0
323536,0
323544,0
323561,0
323562,0
323564,0
323580,0
323591,0
323600,1
323602,0
323604,0
323605,0
323611,0
323625,0
323627,0
323631,1
323642,1
323645,0
323648,0
323661,0
323671,0
323681,0
323689,0
323692,0
323695,0
323699,1
323703,0
323711,0
323723,0
323725,0
323726,0
323727,0
323728,0
323730,0
323742,0
323743,0
323761,1
323764,0
323768,0
323773,0
323781,0
323786,0
323788,0
323792,0
323799,0
323811,1
323815,1
323820,0
323828,0
323831,0
323838,0
323852,0
323872,0
323874,0
323886,0
323887,0
323890,0
323893,0
323895,1
323900,0
323908,0
323918,0
323931,1
323947,0
323958,0
323959,0
323971,0
323976,0
323978,1
323981,0
323992,0
323999,0
324002,0
324016,0
324037,0
324046,0
324051,0
324063,0
324068,0
324071,0
324081,0
324084,0
324095,0
324097,0
324107,0
324126,0
324128,0
324129,0
324131,0
324142,0
324164,0
324165,0
324167,0
324177,0
324185,0
324186,0
324200,0
324201,0
324237,0
324239,0
324248,0
324249,0
324250,0
324257,0
324266,0
324280,0
324283,0
324288,0
324294,0
324300,0
324306,0
324312,0
324328,0
324335,0
324336,0
324340,0
324362,0
324367,0
324371,0
324379,0
324382,0
324391,0
324402,0
324403,0
324404,0
324406,0
324411,0
324431,0
324433,0
324435,0
324436,0
324440,0
324459,0
324460,0
324471,0
324473,0
324476,0
324479,0
324481,0
324486,0
324492,0
324507,0
324511,0
324518,0
324526,0
324530,0
324537,0
324541,0
324555,0
324556,0
324560,0
324561,0
324567,0
324569,0
324571,0
324574,0
324577,0
324578,0
324587,0
324592,1
324600,0
324605,0
324617,0
324622,0
324628,0
324636,0
324646,0
324650,0
324678,0
324682,0
324683,0
324684,0
324692,0
324693,0
324702,0
324704,0
324712,0
324739,0
324749,0
324753,0
324757,0
324780,1
324785,0
324787,0
324797,0
324798,0
324804,0
324807,0
324808,0
324810,0
324835,0
324853,0
324857,0
324858,0
324859,0
324875,0
324876,1
324896,0
324898,0
324902,0
324908,0
324911,0
324928,1
324931,0
324936,0
324939,0
324942,0
324943,0
324945,0
324953,1
324959,0
324968,0
324969,0
324974,0
324997,0
325007,0
325008,0
325009,0
325010,1
325012,0
325030,0
325036,0
325039,0
325040,0
325048,0
325065,0
325068,0
325086,1
325096,0
325101,0
325108,0
325111,0
325112,0
325115,0
325127,0
325128,0
325129,0
325137,0
325138,0
325145,1
325151,0
325164,0
325183,0
325204,0
325210,0
325224,0
325234,0
325249,0
325252,0
325266,0
325267,0
325285,0
325298,1
325302,0
325307,0
325310,0
325338,0
325342,0
325346,0
325350,0
325356,0
325359,0
325361,0
325370,0
325379,0
325383,0
325385,0
325387,0
325388,0
325397,0
325401,0
325405,0
325415,0
325427,0
325429,0
325432,0
325434,0
325444,0
325445,0
325450,0
325451,0
325458,0
325462,0
325479,0
325486,0
325492,0
325504,0
325512,0
325520,0
325528,0
325538,0
325541,0
325543,0
325561,1
325568,0
325578,0
325581,0
325604,0
325605,0
325606,1
325615,0
325624,0
325648,0
325649,0
325651,0
325654,0
325659,0
325661,0
325667,0
325668,0
325672,0
325676,0
325678,0
325681,0
325682,0
325685,0
325692,0
325694,0
325695,0
325715,0
325718,0
325723,0
325725,0
325739,0
325748,0
325761,0
325762,0
325764,0
325769,0
325771,0
325779,0
325780,0
325786,0
325788,0
325792,0
325795,0
325800,0
325802,0
325812,0
325813,1
325823,0
325828,0
325829,0
325833,0
325836,0
325842,1
325846,0
325853,0
325861,1
325866,0
325868,1
325874,0
325878,0
325883,0
325895,1
325904,0
325907,1
325921,0
325924,0
325929,1
325932,0
325933,0
325957,0
325958,0
325961,0
325964,0
325975,1
325989,1
325998,0
326014,0
326015,0
326023,0
326032,1
326035,0
326036,0
326040,0
326061,0
326068,1
326076,0
326106,0
326109,0
326110,0
326123,0
326129,0
326139,0
326140,0
326176,0
326184,0
326214,0
326215,0
326232,0
326240,0
326248,0
326257,0
326261,0
326265,0
326269,0
326275,0
326297,0
326300,0
326307,0
326311,0
326328,0
326333,0
326336,1
326338,0
326345,0
326346,0
326350,0
326357,0
326361,0
326381,0
326386,0
326400,0
326406,0
326414,1
326424,0
326439,0
326440,0
326443,0
326454,0
326456,0
326462,0
326466,0
326467,0
326481,0
326484,0
326485,0
326489,0
326504,0
326508,0
326527,1
326536,0
326539,0
326555,0
326561,0
326566,0
326571,0
326572,0
326578,0
326582,0
326584,0
326589,0
326593,0
326598,0
326613,0
326621,0
326623,0
326628,0
326631,0
326633,0
326641,0
326648,0
326656,0
326657,0
326664,0
326678,0
326690,0
326696,0
326697,0
326699,0
326720,0
326731,0
326732,0
326748,0
326749,0
326752,0
326759,0
326760,0
326772,1
326790,0
326801,0
326807,0
326813,0
326820,0
326822,0
326829,0
326834,0
326836,0
326860,0
326865,0
326866,0
326892,0
326894,0
326898,0
326902,0
326913,0
326915,0
326918,0
326922,0
326923,0
326946,0
326951,1
326957,0
326958,0
326959,0
326965,0
326971,0
326972,0
326974,0
326976,0
326978,0
326979,0
326983,0
326991,0
326993,0
326996,0
326997,0
327006,0
327009,0
327015,0
327041,0
327046,0
327060,0
327067,0
327070,0
327074,0
327079,0
327081,1
327084,0
327089,1
327097,0
327109,0
327120,0
327142,0
327146,0
327152,1
327157,0
327170,0
327172,0
327173,0
327177,0
327178,0
327183,0
327185,0
327201,0
327210,0
327213,0
327214,0
327218,0
327229,0
327233,0
327246,0
327268,0
327274,1
327277,0
327284,0
327285,0
327289,0
327312,0
327317,0
327322,0
327325,0
327329,0
327372,0
327375,0
327376,0
327387,0
327401,0
327403,0
327406,0
327409,0
327418,0
327423,0
327432,0
327435,0
327443,0
327448,0
327451,0
327454,0
327455,0
327468,0
327477,0
327482,0
327486,0
327493,1
327496,0
327510,0
327512,0
327513,0
327514,0
327526,0
327536,0
327538,0
327542,0
327560,0
327577,0
327578,0
327579,0
327581,0
327583,0
327597,0
327598,0
327603,0
327606,0
327610,0
327617,0
327644,1
327647,0
327648,0
327649,1
327679,0
327682,0
327685,0
327695,0
327699,0
327712,0
327715,0
327718,0
327725,0
327731,0
327743,0
327745,1
327752,0
327754,0
327757,0
327776,0
327780,0
327788,0
327800,0
327802,0
327829,0
327842,0
327847,1
327865,0
327869,0
327870,0
327873,0
327877,0
327883,0
327902,0
327920,0
327939,0
327940,0
327941,1
327994,0
327998,0
327999,1
328004,0
328025,0
328032,0
328036,0
328037,0
328039,0
328041,0
328046,0
328052,0
328054,0
328059,0
328060,1
328062,0
328068,0
328069,0
328077,0
328079,0
328082,0
328094,0
328102,1
328106,0
328108,0
328111,0
328113,0
328125,0
328131,0
328132,0
328137,0
328138,0
328143,0
328147,0
328170,0
328188,0
328190,0
328197,0
328206,0
328215,0
328222,0
328234,0
328244,0
328249,0
328251,0
328253,0
328268,0
328287,0
328289,0
328300,0
328323,0
328324,0
328331,0
328333,0
328356,0
328361,0
328388,0
328396,0
328403,0
328411,0
328413,0
328422,0
328425,0
328428,0
328432,0
328440,0
328443,0
328465,0
328477,1
328481,0
328482,0
328484,0
328488,0
328492,0
328500,0
328517,0
328518,0
328520,0
328533,0
328547,0
328567,0
328574,0
328581,0
328582,0
328583,0
328591,0
328614,0
328615,0
328617,0
328620,0
328626,0
328630,0
328650,0
328654,0
328661,0
328664,0
328665,0
328670,0
328677,0
328680,0
328687,0
328697,0
328725,1
328735,0
328754,0
328757,0
328759,0
328779,1
328786,0
328792,0
328797,0
328798,0
328802,0
328807,0
328810,0
328811,1
328820,1
328839,0
328847,0
328852,0
328854,0
328863,0
328883,0
328886,0
328887,0
328918,0
328921,1
328943,0
328955,0
328959,0
328967,0
328969,0
328971,0
328976,0
328977,0
328979,0
328987,1
328992,0
329043,0
329044,0
329065,0
329093,0
329112,1
329114,0
329121,0
329132,0
329136,0
329142,0
329148,0
329158,0
329160,1
329164,0
329166,0
329169,0
329188,0
329189,0
329211,0
329215,0
329223,0
329240,0
329255,0
329262,0
329263,0
329266,0
329267,0
329271,0
329280,1
329283,0
329291,0
329294,0
329298,0
329299,0
329304,0
329318,0
329326,0
329327,0
329336,0
329337,0
329339,0
329343,0
329350,0
329354,0
329357,0
329375,0
329376,0
329382,0
329392,0
329400,0
329404,0
329406,0
329408,0
329410,0
329416,0
329429,0
329440,0
329443,0
329447,0
329462,0
329472,0
329474,0
329482,0
329486,0
329506,0
329523,0
329535,0
329542,0
329544,0
329554,0
329559,0
329562,0
329566,0
329577,0
329591,0
329593,0
329596,0
329608,0
329609,0
329612,0
329634,0
329640,0
329647,0
329648,0
329660,0
329675,0
329682,0
329684,0
329685,0
329694,0
329699,0
329701,0
329708,0
329715,0
329718,0
329721,0
329724,0
329728,0
329739,0
329748,0
329750,0
329753,0
329774,1
329792,0
329793,0
329800,0
329801,0
329809,0
329824,0
329830,0
329838,0
329848,0
329850,0
329854,0
329855,0
329860,0
329868,0
329874,0
329880,0
329881,0
329886,0
329887,0
329889,0
329899,0
329905,0
329910,0
329911,0
329912,0
329920,0
329921,0
329924,0
329926,0
329945,0
329967,1
329974,0
329975,0
329977,0
329980,0
329985,0
329990,0
330003,0
330015,0
330019,0
330023,0
330024,0
330044,0
330055,0
330056,0
330061,0
330066,0
330081,0
330086,0
330087,0
330091,0
330092,0
330107,0
330118,0
330123,0
330126,0
330134,0
330153,0
330168,0
330169,0
330172,0
330177,1
330179,0
330181,0
330199,0
330201,0
330202,0
330217,0
330221,0
330222,0
330225,0
330231,0
330241,0
330242,0
330247,0
330275,0
330277,0
330286,0
330297,0
330305,0
330320,1
330327,0
330330,0
330334,0
330336,0
330338,0
330339,0
330340,0
330342,0
330345,0
330350,0
330353,0
330379,0
330383,0
330399,0
330437,0
330438,0
330439,0
330443,0
330446,0
330449,0
330453,0
330456,1
330470,0
330476,0
330477,0
330478,0
330480,0
330491,0
330492,0
330499,0
330501,1
330505,0
330527,0
330548,0
330552,0
330553,0
330559,0
330574,1
330579,0
330582,0
330589,0
330591,0
330594,0
330600,0
330601,0
330606,0
330608,1
330613,1
330614,0
330622,0
330628,1
330632,0
330651,0
330677,0
330686,0
330695,0
330699,0
330711,0
330723,0
330737,0
330744,0
330771,0
330775,0
330777,0
330778,1
330786,0
330792,0
330793,0
330806,0
330809,0
330811,0
330817,0
330819,0
330833,0
330847,0
330856,0
330860,0
330900,0
330906,0
330911,0
330935,0
330944,0
330961,1
330962,0
330966,0
330968,0
330970,0
330971,0
330986,0
330988,0
331000,0
331001,0
331017,0
331028,0
331029,1
331042,0
331047,1
331059,0
331061,0
331064,0
331066,0
331070,1
331071,0
331074,0
331080,1
331087,0
331089,0
331097,0
331104,0
331113,0
331114,0
331118,0
331120,0
331122,0
331128,0
331140,0
331151,0
331158,0
331167,0
331169,0
331174,0
331175,1
331176,0
331178,0
331185,1
331189,0
331199,0
331202,0
331237,0
331243,0
331248,0
331268,0
331272,0
331278,0
331283,0
331286,0
331297,0
331320,0
331336,0
331346,0
331351,1
331358,0
331368,0
331377,0
331385,0
331386,0
331391,0
331425,0
331435,0
331437,0
331447,0
331458,0
331459,0
331462,0
331466,1
331478,0
331490,0
331494,0
331495,0
331497,0
331501,0
331509,0
331511,0
331512,0
331513,0
331536,0
331540,0
331543,0
331565,0
331568,0
331571,0
331574,0
331577,0
331580,0
331583,0
331587,0
331589,0
331600,0
331601,1
331622,0
331628,0
331635,0
331643,0
331649,0
331653,0
331658,0
331661,0
331673,0
331679,0
331688,0
331702,0
331703,0
331704,0
331710,0
331732,0
331733,0
331747,0
331751,0
331753,0
331759,0
331760,0
331762,0
331781,0
331788,0
331795,0
331802,1
331814,0
331819,0
331820,0
331826,0
331828,0
331830,0
331832,0
331836,0
331854,0
331857,0
331859,0
331860,0
331861,0
331863,0
331867,0
331869,0
331870,0
331871,1
331872,0
331884,0
331904,0
331911,0
331916,0
331918,0
331921,0
331929,0
331930,0
331961,0
331965,0
331966,0
331971,0
331973,1
331980,0
331981,0
331988,0
331989,0
332016,0
332022,0
332024,1
332035,1
332048,0
332049,0
332052,0
332061,0
332067,0
332087,0
332098,0
332104,0
332108,0
332127,0
332128,0
332131,0
332134,0
332145,0
332146,0
332148,0
332149,0
332151,0
332157,0
332160,0
332176,0
332177,0
332178,0
332188,0
332190,0
332191,0
332197,0
332199,0
332202,0
332206,0
332207,0
332210,0
332215,0
332217,0
332218,1
332233,0
332235,0
332246,0
332249,0
332264,0
332280,0
332282,0
332294,0
332314,0
332321,0
332323,0
332324,0
332330,0
332331,0
332338,0
332341,0
332360,0
332367,0
332376,0
332385,0
332406,1
332430,0
332436,0
332438,0
332440,0
332441,0
332444,0
332448,1
332459,0
332463,0
332466,0
332471,0
332478,0
332479,0
332500,0
332520,0
332535,0
332541,0
332561,0
332564,0
332569,0
332575,0
332584,0
332591,0
332601,0
332612,1
332613,0
332623,0
332631,0
332633,1
332634,0
332662,0
332669,0
332673,0
332678,1
332686,0
332688,0
332699,0
332702,1
332704,0
332727,0
332732,0
332749,1
332761,0
332765,0
332774,0
332787,0
332788,0
332794,0
332798,0
332826,0
332828,0
332839,0
332853,0
332871,0
332873,0
332890,0
332908,0
332914,0
332917,0
332918,0
332920,0
332926,0
332928,0
332929,0
332932,0
332962,0
332979,0
332981,0
332986,0
332987,1
332988,0
332996,0
332999,0
333002,0
333005,0
333019,0
333022,0
333030,0
333034,0
333041,0
333042,0
333049,0
333058,0
333065,0
333083,0
333084,0
333089,0
333091,0
333092,0
333137,1
333141,0
333153,0
333155,0
333156,0
333171,0
333176,0
333183,0
333198,0
333207,0
333209,0
333219,0
333226,0
333227,0
333234,1
333248,0
333260,0
333265,0
333272,0
333283,0
333284,0
333290,0
333291,0
333294,1
333313,0
333337,1
333340,0
333341,0
333346,1
333347,0
333348,0
333357,0
333359,0
333362,0
333375,0
333383,0
333384,1
333399,0
333402,0
333421,0
333433,0
333436,0
333451,0
333471,0
333489,0
333494,0
333506,1
333508,0
333517,0
333522,0
333533,0
333538,0
333547,0
333551,0
333560,0
333562,0
333567,1
333575,0
333602,0
333618,0
333619,0
333633,0
333638,0
333641,0
333642,0
333650,0
333652,0
333657,0
333667,0
333707,0
333724,0
333726,0
333727,0
333728,0
333737,0
333742,0
333743,0
333748,0
333754,0
333809,0
333819,0
333821,0
333822,0
333824,0
333825,0
333831,0
333835,0
333838,0
333862,0
333866,0
333880,0
333881,0
333890,0
333906,0
333920,0
333924,0
333931,0
333932,0
333940,0
333947,0
333955,1
333962,0
333963,1
333967,0
333972,0
333979,0
333980,0
334001,0
334004,0
334008,0
334019,0
334039,0
334047,0
334051,0
334060,0
334066,0
334079,1
334083,0
334088,0
334100,0
334108,0
334111,0
334116,1
334121,0
334132,0
334135,0
334151,0
334160,0
334167,0
334173,0
334181,0
334184,0
334189,0
334205,0
334207,0
334210,0
334235,0
334240,1
334249,0
334253,0
334260,0
334262,0
334274,0
334275,0
334301,0
334312,0
334317,0
334328,0
334336,0
334342,0
334348,0
334359,0
334361,0
334364,0
334369,0
334379,0
334392,0
334404,0
334428,0
334441,0
334452,0
334460,0
334467,0
334478,0
334479,0
334498,0
334499,0
334501,0
334516,0
334517,0
334528,0
334529,0
334531,0
334543,0
334557,0
334562,0
334566,0
334578,0
334582,0
334590,1
334610,1
334611,1
334624,0
334640,0
334665,0
334666,0
334680,0
334691,0
334699,0
334708,0
334709,0
334713,0
334761,1
334765,0
334776,0
334786,0
334798,0
334835,0
334844,0
334854,0
334856,0
334864,0
334872,0
334878,0
334888,0
334891,0
334896,0
334927,0
334931,0
334934,0
334936,0
334943,0
334956,0
334960,0
334961,0
334968,0
334981,1
334985,0
334987,0
334993,0
334997,0
334999,0
335003,0
335006,0
335007,0
335060,0
335064,1
335068,0
335069,0
335071,0
335077,0
335079,0
335080,0
335083,0
335084,0
335092,0
335103,0
335104,1
335108,0
335111,0
335127,0
335146,0
335147,1
335152,0
335153,0
335156,0
335158,0
335164,1
335185,0
335186,1
335188,0
335189,0
335194,0
335205,0
335227,0
335248,0
335264,0
335279,0
335282,0
335284,0
335288,0
335290,0
335297,0
335308,0
335317,0
335324,0
335326,0
335349,0
335354,0
335373,0
335384,0
335385,0
335390,1
335394,0
335400,0
335405,0
335412,0
335414,0
335426,0
335430,0
335444,1
335447,0
335452,0
335457,0
335464,1
335475,0
335476,0
335479,0
335496,0
335497,0
335516,0
335517,0
335524,0
335527,0
335542,0
335547,0
335554,0
335599,1
335605,0
335610,1
335611,0
335630,0
335639,0
335646,0
335647,0
335650,0
335661,0
335669,0
335672,0
335676,0
335686,0
335687,0
335693,1
335697,0
335711,0
335720,0
335722,0
335724,0
335733,0
335734,0
335742,0
335748,0
335757,0
335758,0
335763,0
335769,0
335773,0
335774,0
335776,0
335781,0
335791,0
335793,1
335798,1
335803,0
335806,0
335819,0
335822,0
335827,1
335834,0
335836,0
335854,0
335860,0
335861,0
335862,0
335864,0
335877,0
335880,0
335889,0
335894,0
335918,0
335919,0
335926,0
335943,0
335946,0
335951,0
335980,0
335988,0
335996,0
335997,0
336011,0
336021,0
336023,0
336028,0
336032,0
336033,0
336034,0
336043,1
336044,1
336057,0
336059,0
336062,1
336066,0
336072,1
336077,0
336091,0
336093,0
336097,0
336098,0
336100,0
336105,0
336107,0
336109,0
336110,0
336113,1
336125,0
336129,0
336138,0
336140,0
336143,0
336148,0
336152,0
336164,0
336167,0
336185,0
336190,0
336200,0
336206,0
336212,0
336221,0
336222,0
336239,0
336256,0
336259,0
336284,0
336285,0
336289,0
336301,0
336310,0
336311,0
336313,0
336318,0
336354,0
336360,0
336373,0
336376,0
336380,0
336387,0
336389,0
336399,0
336412,0
336417,0
336419,0
336421,0
336423,1
336425,0
336428,0
336432,0
336437,0
336455,0
336456,0
336468,0
336485,0
336489,0
336507,0
336509,0
336516,0
336520,0
336522,0
336538,0
336541,0
336554,0
336563,0
336564,0
336578,0
336591,0
336595,0
336600,1
336609,0
336612,0
336624,0
336629,0
336630,1
336645,0
336655,0
336656,0
336659,0
336672,0
336695,0
336721,0
336731,0
336736,0
336742,0
336743,0
336747,0
336755,0
336756,0
336762,0
336763,0
336771,0
336776,0
336778,0
336781,0
336793,0
336798,0
336801,0
336818,0
336825,0
336834,1
336835,0
336839,0
336841,0
336862,0
336864,0
336867,1
336868,0
336879,0
336894,0
336899,0
336902,0
336908,0
336912,0
336915,0
336921,1
336926,1
336928,0
336934,0
336936,0
336937,0
336941,0
336948,0
336952,0
336953,0
336967,0
336968,0
336979,0
336984,1
336985,0
336999,0
337000,0
337006,0
337020,0
337021,0
337026,1
337027,0
337030,0
337035,0
337042,0
337044,0
337052,0
337053,0
337063,0
337065,0
337088,0
337095,0
337098,0
337111,0
337117,0
337122,0
337131,0
337137,0
337145,0
337146,0
337150,0
337158,0
337165,0
337166,0
337176,0
337194,0
337205,0
337211,0
337214,1
337215,0
337222,0
337232,0
337234,0
337242,0
337249,0
337253,0
337263,0
337264,1
337301,0
337313,0
337314,0
337320,0
337329,0
337333,1
337355,0
337356,0
337359,0
337362,0
337379,1
337383,0
337393,0
337401,0
337407,0
337417,0
337421,0
337425,0
337426,1
337434,0
337446,0
337447,0
337452,0
337456,1
337461,0
337465,0
337466,1
337468,0
337498,0
337521,0
337522,0
337523,0
337532,0
337538,0
337543,0
337554,0
337567,0
337570,0
337577,0
337587,0
337597,1
337602,0
337607,0
337618,1
337623,0
337626,0
337630,0
337634,0
337637,0
337639,0
337656,0
337662,0
337671,0
337672,0
337677,0
337679,0
337696,0
337704,0
337707,0
337708,0
337727,1
337729,0
337734,0
337736,0
337750,0
337758,0
337759,0
337762,0
337771,0
337778,1
337784,0
337795,0
337801,0
337805,0
337811,0
337817,0
337819,0
337824,0
337829,0
337841,0
337858,0
337863,0
337875,0
337880,0
337884,0
337885,0
337891,0
337899,0
337908,0
337919,0
337921,0
337924,0
337944,0
337946,0
337964,0
337965,0
337973,0
337975,0
337978,0
337979,0
337994,0
337997,0
337999,0
338005,0
338006,0
338011,0
338014,0
338021,0
338033,0
338037,0
338042,0
338047,0
338054,0
338057,0
338061,0
338095,0
338096,0
338109,0
338128,0
338132,0
338135,0
338151,0
338157,0
338158,0
338160,0
338162,0
338163,0
338168,0
338173,0
338176,0
338182,0
338184,0
338197,0
338206,0
338207,0
338208,0
338218,0
338230,0
338234,0
338247,0
338258,0
338265,0
338270,0
338271,0
338274,0
338281,0
338312,0
338313,0
338331,0
338336,0
338347,1
338353,0
338358,0
338361,0
338365,0
338371,0
338373,0
338378,0
338379,0
338385,0
338396,0
338411,0
338416,0
338427,0
338433,0
338442,0
338444,1
338456,0
338460,1
338461,0
338468,0
338469,0
338476,0
338477,0
338478,0
338480,0
338481,0
338493,0
338497,0
338503,0
338507,0
338519,0
338522,0
338524,0
338533,1
338535,0
338540,0
338551,0
338555,0
338556,0
338558,0
338565,0
338569,0
338575,0
338580,0
338591,0
338606,0
338610,0
338611,1
338637,1
338639,1
338651,0
338653,0
338660,0
338663,0
338666,0
338678,0
338681,1
338686,0
338689,0
338695,0
338700,0
338731,0
338744,0
338754,0
338755,0
338762,0
338765,0
338767,0
338780,0
338783,0
338793,0
338796,0
338801,0
338805,0
338814,1
338817,0
338818,0
338825,0
338851,0
338855,0
338856,0
338858,1
338870,0
338875,0
338882,0
338885,0
338891,0
338893,0
338894,0
338897,0
338908,0
338915,0
338941,0
338951,0
338967,0
338968,0
338981,0
338983,0
338987,0
338988,0
338995,1
339001,0
339006,0
339023,0
339040,0
339044,1
339065,0
339067,0
339068,0
339074,0
339077,0
339078,0
339083,0
339094,0
339097,0
339113,1
339116,0
339117,0
339126,0
339130,0
339134,0
339166,0
339177,0
339197,0
339205,0
339209,0
339215,0
339221,0
339223,0
339224,0
339227,0
339259,0
339267,0
339273,0
339274,0
339275,0
339288,0
339290,1
339297,0
339300,0
339303,0
339310,0
339321,1
339322,0
339324,0
339325,0
339326,0
339334,0
339343,0
339349,0
339351,0
339353,0
339368,0
339369,0
339374,0
339384,0
339393,0
339398,0
339401,0
339420,0
339422,0
339423,1
339430,0
339444,0
339458,0
339462,0
339464,0
339467,0
339470,0
339480,0
339481,0
339484,0
339491,0
339499,0
339504,1
339514,0
339524,0
339525,0
339549,0
339558,0
339564,0
339579,0
339581,0
339587,0
339590,0
339606,0
339609,0
339645,0
339654,0
339666,0
339673,0
339675,0
339685,0
339693,0
339697,0
339705,0
339721,0
339722,0
339723,0
339729,0
339739,0
339742,0
339752,0
339765,0
339767,0
339768,0
339785,0
339795,0
339800,0
339807,0
339813,0
339833,0
339835,0
339840,0
339858,0
339859,0
339870,1
339876,0
339886,0
339887,0
339893,0
339895,0
339900,0
339906,0
339909,0
339918,0
339923,0
339928,0
339935,0
339936,0
339939,0
339942,0
339960,0
339961,1
339964,0
339966,0
339992,0
340000,0
340017,0
340023,0
340024,0
340035,0
340040,0
340051,0
340052,0
340058,0
340064,1
340065,0
340066,0
340074,0
340088,0
340102,0
340105,0
340106,0
340107,0
340114,0
340119,0
340120,0
340121,0
340126,0
340127,0
340128,0
340132,0
340133,0
340147,0
340149,0
340155,0
340169,0
340191,0
340192,0
340199,0
340205,0
340208,1
340209,1
340215,0
340231,0
340236,0
340246,0
340261,0
340267,0
340274,0
340280,0
340281,0
340282,0
340294,0
340304,0
340306,0
340311,0
340322,0
340323,0
340326,0
340335,0
340340,0
340348,0
340354,0
340359,0
340367,0
340372,0
340373,0
340395,0
340397,1
340398,0
340399,0
340406,0
340410,0
340427,0
340440,0
340447,1
340452,0
340469,0
340470,0
340472,0
340473,0
340474,0
340480,0
340485,0
340512,1
340518,0
340526,0
340528,0
340548,0
340563,0
340570,1
340583,0
340601,0
340621,0
340624,0
340631,0
340641,0
340655,0
340656,0
340668,0
340676,0
340681,0
340687,0
340691,0
340727,1
340734,0
340735,0
340737,0
340741,0
340745,0
340757,0
340761,0
340770,0
340771,0
340790,0
340797,0
340802,0
340808,0
340812,0
340821,0
340834,0
340839,0
340843,0
340856,1
340862,0
340871,0
340877,0
340881,0
340885,0
340893,0
340910,0
340916,0
340935,0
340938,0
340943,0
340945,0
340948,0
340962,0
340968,0
340979,0
340980,0
340986,0
340988,0
340991,0
341001,0
341022,0
341028,0
341030,0
341039,1
341065,0
341086,0
341098,0
341106,0
341111,0
341112,0
341119,0
341121,0
341123,0
341124,0
341126,0
341128,0
341167,0
341175,0
341186,0
341191,0
341217,1
341222,0
341224,0
341230,0
341253,0
341254,0
341259,0
341263,0
341264,0
341267,0
341274,0
341276,0
341289,0
341299,0
341300,0
341301,0
341309,0
341312,0
341313,0
341319,0
341322,0
341323,1
341326,1
341329,0
341336,0
341339,0
341352,0
341389,0
341393,1
341397,0
341399,0
341403,0
341411,0
341420,1
341431,0
341436,0
341449,0
341462,1
341473,0
341479,0
341504,0
341509,0
341511,0
341514,0
341517,0
341521,0
341539,0
341553,0
341568,0
341587,0
341590,0
341593,0
341596,0
341602,0
341604,0
341608,0
341612,0
341627,0
341628,0
341645,1
341662,0
341679,0
341693,1
341694,1
341695,0
341697,0
341702,0
341703,0
341708,1
341721,0
341722,0
341738,0
341740,0
341777,0
341781,0
341784,0
341789,0
341791,0
341800,0
341812,1
341815,0
341824,0
341827,0
341839,1
341855,0
341857,0
341864,0
341883,0
341893,0
341894,0
341897,0
341900,0
341902,0
341914,0
341920,0
341923,0
341927,0
341937,0
341942,0
341949,0
341956,0
341957,0
341958,0
341961,0
341973,1
341974,0
341977,0
341989,0
342005,0
342006,0
342009,1
342013,0
342032,1
342033,0
342034,0
342035,1
342037,0
342049,0
342063,0
342064,1
342070,0
342073,0
342076,0
342086,0
342094,1
342095,1
342102,0
342104,0
342123,0
342131,0
342133,0
342179,0
342197,0
342202,0
342204,1
342206,0
342225,0
342226,0
342232,0
342276,0
342282,0
342289,1
342309,0
342312,1
342315,0
342317,0
342338,0
342345,0
342354,0
342372,0
342383,0
342386,0
342387,0
342389,0
342411,0
342412,0
342413,0
342418,0
342420,0
342424,0
342425,0
342427,0
342428,0
342440,0
342441,0
342457,1
342463,0
342466,0
342480,0
342486,0
342509,0
342524,0
342526,0
342528,0
342532,0
342535,0
342545,0
342549,0
342551,0
342553,0
342562,1
342573,0
342582,1
342589,0
342608,0
342634,0
342635,0
342650,0
342655,0
342668,0
342681,0
342688,0
342691,0
342698,0
342712,0
342724,0
342732,0
342733,0
342737,0
342748,0
342756,0
342757,0
342762,0
342763,1
342764,0
342768,0
342773,0
342777,1
342778,0
342780,0
342783,0
342797,0
342798,0
342806,0
342810,0
342818,0
342825,0
342837,0
342841,0
342843,0
342850,0
342858,0
342863,0
342864,0
342872,0
342881,0
342882,0
342886,0
342889,0
342895,0
342901,0
342904,0
342906,0
342921,0
342922,0
342928,0
342936,0
342956,0
342958,0
342961,0
342968,0
342969,0
342983,0
342984,0
342986,0
342999,0
343007,0
343008,0
343018,0
343027,0
343029,0
343034,1
343037,0
343062,0
343076,0
343079,0
343083,0
343089,0
343095,0
343105,0
343112,1
343113,0
343132,0
343136,1
343142,1
343145,0
343151,0
343158,0
343169,0
343180,0
343193,0
343199,1
343214,0
343215,0
343229,0
343231,0
343240,0
343249,1
343252,0
343255,0
343262,0
343264,0
343265,0
343274,0
343277,0
343292,0
343297,0
343303,1
343322,0
343328,0
343353,0
343373,0
343379,0
343382,0
343386,0
343390,0
343395,1
343399,0
343411,1
343417,1
343444,0
343445,0
343451,1
343459,0
343460,0
343467,0
343477,1
343478,0
343479,1
343491,0
343505,0
343519,0
343523,0
343524,0
343530,0
343533,0
343546,0
343555,0
343558,0
343565,0
343572,0
343578,0
343592,0
343609,0
343623,1
343624,0
343626,0
343642,1
343648,1
343655,1
343660,0
343661,0
343667,0
343668,0
343671,0
343674,0
343686,0
343688,0
343689,0
343691,0
343693,0
343695,0
343696,0
343709,0
343718,0
343719,0
343725,0
343736,0
343737,0
343747,0
343748,1
343749,0
343751,0
343753,0
343760,0
343773,0
343778,0
343780,0
343786,0
343799,0
343815,0
343825,0
343835,0
343851,0
343873,0
343876,0
343879,0
343880,0
343884,0
343895,0
343900,0
343901,0
343906,1
343922,0
343923,0
343929,1
343936,0
343939,0
343941,0
343944,0
343948,0
343954,0
343955,0
343960,0
343965,0
343971,0
343983,0
343985,0
344001,0
344009,0
344021,0
344040,0
344063,1
344068,0
344079,0
344096,0
344120,0
344136,0
344154,0
344168,0
344170,1
344173,0
344178,0
344189,0
344201,0
344205,0
344217,0
344228,0
344230,0
344245,0
344247,0
344253,0
344269,0
344280,0
344285,0
344288,0
344293,0
344294,0
344298,0
344327,0
344331,0
344338,1
344347,0
344353,0
344354,0
344355,0
344360,0
344373,1
344376,0
344377,0
344398,0
344406,0
344412,0
344417,0
344419,0
344425,1
344429,0
344442,0
344452,0
344470,0
344471,0
344474,0
344484,0
344487,1
344497,0
344502,0
344521,0
344523,0
344526,1
344537,0
344538,0
344539,0
344544,0
344546,0
344551,0
344573,0
344574,0
344575,0
344580,0
344583,0
344586,0
344597,0
344599,0
344600,0
344622,0
344639,0
344643,0
344646,1
344653,0
344656,0
344664,0
344680,0
344687,0
344688,0
344697,0
344698,0
344702,0
344712,0
344715,0
344717,0
344730,0
344751,0
344757,0
344761,0
344773,0
344776,1
344785,0
344787,0
344797,1
344801,0
344820,0
344824,0
344846,0
344870,0
344874,0
344876,0
344879,0
344898,0
344907,0
344911,0
344917,0
344921,0
344929,0
344936,0
344941,0
344942,0
344950,0
344951,0
344953,0
344962,0
344966,0
344970,0
344976,0
344982,0
344990,0
344996,0
344998,0
345001,0
345016,0
345028,0
345034,0
345044,0
345045,0
345050,0
345060,0
345067,0
345069,0
345076,0
345090,0
345102,1
345113,0
345116,0
345134,0
345137,0
345141,0
345146,0
345172,0
345179,0
345181,0
345195,0
345217,0
345224,0
345230,0
345241,0
345245,0
345247,0
345257,0
345259,0
345281,0
345309,0
345318,0
345333,1
345345,0
345347,0
345348,0
345352,0
345354,0
345358,0
345370,0
345377,0
345380,0
345395,0
345396,0
345399,0
345400,0
345408,0
345409,0
345422,0
345441,0
345454,0
345459,0
345460,0
345485,0
345494,0
345497,0
345505,0
345506,0
345510,0
345519,0
345524,0
345536,1
345537,0
345545,0
345555,0
345556,0
345559,0
345562,0
345568,0
345576,0
345581,0
345589,0
345590,0
345592,0
345624,0
345626,0
345631,0
345632,0
345636,0
345637,0
345645,0
345647,0
345651,0
345653,0
345657,0
345659,0
345670,0
345671,0
345674,0
345677,0
345678,1
345682,0
345695,0
345703,0
345709,0
345721,0
345728,0
345737,1
345739,0
345743,0
345762,0
345767,0
345769,0
345774,0
345789,0
345792,0
345802,0
345806,0
345814,0
345816,0
345818,1
345835,0
345836,0
345863,0
345881,0
345882,0
345883,0
345891,0
345909,0
345911,0
345918,0
345927,0
345929,0
345930,0
345934,0
345940,0
345946,0
345956,1
345965,0
345969,0
345981,0
345983,0
345984,0
345991,0
345994,0
346000,0
346005,0
346007,1
346018,0
346019,0
346022,0
346023,0
346032,0
346033,0
346034,0
346037,1
346041,0
346053,0
346055,0
346067,0
346072,0
346087,0
346090,1
346103,0
346105,0
346110,0
346122,0
346123,0
346149,0
346156,0
346158,0
346161,0
346162,0
346171,0
346174,0
346176,0
346191,0
346198,0
346204,0
346205,0
346216,0
346227,0
346229,0
346234,1
346236,0
346239,0
346244,0
346252,0
346261,0
346262,0
346278,0
346282,0
346295,0
346304,1
346305,0
346309,0
346310,0
346312,0
346346,0
346354,0
346356,0
346363,0
346374,0
346380,0
346388,1
346399,0
346417,1
346432,0
346433,0
346437,0
346454,0
346460,0
346461,0
346468,0
346471,0
346474,0
346497,0
346498,0
346499,0
346508,0
346511,0
346513,0
346515,0
346520,0
346527,0
346529,0
346531,0
346558,0
346568,0
346571,0
346590,0
346595,0
346597,0
346601,1
346630,0
346634,0
346641,0
346647,0
346653,0
346656,0
346669,0
346690,0
346695,0
346710,0
346718,0
346732,1
346733,0
346751,0
346752,0
346755,0
346762,0
346779,0
346793,0
346795,0
346809,0
346817,0
346819,0
346857,0
346871,0
346882,0
346895,0
346896,0
346899,0
346908,0
346909,1
346913,1
346925,0
346945,0
346960,0
346962,0
346964,0
346978,0
346979,0
346988,0
346989,1
346996,0
347003,0
347010,0
347020,0
347025,0
347028,0
347032,0
347042,0
347048,0
347064,0
347068,0
347072,0
347073,0
347088,0
347093,0
347096,0
347098,0
347099,0
347109,0
347126,0
347128,0
347129,0
347131,0
347132,0
347137,0
347143,0
347145,0
347151,0
347157,0
347183,0
347189,0
347191,0
347203,0
347210,0
347221,0
347235,0
347263,0
347273,0
347278,0
347280,0
347285,0
347287,0
347290,1
347301,0
347303,0
347315,0
347317,1
347322,0
347324,0
347329,0
347336,0
347338,0
347343,0
347344,0
347345,1
347349,0
347352,0
347353,0
347358,0
347360,0
347364,1
347372,0
347412,1
347417,0
347433,0
347447,0
347448,0
347457,0
347467,0
347470,0
347500,0
347519,0
347525,0
347528,1
347544,0
347553,0
347557,0
347580,1
347597,0
347604,1
347605,0
347612,0
347616,0
347619,0
347623,0
347636,1
347637,0
347641,1
347644,0
347670,0
347673,0
347682,0
347688,0
347691,0
347692,0
347693,0
347699,0
347706,0
347731,0
347732,0
347743,0
347746,1
347750,0
347775,0
347783,0
347791,0
347799,0
347800,1
347830,0
347838,0
347844,1
347862,0
347865,0
347867,0
347878,0
347883,0
347889,0
347891,0
347897,0
347901,0
347911,0
347918,0
347925,0
347929,0
347940,0
347943,0
347946,0
347948,0
347968,0
347978,0
347981,0
347984,1
347986,0
347999,0
348005,0
348009,0
348012,0
348013,0
348034,1
348035,0
348053,0
348062,0
348065,0
348067,0
348071,0
348072,0
348079,0
348085,0
348086,0
348096,0
348101,0
348102,1
348111,0
348114,0
348115,0
348116,0
348118,0
348123,0
348130,0
348137,0
348147,0
348149,0
348164,0
348173,0
348175,0
348184,0
348186,0
348199,0
348212,0
348219,0
348227,0
348232,0
348234,0
348241,0
348260,0
348262,0
348269,0
348279,0
348281,0
348295,0
348309,0
348318,0
348319,0
348322,1
348324,0
348330,0
348338,0
348341,0
348345,0
348346,0
348350,0
348353,0
348356,0
348357,0
348371,0
348383,0
348386,0
348391,0
348392,0
348403,0
348429,0
348433,1
348438,0
348469,0
348471,0
348475,0
348478,0
348487,0
348495,0
348496,0
348503,0
348505,1
348509,0
348515,0
348517,0
348518,0
348523,0
348526,0
348552,0
348560,0
348566,1
348567,0
348575,0
348581,1
348587,0
348596,0
348600,0
348618,1
348626,0
348629,0
348634,0
348643,0
348653,0
348655,0
348659,0
348667,0
348668,0
348671,0
348672,0
348674,0
348681,0
348684,0
348697,0
348699,0
348716,0
348729,1
348730,0
348732,0
348739,0
348754,0
348761,0
348763,0
348767,0
348769,0
348774,0
348777,0
348784,0
348795,0
348796,0
348801,0
348829,0
348834,0
348837,0
348838,0
348840,0
348843,0
348845,0
348858,0
348869,0
348872,0
348880,0
348881,0
348886,0
348896,0
348906,0
348915,0
348925,0
348932,0
348934,0
348935,0
348939,0
348953,0
348955,0
348968,0
348969,0
348986,0
348988,0
348992,0
349003,0
349008,0
349009,0
349018,0
349022,0
349028,0
349045,0
349054,0
349068,1
349070,0
349078,0
349119,0
349133,0
349150,1
349161,0
349169,1
349171,0
349178,0
349181,0
349183,0
349205,0
349215,0
349219,0
349247,0
349253,0
349255,0
349256,0
349262,1
349266,0
349268,0
349275,0
349277,1
349280,0
349294,0
349322,0
349343,0
349352,0
349365,0
349366,0
349377,0
349381,0
349385,0
349387,0
349391,0
349395,0
349400,0
349415,0
349426,0
349427,0
349430,0
349435,0
349444,0
349450,0
349456,0
349458,0
349472,0
349494,0
349497,0
349499,0
349502,0
349505,0
349514,0
349522,0
349527,0
349536,0
349537,0
349568,0
349569,0
349573,0
349574,0
349593,0
349607,0
349617,1
349630,0
349659,0
349661,0
349666,0
349668,0
349670,0
349689,0
349697,0
349698,0
349700,0
349701,0
349711,1
349713,0
349714,0
349723,0
349731,0
349733,0
349738,0
349739,0
349742,0
349746,1
349747,0
349776,0
349780,0
349799,0
349803,0
349806,0
349807,0
349823,0
349827,0
349828,0
349829,0
349836,0
349841,1
349842,0
349866,0
349871,0
349881,0
349888,0
349889,0
349893,0
349899,0
349905,0
349922,0
349924,0
349937,0
349953,0
349959,0
349962,0
349973,0
349986,0
349991,0
350020,1
350030,0
350041,0
350042,0
350046,0
350058,0
350061,0
350069,0
350076,0
350079,0
350083,0
350085,0
350105,0
350109,0
350113,0
350120,0
350122,0
350125,0
350128,0
350129,0
350135,0
350143,0
350150,0
350158,0
350189,0
350200,0
350205,0
350207,0
350215,0
350216,0
350220,0
350238,0
350241,1
350254,0
350271,0
350272,0
350274,0
350298,0
350311,0
350314,0
350323,0
350325,0
350328,0
350338,0
350347,0
350352,0
350358,0
350359,0
350362,0
350365,0
350378,0
350398,0
350400,0
350404,0
350405,0
350409,1
350413,1
350421,0
350435,0
350444,0
350449,0
350460,0
350468,0
350478,0
350482,0
350488,0
350492,0
350493,0
350498,0
350501,0
350505,0
350509,0
350514,0
350517,0
350532,0
350547,0
350549,0
350551,0
350553,0
350556,0
350564,0
350574,0
350591,0
350593,0
350604,0
350614,0
350619,0
350620,0
350635,0
350639,0
350660,0
350661,0
350672,0
350675,0
350689,1
350691,0
350700,0
350710,0
350729,0
350733,0
350735,0
350739,0
350741,0
350742,0
350751,0
350753,0
350759,0
350760,0
350775,0
350785,1
350800,0
350803,0
350804,0
350806,0
350811,1
350816,0
350818,0
350821,0
350823,0
350826,0
350851,0
350856,0
350870,0
350878,0
350883,0
350887,0
350903,0
350905,0
350910,0
350918,0
350927,1
350930,0
350935,0
350938,0
350940,0
350947,0
350953,0
350955,1
350958,0
350960,0
350964,0
350966,0
350968,0
350970,0
350994,0
351006,0
351010,1
351013,0
351015,1
351024,0
351028,0
351050,1
351051,0
351064,0
351084,0
351090,0
351093,0
351097,0
351101,0
351120,0
351127,1
351129,0
351135,0
351139,0
351144,0
351146,0
351150,0
351157,0
351167,0
351172,0
351173,0
351174,0
351176,0
351181,0
351183,0
351184,0
351188,0
351195,0
351205,0
351207,0
351208,0
351214,0
351230,0
351231,0
351232,0
351242,0
351249,0
351250,0
351254,0
351262,0
351263,0
351267,0
351268,0
351290,0
351293,0
351299,0
351315,0
351317,0
351319,0
351320,0
351328,0
351330,0
351332,0
351354,0
351355,0
351369,1
351374,0
351404,0
351414,0
351426,0
351427,0
351429,0
351435,1
351441,0
351478,0
351486,0
351496,0
351503,0
351510,0
351511,0
351519,0
351524,0
351536,0
351539,0
351542,0
351544,1
351551,1
351553,0
351559,0
351561,0
351571,0
351574,0
351578,0
351586,0
351592,0
351609,0
351611,0
351620,0
351623,0
351631,0
351637,0
351644,0
351649,0
351693,0
351701,0
351703,0
351705,0
351719,0
351720,0
351732,0
351738,0
351743,1
351748,0
351752,0
351763,0
351769,0
351781,0
351799,0
351810,0
351818,0
351820,0
351822,0
351824,0
351832,0
351843,0
351848,0
351851,0
351852,0
351865,0
351867,0
351868,0
351872,0
351877,0
351881,0
351890,0
351894,0
351896,1
351902,0
351905,0
351912,0
351914,0
351924,0
351929,0
351932,0
351935,0
351944,1
351959,0
351966,0
351977,0
351998,0
352009,0
352016,0
352028,0
352029,0
352030,0
352039,0
352044,0
352052,0
352057,0
352060,0
352062,0
352068,0
352071,0
352078,0
352082,0
352084,0
352093,0
352105,0
352127,0
352132,0
352140,0
352148,0
352150,0
352153,0
352162,0
352179,0
352183,0
352186,0
352189,0
352197,0
352201,0
352207,0
352210,0
352213,0
352214,0
352216,0
352233,0
352235,0
352239,0
352240,0
352247,0
352252,0
352259,0
352262,0
352267,0
352286,0
352290,0
352298,0
352301,0
352310,0
352317,0
352334,0
352335,0
352337,0
352338,0
352348,0
352360,0
352362,0
352369,0
352380,0
352384,0
352385,0
352397,0
352402,0
352415,0
352430,0
352446,0
352448,0
352449,0
352453,0
352458,0
352462,0
352473,0
352490,0
352491,0
352494,0
352503,0
352504,0
352507,0
352514,0
352524,0
352544,0
352555,0
352567,0
352575,0
352577,0
352581,0
352585,0
352611,0
352619,0
352620,0
352621,1
352623,0
352624,0
352627,0
352635,0
352639,0
352647,0
352652,0
352654,0
352658,0
352659,0
352666,0
352675,0
352677,0
352680,1
352684,0
352720,0
352725,0
352726,0
352735,0
352736,0
352748,0
352782,0
352784,0
352786,0
352792,0
352800,0
352821,0
352823,0
352826,0
352834,0
352841,0
352842,0
352853,0
352855,0
352872,0
352873,1
352874,0
352882,0
352884,0
352891,0
352893,0
352908,0
352939,0
352941,1
352944,0
352948,0
352954,0
352959,0
352960,0
352969,0
352993,0
352994,0
352999,1
353004,0
353012,0
353015,0
353025,0
353028,0
353033,0
353043,0
353050,0
353053,0
353056,0
353062,0
353074,0
353085,0
353089,0
353090,0
353093,0
353101,0
353111,0
353113,0
353115,0
353116,0
353117,0
353120,0
353125,0
353137,0
353143,0
353144,0
353149,0
353153,0
353155,0
353160,0
353168,0
353170,0
353175,0
353176,0
353178,0
353180,0
353181,0
353182,0
353191,0
353193,0
353211,0
353226,0
353228,0
353236,0
353245,0
353246,0
353250,0
353257,0
353258,0
353260,0
353268,0
353274,0
353276,0
353291,0
353302,0
353303,0
353315,0
353318,0
353320,0
353330,0
353335,0
353342,0
353346,0
353357,0
353359,0
353377,0
353379,0
353387,0
353390,0
353391,0
353393,0
353399,0
353404,0
353406,0
353415,0
353424,1
353429,0
353443,1
353452,0
353458,1
353464,0
353470,0
353478,0
353494,0
353498,0
353512,0
353524,1
353529,0
353533,0
353535,0
353541,0
353551,0
353557,0
353561,0
353587,0
353621,0
353628,0
353630,1
353632,0
353636,0
353642,0
353643,1
353647,0
353650,0
353655,0
353658,0
353660,0
353661,0
353670,0
353672,0
353681,0
353683,0
353686,0
353689,0
353697,0
353698,0
353703,0
353704,0
353707,0
353712,0
353713,0
353723,0
353730,0
353733,0
353745,0
353754,0
353755,0
353779,0
353796,0
353806,0
353816,0
353819,0
353831,0
353837,0
353840,0
353843,0
353848,0
353850,0
353852,0
353854,0
353873,0
353875,0
353879,0
353900,0
353906,0
353913,0
353921,0
353931,0
353932,0
353949,0
353959,0
353962,0
353963,0
353964,0
353974,0
353976,0
353984,0
353985,0
353992,0
353998,0
353999,0
354000,0
354007,0
354008,1
354018,0
354030,0
354035,0
354046,0
354070,0
354072,0
354081,0
354092,0
354105,0
354137,0
354146,0
354147,0
354156,0
354171,1
354177,0
354183,0
354187,0
354191,0
354196,0
354200,0
354221,0
354243,0
354262,0
354266,0
354275,0
354279,0
354280,0
354297,1
354303,0
354304,0
354314,0
354315,0
354328,0
354330,0
354340,0
354342,0
354352,0
354353,0
354389,0
354395,0
354400,1
354407,0
354411,0
354427,0
354431,0
354436,0
354443,0
354449,0
354454,0
354477,0
354489,0
354491,0
354493,0
354507,0
354514,0
354520,0
354529,0
354541,1
354542,0
354551,0
354567,1
354572,1
354579,0
354585,0
354589,0
354597,0
354607,0
354611,0
354614,0
354627,1
354634,0
354638,0
354643,0
354649,0
354652,0
354659,0
354660,0
354662,0
354663,0
354683,0
354691,0
354695,1
354706,0
354711,0
354716,0
354721,0
354722,0
354742,0
354745,1
354749,0
354755,0
354756,0
354760,0
354771,0
354773,0
354779,0
354781,0
354784,0
354810,0
354811,0
354814,0
354827,1
354829,0
354833,0
354856,0
354860,0
354862,0
354867,0
354869,0
354874,0
354897,0
354903,0
354904,0
354922,0
354934,0
354945,0
354955,0
354959,0
354965,0
354968,0
354970,0
354979,0
354992,0
354994,1
355001,0
355003,0
355008,0
355011,0
355014,0
355016,0
355022,0
355031,0
355032,0
355056,1
355060,0
355078,0
355079,0
355094,0
355115,0
355123,0
355138,0
355142,0
355144,0
355154,0
355155,0
355176,1
355198,0
355200,0
355205,0
355223,0
355240,0
355252,1
355259,0
355266,0
355269,1
355270,0
355274,0
355278,0
355288,0
355289,0
355292,0
355294,1
355307,0
355313,0
355332,0
355340,0
355347,0
355365,0
355368,0
355369,0
355371,0
355375,0
355387,0
355394,1
355397,0
355398,0
355405,0
355410,1
355426,0
355430,0
355436,0
355453,1
355456,0
355462,0
355467,0
355481,0
355485,1
355489,0
355490,0
355500,0
355505,0
355521,0
355523,0
355531,0
355542,1
355545,0
355547,0
355562,0
355565,0
355568,0
355583,0
355591,0
355603,0
355628,0
355644,0
355654,0
355659,0
355664,0
355665,0
355671,0
355687,0
355709,0
355712,0
355715,0
355724,0
355726,0
355733,0
355734,0
355739,0
355740,1
355747,0
355751,0
355760,0
355768,0
355780,1
355787,0
355792,0
355807,0
355824,0
355833,0
355839,0
355843,0
355850,0
355867,0
355881,1
355892,1
355898,0
355908,0
355913,0
355914,0
355921,1
355938,0
355943,0
355945,0
355949,0
355959,0
355960,0
355962,0
355964,0
355974,0
355977,0
356001,0
356008,0
356010,0
356012,0
356029,0
356030,0
356031,0
356042,0
356044,0
356049,0
356052,0
356053,0
356058,0
356073,0
356074,0
356083,0
356087,0
356096,0
356099,0
356108,0
356111,1
356116,0
356117,0
356120,0
356132,0
356145,0
356158,0
356176,0
356180,0
356188,0
356189,0
356192,0
356198,0
356213,0
356223,0
356227,0
356230,0
356238,0
356239,0
356243,0
356251,0
356263,0
356270,0
356289,0
356297,0
356305,0
356317,0
356320,0
356329,1
356350,0
356356,0
356364,1
356368,0
356372,0
356379,0
356386,0
356401,0
356408,0
356423,0
356429,0
356435,0
356436,0
356440,0
356442,0
356443,0
356452,1
356453,0
356459,0
356487,0
356489,1
356492,0
356501,0
356503,1
356505,0
356509,0
356511,0
356516,0
356521,0
356540,0
356545,0
356546,0
356579,0
356589,0
356606,0
356611,0
356615,0
356619,0
356632,0
356646,0
356647,0
356657,0
356661,0
356663,0
356673,0
356675,0
356685,0
356695,0
356703,0
356711,0
356712,0
356722,0
356733,0
356744,0
356748,1
356749,1
356758,1
356761,0
356769,0
356781,0
356788,0
356790,0
356805,0
356830,0
356860,1
356875,0
356877,0
356878,0
356881,0
356893,0
356901,1
356917,0
356925,0
356932,0
356936,0
356940,0
356942,0
356948,0
356949,0
356956,0
356975,0
356979,1
356995,0
357004,0
357010,0
357014,0
357023,0
357031,0
357044,0
357053,0
357058,0
357071,1
357075,0
357078,0
357082,0
357095,0
357110,0
357111,0
357121,0
357135,0
357139,0
357143,0
357159,0
357166,0
357179,0
357185,1
357203,0
357205,0
357209,0
357210,0
357219,0
357231,0
357233,0
357236,1
357251,0
357252,0
357254,0
357255,0
357259,1
357275,0
357278,0
357291,0
357294,0
357295,0
357309,0
357311,0
357324,0
357329,0
357363,0
357378,1
357394,0
357396,0
357408,0
357423,0
357426,0
357433,0
357434,0
357435,0
357446,0
357455,0
357456,0
357466,0
357468,0
357474,0
357479,0
357481,0
357482,0
357483,0
357486,0
357494,0
357498,0
357507,0
357509,0
357516,1
357520,0
357523,0
357528,0
357531,0
357538,1
357540,0
357545,0
357546,0
357555,0
357564,0
357571,1
357573,0
357581,0
357584,0
357592,0
357608,0
357626,0
357628,0
357637,0
357645,0
357646,0
357649,0
357668,0
357670,0
357676,0
357679,0
357697,0
357713,0
357715,0
357731,0
357745,0
357750,0
357763,0
357764,0
357769,0
357775,0
357785,0
357797,0
357800,0
357801,0
357806,0
357811,0
357817,0
357823,0
357827,0
357829,0
357835,0
357839,0
357852,0
357855,0
357857,0
357864,0
357871,1
357875,0
357879,0
357887,0
357888,0
357894,0
357901,0
357902,0
357906,0
357909,1
357914,0
357917,0
357921,1
357923,0
357925,0
357937,0
357944,0
357946,0
357953,1
357954,0
357957,0
357967,0
357969,0
357973,0
357978,0
357983,0
357984,0
357987,0
357997,0
357999,0
358003,0
358006,0
358013,1
358014,0
358015,0
358018,0
358021,0
358024,0
358033,0
358038,0
358039,1
358050,0
358051,0
358055,0
358057,0
358066,0
358073,0
358079,0
358092,0
358098,0
358101,0
358113,0
358116,0
358138,0
358144,0
358156,0
358165,0
358167,0
358170,0
358174,0
358192,0
358200,0
358208,0
358209,0
358212,0
358213,0
358214,0
358223,0
358227,0
358245,0
358250,0
358255,0
358259,0
358260,0
358295,0
358337,0
358345,0
358347,0
358361,1
358369,0
358372,0
358375,0
358407,0
358422,0
358433,0
358436,0
358439,0
358447,0
358450,0
358451,1
358481,0
358486,0
358501,0
358520,0
358525,0
358531,0
358542,0
358545,0
358573,0
358584,0
358592,0
358593,0
358596,0
358597,0
358598,0
358602,0
358603,0
358606,0
358614,0
358617,0
358619,0
358623,0
358625,1
358643,0
358655,0
358671,0
358674,0
358675,0
358681,1
358693,0
358697,0
358709,0
358711,0
358716,0
358717,0
358721,0
358726,0
358736,0
358737,0
358741,0
358751,0
358763,0
358768,1
358780,0
358826,0
358835,0
358843,0
358844,0
358847,0
358848,0
358851,0
358872,0
358877,0
358894,0
358896,0
358932,0
358933,0
358947,0
358953,0
358957,1
358972,0
358973,0
358987,0
358988,0
358989,1
359001,0
359010,0
359011,0
359014,0
359020,0
359021,0
359022,0
359025,0
359026,0
359027,0
359028,0
359036,0
359041,0
359048,0
359053,0
359057,0
359061,0
359067,0
359083,0
359093,0
359101,0
359109,0
359110,0
359111,0
359112,0
359115,0
359127,0
359138,0
359144,0
359146,0
359148,0
359167,0
359168,0
359184,0
359187,0
359219,0
359220,0
359227,0
359231,0
359240,0
359241,0
359257,1
359265,0
359282,0
359284,0
359290,0
359291,0
359295,0
359298,0
359303,0
359304,0
359306,0
359307,0
359312,0
359315,0
359332,0
359337,0
359340,0
359341,0
359342,0
359344,0
359346,0
359348,0
359357,1
359362,0
359398,0
359400,0
359417,0
359430,0
359431,0
359433,0
359434,0
359436,0
359452,0
359454,0
359458,0
359471,0
359478,0
359482,1
359487,0
359488,0
359492,1
359496,0
359499,1
359507,0
359510,0
359512,0
359519,0
359521,0
359531,0
359533,0
359536,0
359545,0
359563,0
359566,0
359569,0
359572,0
359576,0
359586,0
359593,0
359594,1
359597,0
359617,0
359624,0
359628,0
359629,0
359634,0
359636,0
359637,0
359642,0
359657,0
359661,0
359663,0
359693,0
359694,0
359695,0
359703,0
359706,0
359710,0
359712,0
359723,0
359737,0
359742,0
359747,0
359762,1
359763,0
359766,0
359767,0
359774,0
359782,0
359795,0
359804,0
359818,0
359820,0
359823,0
359825,0
359826,0
359832,0
359836,0
359841,0
359866,0
359878,0
359899,0
359902,1
359918,0
359920,0
359923,0
359927,0
359932,1
359934,1
359936,0
359937,0
359939,0
359943,0
359944,0
359951,0
359954,0
359960,0
359982,0
359985,0
359989,0
359991,0
359995,0
359997,0
360002,0
360006,0
360012,0
360013,0
360023,0
360036,0
360048,0
360062,0
360067,0
360076,0
360077,0
360089,0
360112,0
360115,0
360125,0
360131,1
360135,0
360143,0
360161,0
360174,0
360182,0
360190,0
360228,1
360235,0
360245,0
360253,0
360260,0
360262,0
360264,0
360278,0
360284,0
360297,0
360304,0
360309,0
360318,0
360322,0
360343,0
360348,0
360351,0
360358,0
360362,0
360368,1
360370,0
360374,1
360375,0
360376,0
360381,0
360399,0
360402,0
360404,0
360406,0
360409,0
360422,0
360431,0
360433,0
360477,0
360482,0
360485,0
360488,0
360499,0
360506,0
360524,0
360527,0
360531,0
360553,0
360573,0
360584,0
360585,0
360590,0
360591,0
360595,0
360602,0
360606,0
360622,0
360627,0
360642,0
360648,0
360652,0
360665,0
360670,0
360673,1
360684,0
360700,1
360703,0
360708,0
360719,0
360742,0
360748,0
360756,0
360761,0
360780,0
360786,0
360787,0
360795,0
360799,0
360839,0
360841,0
360849,1
360852,0
360854,1
360857,0
360861,0
360867,0
360879,0
360895,0
360918,1
360923,0
360928,0
360929,0
360931,0
360935,0
360944,0
360974,0
360980,0
360981,0
360991,0
360995,0
361004,0
361009,0
361015,0
361018,0
361021,0
361029,1
361032,0
361036,0
361040,0
361048,0
361050,0
361054,0
361071,0
361080,0
361090,0
361102,1
361109,0
361110,0
361123,0
361126,0
361131,0
361139,0
361142,0
361149,0
361172,1
361178,0
361179,0
361186,0
361188,0
361196,0
361204,0
361209,0
361211,0
361223,0
361244,0
361259,0
361262,0
361263,0
361264,0
361275,0
361281,0
361282,0
361286,0
361300,0
361305,0
361309,0
361312,0
361324,0
361345,0
361349,0
361350,0
361369,0
361373,0
361374,0
361382,0
361386,0
361394,0
361411,0
361413,0
361421,0
361425,0
361428,0
361434,0
361449,0
361465,0
361467,0
361468,0
361470,0
361480,0
361481,0
361492,0
361501,0
361503,0
361505,0
361513,0
361522,0
361528,0
361529,0
361534,0
361547,0
361548,0
361554,0
361555,0
361556,0
361559,0
361571,0
361572,0
361582,0
361601,0
361607,0
361610,0
361613,0
361614,0
361631,0
361640,0
361644,0
361648,1
361649,0
361652,0
361657,0
361660,0
361670,0
361677,1
361679,0
361680,0
361686,0
361689,1
361701,1
361702,0
361708,0
361712,0
361720,0
361723,0
361731,0
361745,0
361750,0
361753,0
361754,0
361768,1
361782,0
361784,0
361789,0
361792,0
361803,0
361807,0
361822,1
361829,0
361842,0
361843,0
361871,0
361874,0
361895,0
361909,0
361916,0
361923,0
361940,0
361952,0
361954,0
361965,1
361967,0
361971,0
361973,0
361978,0
361981,0
361994,0
362003,0
362009,0
362010,0
362031,0
362041,0
362064,0
362080,0
362081,0
362083,0
362088,0
362089,0
362098,1
362119,0
362120,0
362126,0
362136,0
362155,0
362158,0
362162,0
362171,0
362179,0
362181,1
362198,0
362205,0
362208,0
362220,0
362223,0
362244,0
362270,0
362271,0
362273,0
362278,0
362292,1
362296,0
362301,0
362311,0
362314,0
362320,0
362325,0
362326,0
362340,0
362346,0
362352,0
362358,0
362362,0
362372,0
362374,0
362390,0
362404,0
362405,0
362415,0
362416,0
362419,0
362431,0
362434,0
362435,0
362443,0
362446,0
362448,0
362451,0
362458,0
362459,0
362460,0
362466,0
362467,0
362477,0
362482,0
362488,0
362489,0
362494,0
362496,0
362522,0
362532,0
362535,0
362544,0
362549,0
362573,0
362577,0
362588,0
362589,0
362601,0
362605,0
362606,0
362610,0
362612,0
362614,0
362627,0
362636,0
362645,1
362651,0
362658,1
362668,0
362670,0
362695,0
362696,1
362698,1
362708,0
362729,0
362731,0
362732,0
362733,0
362740,0
362745,0
362748,0
362749,0
362755,0
362760,0
362764,1
362765,0
362767,0
362768,0
362771,0
362776,0
362777,0
362788,0
362791,0
362805,0
362816,0
362824,0
362825,0
362827,1
362830,0
362843,0
362849,0
362862,0
362868,0
362883,0
362905,0
362911,0
362914,0
362932,0
362943,0
362944,0
362946,0
362971,0
362978,0
362985,0
362989,0
363012,0
363014,0
363017,0
363019,0
363023,1
363024,0
363028,0
363029,0
363033,1
363037,0
363050,0
363062,0
363067,0
363074,0
363091,0
363093,0
363097,0
363112,0
363122,0
363129,0
363137,0
363138,0
363139,0
363161,0
363165,0
363168,0
363172,0
363185,0
363186,0
363194,0
363201,0
363208,0
363211,0
363218,0
363221,0
363223,0
363233,0
363250,0
363252,0
363254,0
363256,0
363260,0
363273,0
363274,0
363282,0
363287,0
363294,1
363301,0
363302,0
363308,0
363317,0
363327,0
363328,0
363332,0
363346,0
363362,0
363374,0
363378,0
363384,0
363398,0
363399,1
363408,0
363421,0
363425,0
363434,1
363441,0
363448,0
363453,0
363454,0
363456,1
363462,0
363469,0
363470,0
363474,0
363501,0
363502,0
363519,0
363520,0
363521,0
363527,0
363533,0
363540,0
363545,0
363549,0
363563,0
363588,0
363604,0
363609,0
363610,0
363615,0
363621,0
363635,0
363644,0
363654,0
363659,0
363666,0
363670,0
363671,0
363673,0
363679,0
363696,0
363712,0
363730,0
363748,0
363753,0
363761,0
363766,0
363786,0
363810,0
363820,0
363831,0
363839,0
363852,0
363867,0
363870,0
363871,0
363885,0
363897,0
363904,0
363908,0
363910,0
363917,0
363928,0
363931,0
363933,0
363935,0
363941,0
363950,0
363956,0
363957,0
363966,0
363976,0
363987,0
364000,0
364002,0
364005,0
364012,0
364015,0
364037,0
364040,0
364041,0
364044,0
364045,0
364050,0
364054,0
364059,0
364061,1
364077,0
364080,0
364098,0
364099,1
364101,0
364110,0
364115,0
364118,0
364140,0
364144,0
364148,0
364165,1
364170,0
364173,0
364174,0
364177,0
364180,0
364184,0
364192,0
364207,0
364210,0
364211,1
364223,1
364226,0
364234,0
364235,0
364239,1
364241,0
364244,0
364250,1
364253,1
364256,0
364257,0
364258,0
364262,0
364263,0
364277,0
364283,1
364287,0
364299,0
364300,0
364303,0
364322,0
364323,0
364331,0
364332,0
364335,0
364349,0
364351,0
364353,0
364366,0
364384,0
364386,0
364390,0
364392,0
364402,1
364405,0
364426,0
364432,0
364433,0
364452,0
364460,0
364465,0
364470,0
364491,1
364498,0
364503,0
364512,0
364513,0
364516,0
364521,0
364524,1
364525,0
364535,0
364544,0
364551,0
364557,0
364559,0
364567,0
364568,0
364572,0
364574,0
364589,0
364594,0
364596,0
364601,0
364609,0
364611,0
364613,0
364640,0
364645,0
364668,0
364674,0
364675,0
364693,0
364694,0
364701,0
364715,0
364717,0
364719,0
364721,0
364728,0
364729,0
364732,0
364735,0
364737,0
364742,1
364761,0
364771,0
364785,0
364791,0
364798,0
364799,0
364806,0
364812,0
364813,0
364847,0
364863,0
364867,0
364869,0
364888,0
364890,0
364893,0
364923,0
364926,0
364928,0
364929,1
364937,0
364938,0
364951,0
364962,0
364981,0
364999,0
365003,0
365017,0
365024,0
365025,0
365031,0
365038,0
365042,0
365049,0
365063,0
365066,0
365068,0
365070,0
365072,0
365073,0
365085,0
365097,0
365098,0
365105,0
365119,0
365126,0
365130,0
365133,0
365137,0
365140,0
365145,0
365158,0
365159,0
365161,0
365163,0
365168,0
365182,0
365184,0
365187,0
365191,0
365195,0
365204,1
365205,0
365208,0
365222,0
365228,0
365237,0
365258,0
365260,0
365266,0
365274,0
365280,0
365281,0
365283,0
365307,0
365309,0
365311,0
365318,0
365320,0
365322,0
365335,0
365352,0
365367,0
365371,1
365394,0
365403,0
365413,0
365414,0
365416,0
365419,0
365423,1
365424,0
365426,0
365430,0
365434,0
365441,0
365446,0
365460,0
365461,0
365462,0
365470,0
365492,0
365493,0
365494,0
365506,0
365507,0
365512,0
365513,0
365521,0
365524,0
365526,0
365529,0
365553,0
365558,0
365561,1
365562,0
365572,0
365578,0
365579,0
365583,0
365584,0
365587,0
365590,0
365602,0
365610,0
365623,0
365635,0
365638,0
365648,0
365660,0
365671,0
365674,0
365683,0
365687,0
365715,0
365720,0
365733,0
365740,0
365742,0
365744,0
365750,0
365761,0
365763,0
365773,0
365779,0
365791,1
365798,0
365799,0
365801,0
365822,0
365830,0
365834,0
365835,0
365842,0
365846,0
365854,0
365860,0
365870,0
365883,0
365890,0
365915,0
365917,0
365936,1
365938,0
365943,0
365947,0
365953,0
365956,0
365958,0
365968,0
365970,0
365977,0
365982,0
365987,1
365995,0
366000,0
366006,0
366016,0
366017,0
366018,0
366020,0
366023,0
366039,0
366055,0
366063,0
366074,0
366077,0
366080,0
366088,0
366106,0
366109,0
366115,0
366135,0
366143,0
366145,0
366152,1
366158,0
366169,0
366179,0
366185,0
366187,0
366192,0
366199,0
366207,0
366223,0
366229,0
366234,0
366241,0
366244,1
366247,1
366261,0
366262,0
366264,0
366265,0
366268,0
366287,0
366291,0
366298,0
366315,0
366319,0
366335,0
366353,0
366356,0
366362,0
366366,0
366387,0
366401,0
366404,0
366412,0
366427,0
366431,0
366437,0
366440,0
366459,0
366464,0
366476,0
366481,0
366482,0
366507,0
366509,0
366513,0
366522,0
366528,1
366551,0
366557,0
366559,0
366568,0
366569,0
366577,0
366580,1
366581,0
366587,0
366588,0
366592,0
366598,0
366614,0
366626,0
366629,0
366631,0
366633,0
366636,0
366652,0
366661,0
366667,0
366680,0
366686,0
366704,0
366713,0
366717,0
366726,0
366732,0
366735,0
366736,0
366753,0
366760,0
366764,0
366780,0
366810,0
366815,0
366816,0
366839,0
366840,0
366850,0
366859,1
366864,0
366868,1
366870,0
366890,0
366892,0
366893,0
366895,1
366897,0
366903,1
366911,0
366918,0
366919,0
366923,0
366932,0
366979,0
366993,0
367006,0
367036,0
367054,1
367061,0
367076,0
367077,0
367079,0
367080,0
367087,1
367096,0
367097,0
367103,0
367106,0
367108,0
367112,0
367114,0
367117,0
367120,0
367135,0
367148,0
367161,0
367162,0
367168,0
367173,0
367184,0
367192,0
367207,0
367219,0
367240,0
367253,0
367254,0
367260,0
367263,0
367280,0
367284,0
367292,0
367303,0
367320,0
367323,0
367329,1
367331,0
367335,0
367341,0
367343,0
367348,0
367356,0
367362,0
367371,0
367379,0
367402,0
367408,0
367423,0
367427,0
367430,0
367433,0
367434,0
367437,0
367451,0
367462,0
367472,0
367473,0
367480,0
367488,0
367490,0
367491,0
367508,0
367536,0
367544,0
367552,0
367575,0
367589,0
367590,0
367592,0
367596,0
367613,0
367625,0
367633,0
367648,0
367665,0
367667,0
367684,0
367686,0
367703,0
367717,0
367729,0
367731,0
367733,0
367738,0
367745,0
367750,1
367760,0
367777,1
367792,0
367801,0
367809,0
367821,0
367835,0
367839,0
367841,0
367858,0
367861,0
367869,0
367887,0
367894,0
367900,0
367908,0
367909,0
367912,0
367921,0
367922,0
367924,0
367937,0
367951,0
367962,0
367973,0
367979,0
367982,0
367992,0
367996,0
368001,0
368008,0
368012,0
368019,0
368030,0
368033,0
368035,0
368043,0
368053,0
368091,0
368096,0
368098,0
368110,0
368111,0
368115,0
368121,0
368126,0
368139,0
368146,0
368151,0
368160,0
368169,0
368175,0
368182,0
368200,0
368202,0
368206,0
368208,0
368214,0
368215,0
368218,0
368232,0
368236,1
368237,0
368244,0
368245,0
368249,0
368267,0
368268,0
368277,0
368293,0
368294,0
368297,0
368305,0
368307,0
368336,0
368350,0
368356,0
368376,0
368377,0
368403,1
368404,0
368405,0
368410,0
368419,0
368426,0
368431,1
368440,0
368450,0
368460,0
368463,0
368469,0
368475,0
368477,0
368481,0
368501,0
368507,0
368517,0
368520,0
368532,0
368536,0
368540,0
368545,0
368547,0
368548,0
368550,0
368553,0
368575,0
368578,0
368586,1
368587,0
368588,0
368592,0
368593,0
368618,0
368629,0
368630,0
368635,0
368648,0
368685,0
368692,0
368705,0
368709,0
368711,0
368716,0
368732,0
368744,0
368745,0
368753,0
368756,0
368766,0
368768,0
368772,0
368779,0
368788,0
368807,0
368820,0
368823,0
368826,0
368834,0
368836,0
368842,0
368856,0
368871,0
368892,0
368893,0
368896,0
368904,0
368913,0
368918,0
368920,0
368925,0
368929,0
368936,0
368942,0
368954,0
368955,0
368958,0
368969,0
368978,0
368981,0
368990,0
369000,1
369012,0
369014,0
369021,1
369023,0
369031,0
369050,0
369057,0
369059,0
369063,0
369064,0
369069,0
369085,0
369093,0
369097,0
369100,0
369102,0
369129,1
369138,0
369145,0
369164,0
369166,0
369170,0
369173,0
369174,0
369179,0
369182,0
369193,0
369198,0
369212,0
369214,0
369215,0
369216,0
369246,0
369247,0
369270,0
369271,0
369291,0
369294,0
369304,0
369319,0
369323,0
369325,0
369333,0
369354,1
369359,0
369363,0
369364,0
369365,0
369366,0
369387,0
369388,0
369390,1
369399,0
369404,0
369410,1
369422,0
369427,0
369429,1
369434,0
369449,0
369450,0
369453,0
369462,0
369478,0
369497,0
369499,0
369508,1
369519,0
369529,0
369534,0
369554,1
369560,0
369563,0
369567,0
369587,0
369588,0
369600,0
369613,0
369623,0
369630,0
369637,0
369638,0
369639,0
369640,0
369643,1
369644,1
369647,0
369661,0
369662,0
369664,0
369670,0
369672,0
369700,0
369708,0
369715,0
369728,0
369734,0
369738,0
369746,0
369762,1
369766,0
369770,0
369787,0
369795,0
369800,0
369801,0
369807,0
369815,0
369820,0
369823,0
369836,0
369840,0
369855,0
369857,0
369862,0
369879,0
369880,0
369883,0
369890,0
369894,0
369898,0
369899,0
369900,0
369902,0
369903,0
369925,0
369943,0
369947,0
369952,0
369960,0
369976,0
369977,0
369980,0
369981,0
369982,0
370002,0
370008,0
370009,0
370015,0
370018,0
370025,0
370028,0
370031,0
370048,0
370050,0
370053,1
370058,0
370061,0
370065,0
370070,0
370073,0
370079,0
370081,0
370083,0
370090,0
370092,0
370095,0
370104,1
370109,0
370110,0
370113,0
370126,0
370134,0
370136,0
370145,0
370153,0
370154,0
370156,0
370160,0
370161,0
370163,0
370187,0
370192,0
370194,0
370197,0
370211,0
370217,1
370259,0
370269,0
370274,0
370285,1
370286,0
370287,0
370290,0
370311,0
370312,0
370313,0
370314,0
370316,0
370356,0
370361,0
370378,0
370393,0
370394,0
370400,0
370404,0
370421,0
370428,0
370434,0
370441,0
370444,0
370447,0
370451,0
370457,0
370458,0
370462,0
370471,0
370478,0
370480,0
370491,0
370493,0
370495,0
370496,0
370502,0
370505,0
370507,0
370508,1
370515,0
370520,0
370523,0
370527,0
370539,0
370554,0
370561,0
370567,0
370585,0
370604,0
370607,0
370618,0
370645,0
370662,0
370664,0
370665,0
370671,0
370703,0
370708,0
370716,0
370720,0
370724,0
370739,0
370741,1
370744,0
370747,0
370756,0
370765,1
370769,0
370777,0
370780,0
370782,0
370793,0
370796,0
370804,0
370821,1
370825,0
370841,0
370848,0
370852,0
370865,0
370883,1
370890,0
370892,0
370901,0
370903,0
370906,0
370907,0
370918,0
370925,1
370926,0
370930,0
370931,0
370935,0
370946,0
370975,0
370976,0
370979,0
370982,0
370990,0
371010,0
371018,0
371029,0
371049,0
371061,0
371066,0
371068,0
371075,1
371080,0
371087,0
371093,0
371096,0
371097,0
371098,0
371104,0
371116,0
371124,0
371143,0
371150,0
371173,0
371189,0
371200,1
371201,0
371205,0
371206,0
371210,0
371221,1
371224,0
371230,0
371231,0
371232,0
371237,0
371249,0
371260,0
371266,0
371271,0
371276,0
371277,0
371278,0
371286,0
371293,0
371294,0
371298,0
371303,0
371305,0
371311,0
371326,0
371344,0
371346,0
371355,0
371359,0
371364,0
371368,0
371374,0
371375,0
371378,1
371398,0
371413,0
371414,0
371418,1
371421,0
371422,1
371438,0
371446,0
371459,0
371462,0
371474,0
371479,0
371481,0
371489,0
371505,0
371517,0
371536,0
371544,0
371554,0
371558,0
371564,0
371569,0
371570,0
371576,1
371579,0
371581,0
371588,0
371594,0
371597,0
371600,0
371620,0
371621,0
371637,0
371639,0
371647,0
371651,0
371655,0
371656,1
371684,0
371686,0
371690,0
371692,0
371696,0
371705,0
371713,0
371714,0
371723,0
371742,0
371757,0
371770,0
371771,0
371774,0
371780,0
371783,0
371791,0
371798,0
371802,0
371826,0
371831,0
371836,0
371843,0
371847,0
371859,0
371882,0
371889,0
371894,0
371904,0
371911,0
371918,0
371921,0
371925,0
371927,0
371931,0
371949,0
371956,0
371959,0
371960,0
371962,0
371967,0
371974,1
371975,0
371979,0
372003,1
372004,0
372006,0
372030,0
372039,0
372057,0
372066,0
372069,0
372071,0
372072,0
372074,0
372080,0
372089,0
372106,0
372125,0
372138,0
372139,0
372157,1
372168,0
372174,0
372181,0
372182,0
372195,1
372198,0
372201,0
372204,0
372212,0
372220,0
372226,0
372241,0
372246,1
372255,0
372265,0
372274,0
372275,0
372276,0
372288,0
372305,0
372314,0
372332,0
372334,0
372340,1
372346,0
372356,0
372364,0
372369,0
372371,0
372375,0
372376,0
372380,0
372385,1
372405,0
372406,0
372424,0
372426,0
372427,0
372429,0
372438,0
372439,0
372448,0
372450,0
372456,0
372457,0
372459,0
372464,0
372470,0
372511,0
372519,0
372521,0
372529,0
372535,0
372548,0
372552,0
372554,0
372560,0
372578,0
372580,0
372584,0
372586,0
372587,0
372595,0
372599,0
372600,0
372620,0
372630,0
372634,0
372649,0
372651,0
372653,0
372658,0
372684,0
372687,0
372694,0
372721,0
372732,0
372735,0
372739,0
372741,0
372749,0
372750,0
372751,0
372768,0
372779,0
372785,0
372803,0
372811,0
372812,0
372813,0
372816,0
372823,0
372832,0
372834,0
372835,0
372837,0
372849,0
372879,0
372888,0
372899,0
372903,0
372907,0
372913,0
372917,0
372920,0
372921,0
372925,0
372935,0
372943,0
372944,1
372952,0
372962,0
372963,0
372971,0
372980,0
372983,0
372986,0
372987,0
372989,0
372990,0
373000,0
373015,0
373019,0
373024,0
373036,0
373041,0
373042,0
373056,1
373064,1
373069,0
373074,0
373077,0
373084,0
373090,0
373091,0
373111,0
373124,0
373130,0
373140,0
373148,0
373152,0
373160,0
373161,0
373176,0
373188,0
373200,0
373228,1
373233,0
373235,0
373236,0
373244,0
373246,0
373256,0
373258,0
373290,0
373293,0
373301,1
373311,0
373330,0
373333,0
373335,0
373337,0
373346,0
373356,1
373365,0
373375,0
373379,1
373385,0
373394,0
373405,0
373410,0
373419,0
373426,0
373428,0
373431,0
373443,0
373471,0
373482,0
373509,0
373517,0
373518,0
373525,0
373528,0
373533,0
373541,0
373555,0
373556,0
373566,0
373567,0
373570,0
373575,0
373578,0
373584,0
373594,0
373597,0
373599,0
373602,0
373615,0
373629,0
373633,0
373636,0
373641,0
373644,0
373650,0
373658,0
373671,0
373678,0
373685,0
373693,0
373699,0
373701,0
373708,1
373721,1
373728,0
373735,0
373747,0
373748,0
373750,0
373760,0
373761,0
373764,0
373773,0
373776,0
373790,0
373822,0
373823,0
373825,0
373826,0
373829,0
373842,0
373844,0
373846,0
373850,0
373854,0
373870,0
373873,0
373891,0
373896,0
373897,0
373907,0
373913,0
373914,0
373915,0
373922,1
373934,0
373951,0
373954,1
373962,0
373964,0
373968,0
373970,0
373971,1
373974,0
373978,0
373993,0
373995,0
373999,0
374000,0
374007,1
374010,0
374011,0
374028,0
374031,0
374033,0
374057,0
374068,0
374076,0
374077,0
374088,0
374096,0
374100,1
374123,0
374153,0
374168,0
374170,0
374172,0
374174,0
374181,0
374197,0
374201,0
374203,0
374219,0
374232,0
374239,0
374252,0
374253,0
374256,0
374259,0
374267,0
374270,0
374273,0
374274,0
374275,0
374279,0
374288,0
374300,0
374306,0
374313,0
374323,0
374330,0
374331,0
374333,1
374338,0
374358,0
374360,0
374363,0
374368,0
374372,0
374375,0
374379,0
374380,0
374383,0
374387,0
374388,0
374391,0
374399,0
374402,0
374427,0
374432,0
374433,0
374439,0
374440,0
374446,0
374451,0
374456,0
374464,0
374466,0
374481,0
374492,0
374499,0
374506,1
374507,0
374509,0
374520,0
374523,0
374524,0
374527,0
374530,0
374544,1
374555,0
374556,0
374564,0
374571,0
374588,0
374601,0
374609,0
374620,1
374639,0
374640,0
374642,0
374655,0
374659,0
374662,0
374669,0
374671,0
374672,0
374674,0
374678,0
374684,0
374688,0
374693,0
374701,0
374704,0
374706,0
374711,0
374716,0
374719,0
374722,0
374725,0
374733,0
374735,0
374742,0
374744,0
374747,0
374750,0
374760,0
374761,0
374763,1
374765,0
374778,0
374780,0
374783,0
374784,0
374790,0
374793,0
374807,0
374808,0
374809,1
374810,0
374816,0
374823,0
374834,0
374840,0
374847,0
374849,0
374862,0
374875,1
374884,0
374885,0
374902,0
374922,0
374926,0
374927,0
374947,0
374949,0
374983,0
374999,0
375003,0
375004,0
375013,0
375014,0
375024,0
375045,0
375051,0
375057,0
375062,0
375072,0
375074,0
375084,0
375087,0
375090,1
375100,0
375104,0
375108,0
375119,0
375120,0
375123,0
375134,0
375148,0
375153,1
375173,0
375174,0
375180,0
375206,0
375217,0
375221,0
375222,0
375226,0
375236,0
375237,0
375251,0
375252,0
375260,0
375264,0
375274,0
375289,0
375298,0
375313,0
375315,0
375318,0
375321,0
375329,0
375333,0
375355,0
375358,0
375381,1
375393,0
375396,0
375411,0
375415,0
375421,0
375429,0
375432,0
375440,0
375444,0
375447,0
375449,0
375452,0
375454,0
375456,0
375457,0
375459,0
375461,0
375479,0
375501,0
375514,0
375516,0
375520,0
375533,0
375543,0
375548,0
375554,0
375560,1
375562,0
375565,0
375569,0
375571,0
375573,0
375575,0
375578,0
375587,0
375608,0
375610,0
375613,0
375625,0
375628,1
375646,0
375659,0
375662,0
375669,0
375671,0
375676,0
375680,0
375681,0
375682,0
375695,0
375703,1
375704,0
375716,0
375717,0
375729,0
375739,0
375740,0
375745,0
375747,0
375750,0
375751,0
375752,0
375755,0
375764,0
375767,0
375768,0
375773,0
375776,0
375782,0
375785,0
375788,0
375791,0
375798,0
375833,0
375834,0
375839,0
375848,1
375859,0
375865,0
375866,0
375867,0
375888,0
375896,0
375909,0
375910,0
375924,0
375930,0
375935,0
375950,0
375955,0
375958,0
375966,0
375974,0
375985,0
375994,0
376001,0
376002,0
376009,0
376024,0
376027,0
376043,0
376051,0
376052,0
376053,1
376062,0
376063,0
376071,0
376119,0
376121,0
376134,0
376137,0
376139,0
376140,0
376146,0
376148,0
376149,0
376164,0
376170,0
376176,0
376180,0
376189,0
376195,0
376201,0
376207,0
376210,0
376221,0
376228,0
376230,0
376234,0
376238,0
376241,0
376242,0
376269,0
376296,0
376297,0
376303,0
376306,0
376310,0
376324,0
376342,0
376359,0
376373,0
376376,0
376387,0
376391,0
376392,0
376398,0
376413,0
376420,0
376423,0
376424,0
376435,0
376440,0
376454,0
376461,0
376478,0
376482,0
376485,0
376489,0
376511,0
376544,0
376545,0
376556,0
376557,0
376564,0
376565,0
376569,0
376577,0
376581,1
376587,0
376599,0
376602,0
376605,0
376606,0
376609,0
376625,0
376647,0
376658,0
376661,0
376671,0
376676,0
376679,0
376685,0
376694,0
376695,0
376709,0
376713,0
376722,0
376737,0
376739,0
376755,0
376759,0
376767,0
376768,0
376769,0
376773,0
376786,0
376787,0
376790,0
376791,0
376807,0
376821,0
376826,0
376828,0
376835,0
376836,0
376838,0
376849,0
376850,0
376851,0
376857,0
376867,0
376870,0
376891,0
376897,0
376915,0
376920,0
376930,0
376933,0
376935,0
376936,0
376939,0
376942,1
376948,0
376979,0
376981,0
376990,0
376996,0
376997,0
376998,0
377000,1
377006,0
377007,0
377013,0
377020,0
377025,0
377044,0
377049,0
377054,0
377057,0
377059,0
377060,0
377063,0
377065,0
377069,0
377075,0
377079,0
377092,0
377094,1
377098,0
377100,0
377106,0
377111,0
377116,0
377120,0
377124,0
377125,0
377126,0
377140,0
377156,0
377173,0
377174,0
377186,0
377187,1
377188,0
377191,0
377206,0
377214,0
377217,0
377219,1
377229,0
377230,0
377235,0
377236,0
377238,0
377246,0
377261,0
377267,0
377268,0
377269,0
377274,0
377285,0
377297,0
377301,0
377302,0
377304,0
377305,0
377329,0
377340,0
377345,0
377350,0
377374,0
377384,0
377387,0
377400,0
377403,0
377408,0
377411,0
377415,0
377417,0
377419,0
377423,0
377430,0
377436,0
377446,1
377451,0
377453,0
377456,0
377465,1
377490,0
377497,1
377498,0
377503,1
377513,0
377515,0
377523,0
377525,0
377526,0
377527,0
377549,0
377557,0
377563,0
377565,0
377569,0
377571,0
377578,0
377580,1
377581,0
377584,0
377586,0
377596,0
377597,0
377599,0
377602,0
377607,0
377617,0
377635,0
377649,0
377650,0
377651,0
377654,0
377656,0
377666,0
377670,0
377686,0
377688,0
377699,0
377706,0
377710,0
377714,0
377745,0
377747,0
377770,0
377788,0
377796,0
377798,0
377799,0
377801,0
377802,0
377803,0
377812,0
377816,0
377825,0
377845,1
377846,1
377852,0
377859,0
377868,0
377883,0
377888,0
377898,0
377907,0
377911,0
377919,0
377925,0
377931,0
377934,0
377938,0
377946,0
377958,0
377963,0
377966,0
377972,0
377975,0
377978,0
377981,0
377985,0
377994,0
377998,0
378004,0
378022,0
378028,0
378037,0
378038,0
378064,0
378076,0
378080,0
378147,1
378152,0
378158,0
378159,0
378166,0
378173,0
378185,0
378197,1
378198,1
378199,0
378200,0
378204,0
378206,0
378217,0
378219,0
378222,0
378236,0
378240,0
378244,1
378252,0
378254,0
378261,0
378265,0
378271,0
378272,0
378278,0
378283,0
378287,0
378299,0
378306,0
378323,0
378359,1
378360,0
378368,0
378371,0
378376,0
378377,1
378379,0
378380,1
378384,0
378396,0
378397,0
378406,0
378417,0
378428,0
378440,0
378444,0
378447,0
378464,0
378486,0
378491,0
378495,0
378496,0
378498,0
378510,0
378512,0
378536,0
378537,0
378548,0
378549,0
378552,0
378553,0
378554,0
378556,0
378560,0
378570,0
378572,0
378580,0
378590,0
378592,0
378597,0
378602,0
378606,0
378609,0
378612,0
378614,0
378619,0
378640,0
378645,0
378650,0
378661,0
378677,0
378683,0
378687,0
378688,1
378695,0
378703,0
378707,0
378713,0
378714,0
378715,1
378725,0
378730,0
378736,0
378740,0
378741,0
378744,0
378754,1
378757,0
378765,0
378777,0
378789,0
378793,0
378797,1
378802,0
378814,1
378816,0
378828,0
378830,0
378833,0
378836,0
378841,0
378844,0
378848,0
378854,0
378858,0
378873,0
378876,0
378892,0
378895,0
378902,0
378909,0
378912,0
378932,0
378936,0
378941,0
378961,0
378964,0
378973,0
378986,0
378998,0
378999,0
379010,0
379016,0
379017,0
379030,0
379032,0
379034,0
379039,0
379041,0
379070,0
379071,0
379079,0
379088,0
379098,0
379104,0
379146,0
379148,0
379149,0
379159,0
379170,0
379180,0
379191,0
379201,0
379204,0
379218,1
379219,0
379221,0
379232,0
379235,0
379243,0
379275,0
379282,0
379305,0
379308,0
379323,0
379325,0
379328,0
379335,0
379337,0
379345,0
379346,0
379349,0
379350,0
379365,0
379367,0
379383,1
379411,0
379416,0
379419,0
379421,0
379429,0
379436,0
379439,0
379445,0
379450,0
379480,0
379489,0
379498,0
379532,0
379533,0
379540,0
379546,0
379555,0
379563,0
379565,0
379566,0
379572,1
379575,0
379577,0
379584,0
379589,0
379597,0
379602,0
379610,0
379616,0
379620,0
379621,0
379623,0
379630,0
379634,0
379643,0
379652,0
379655,0
379656,0
379658,0
379659,0
379671,0
379676,0
379682,0
379697,0
379699,0
379702,0
379711,0
379712,0
379718,0
379748,0
379754,0
379761,0
379764,0
379772,0
379773,0
379774,0
379784,0
379789,0
379803,1
379804,0
379816,0
379827,0
379833,0
379835,0
379847,0
379853,0
379865,1
379873,0
379878,0
379879,0
379889,1
379907,0
379911,0
379913,0
379915,0
379916,0
379924,0
379925,0
379927,0
379932,0
379941,0
379945,0
379948,0
379956,0
379958,1
379959,0
379962,1
379969,0
379987,0
379993,0
380007,0
380036,0
380042,0
380049,0
380059,0
380068,0
380069,0
380080,0
380081,0
380097,0
380105,0
380106,0
380110,0
380112,0
380118,0
380140,0
380154,0
380176,0
380181,0
380198,0
380203,0
380207,0
380211,0
380222,0
380224,1
380226,0
380236,0
380244,0
380257,0
380264,0
380274,0
380280,0
380281,0
380290,0
380296,0
380301,0
380306,0
380312,0
380325,0
380337,0
380346,0
380351,0
380367,0
380378,0
380380,1
380384,0
380395,0
380397,0
380406,0
380415,0
380426,0
380429,0
380435,0
380439,0
380456,0
380501,0
380509,0
380513,0
380515,0
380519,0
380524,0
380532,0
380534,0
380536,0
380544,1
380557,0
380567,0
380581,0
380582,0
380585,0
380591,0
380596,0
380602,0
380612,0
380613,0
380614,0
380616,0
380621,1
380628,0
380629,0
380644,0
380656,0
380661,0
380664,0
380665,1
380674,0
380675,0
380683,0
380684,1
380692,0
380699,0
380702,0
380711,0
380714,0
380721,0
380725,0
380729,0
380745,1
380751,0
380763,0
380764,0
380769,0
380775,0
380777,1
380799,0
380829,0
380856,0
380857,0
380860,0
380877,0
380880,0
380887,0
380888,0
380900,0
380909,0
380917,0
380920,0
380923,0
380926,0
380932,0
380936,0
380938,0
380947,0
380952,0
380958,0
380966,0
380970,0
380982,0
380991,0
380996,0
381008,0
381012,1
381013,0
381038,0
381044,0
381045,0
381056,0
381064,1
381067,0
381071,0
381072,0
381077,1
381078,0
381083,0
381084,0
381087,0
381096,0
381098,0
381120,0
381124,0
381157,0
381163,0
381166,0
381180,0
381181,0
381184,1
381208,0
381219,0
381220,0
381229,0
381233,0
381235,0
381238,0
381245,0
381260,0
381264,0
381266,0
381267,0
381274,0
381277,0
381280,0
381282,0
381286,0
381295,0
381299,0
381305,1
381314,0
381321,0
381329,0
381332,1
381334,0
381346,0
381350,0
381372,0
381374,0
381387,0
381402,0
381403,0
381404,0
381426,0
381440,0
381448,0
381451,1
381484,0
381496,0
381497,0
381504,0
381510,0
381514,0
381516,0
381522,0
381523,0
381527,0
381535,0
381537,0
381538,0
381540,0
381544,0
381547,0
381551,0
381553,0
381555,0
381556,0
381565,0
381567,0
381576,0
381583,0
381586,0
381589,0
381595,0
381607,0
381620,0
381639,0
381647,0
381667,0
381669,0
381670,0
381672,0
381675,0
381676,0
381683,0
381684,0
381693,1
381696,0
381698,0
381702,1
381703,0
381709,0
381722,0
381732,0
381746,0
381787,1
381790,0
381793,0
381797,0
381813,0
381815,0
381833,0
381836,0
381848,0
381849,0
381855,0
381860,1
381875,0
381880,0
381881,0
381889,1
381890,0
381891,0
381896,1
381902,0
381903,0
381907,0
381913,0
381915,0
381917,0
381926,0
381932,0
381934,0
381936,0
381937,0
381940,1
381954,0
381960,0
381961,0
381972,0
381986,0
381989,0
381993,0
381996,0
381998,0
382001,0
382002,0
382003,0
382008,1
382027,0
382029,0
382034,0
382054,0
382061,0
382069,0
382070,0
382071,0
382076,0
382092,0
382112,0
382123,0
382134,0
382154,0
382159,0
382167,0
382194,1
382195,0
382206,0
382208,0
382212,1
382213,0
382222,0
382224,0
382233,0
382238,0
382240,0
382247,0
382248,0
382249,0
382265,0
382269,0
382273,0
382281,0
382285,0
382294,0
382315,0
382319,0
382322,0
382325,0
382327,0
382328,0
382331,0
382333,0
382348,0
382350,0
382351,0
382352,0
382361,0
382368,0
382371,1
382383,0
382384,0
382388,0
382394,0
382420,1
382423,0
382439,0
382460,0
382464,0
382484,0
382489,0
382497,0
382499,0
382506,0
382518,0
382527,0
382534,0
382556,1
382559,0
382560,0
382561,0
382563,0
382564,0
382571,0
382578,0
382583,0
382585,0
382586,0
382588,0
382590,0
382595,0
382596,1
382605,0
382610,0
382612,0
382615,0
382620,0
382623,0
382637,0
382641,0
382646,0
382647,0
382657,0
382665,0
382669,0
382690,0
382693,0
382701,0
382706,0
382708,0
382714,0
382719,0
382726,0
382731,0
382733,0
382735,0
382739,0
382743,0
382749,0
382752,0
382755,0
382761,0
382767,0
382771,0
382779,0
382809,0
382810,0
382815,0
382821,0
382824,0
382825,0
382830,0
382831,0
382836,0
382837,0
382840,0
382841,0
382849,0
382853,0
382855,0
382869,0
382889,0
382902,0
382905,0
382932,0
382938,0
382947,0
382950,0
382958,0
382959,0
382963,0
382964,0
382966,0
382967,0
382976,0
382999,1
383005,0
383010,0
383011,0
383012,0
383019,0
383029,0
383034,0
383041,0
383042,0
383044,0
383047,0
383054,0
383055,0
383083,0
383085,0
383089,0
383095,0
383103,0
383105,0
383114,0
383118,0
383119,0
383137,0
383149,0
383150,0
383151,0
383160,1
383161,0
383164,0
383173,0
383177,0
383209,0
383211,0
383222,0
383225,0
383235,1
383236,0
383240,0
383251,0
383253,0
383265,0
383269,0
383275,0
383291,0
383300,0
383302,0
383305,0
383310,0
383313,0
383316,0
383317,0
383328,1
383329,0
383333,0
383334,0
383337,0
383338,0
383353,0
383365,0
383366,0
383369,0
383383,0
383393,0
383396,0
383456,0
383476,0
383478,0
383482,0
383484,0
383492,0
383503,0
383505,1
383507,0
383524,0
383529,0
383552,0
383558,0
383569,0
383589,0
383592,1
383594,0
383598,0
383599,0
383600,0
383617,0
383632,0
383650,0
383672,0
383683,1
383685,0
383703,0
383721,0
383735,1
383749,0
383751,0
383755,0
383757,0
383761,0
383782,0
383786,0
383788,0
383790,1
383797,0
383798,0
383811,0
383819,0
383821,0
383828,0
383831,0
383835,0
383836,1
383869,0
383878,0
383888,0
383895,0
383896,0
383905,0
383922,0
383931,0
383934,0
383935,0
383937,0
383939,0
383941,0
383948,0
383954,0
383958,0
383965,0
383977,0
383988,0
384015,0
384016,0
384017,0
384029,0
384034,0
384038,0
384051,0
384067,0
384081,0
384082,0
384086,0
384097,0
384098,0
384105,1
384111,0
384125,0
384129,0
384137,0
384144,0
384145,0
384153,0
384160,1
384163,0
384169,0
384172,0
384176,0
384179,0
384193,0
384239,1
384240,0
384249,0
384252,0
384257,0
384266,0
384269,0
384279,0
384307,0
384311,0
384319,0
384322,0
384323,0
384329,0
384335,0
384341,0
384342,0
384347,0
384349,0
384352,0
384361,0
384363,0
384366,0
384370,0
384372,0
384381,0
384386,0
384393,0
384402,1
384403,0
384405,0
384407,0
384414,0
384426,0
384436,0
384439,0
384446,0
384453,1
384467,0
384472,0
384475,0
384476,0
384478,0
384487,0
384496,0
384510,0
384512,0
384525,0
384529,0
384535,0
384538,0
384551,0
384571,0
384582,0
384585,1
384588,0
384602,0
384609,0
384617,0
384626,0
384631,0
384633,0
384634,1
384636,0
384648,0
384659,0
384663,0
384665,0
384667,0
384669,0
384674,0
384677,0
384699,0
384706,0
384709,0
384721,0
384729,0
384732,0
384742,0
384750,0
384778,0
384783,0
384788,0
384791,0
384795,0
384815,0
384817,0
384826,0
384828,0
384829,0
384841,0
384848,0
384851,0
384854,0
384893,0
384899,0
384902,0
384913,0
384914,0
384916,0
384927,1
384928,1
384930,0
384935,0
384938,1
384951,0
384956,0
384957,0
384960,1
384962,0
384976,0
384978,0
384981,0
384983,0
384984,0
385003,0
385009,0
385010,0
385013,0
385016,0
385018,0
385019,0
385027,0
385029,0
385032,0
385034,0
385053,0
385068,0
385072,1
385082,0
385083,0
385086,0
385088,0
385095,0
385099,0
385112,0
385148,0
385150,0
385166,0
385168,0
385179,0
385188,0
385189,0
385190,0
385207,0
385214,0
385215,0
385233,0
385234,0
385235,1
385240,0
385247,0
385254,0
385258,0
385263,1
385271,1
385272,0
385278,0
385279,0
385287,0
385292,1
385309,0
385317,0
385326,0
385334,0
385342,0
385345,0
385349,0
385354,0
385356,0
385361,0
385370,0
385373,0
385374,0
385387,0
385390,0
385391,0
385396,0
385403,0
385408,0
385411,0
385415,0
385434,0
385435,1
385440,1
385448,0
385456,0
385457,0
385460,0
385464,0
385466,0
385472,0
385475,0
385476,0
385477,0
385482,0
385483,0
385484,0
385497,0
385519,0
385525,0
385535,1
385540,0
385557,0
385558,0
385565,0
385579,0
385588,0
385603,0
385606,0
385607,0
385609,0
385615,0
385632,0
385635,0
385636,0
385641,0
385642,1
385646,0
385653,0
385665,1
385671,0
385679,0
385681,0
385687,0
385697,0
385707,0
385716,1
385717,0
385727,0
385732,0
385739,0
385746,0
385747,0
385754,0
385763,0
385768,0
385771,0
385774,0
385780,0
385785,0
385795,1
385797,1
385800,0
385805,0
385817,0
385820,0
385838,0
385839,0
385849,0
385853,0
385857,0
385876,0
385919,0
385949,0
385967,0
385968,0
385969,0
385974,0
385976,0
385979,0
385982,0
385984,0
385985,0
385988,0
386004,0
386007,0
386009,0
386011,0
386026,0
386030,0
386040,0
386042,0
386048,0
386067,0
386073,0
386078,0
386087,1
386091,0
386108,0
386117,1
386147,0
386148,0
386152,0
386168,1
386174,0
386180,0
386202,0
386204,0
386209,0
386211,0
386215,0
386230,0
386235,0
386236,1
386243,0
386252,0
386275,0
386323,0
386325,0
386330,0
386332,0
386337,0
386356,0
386360,0
386362,0
386363,0
386368,0
386369,0
386374,0
386377,0
386396,1
386397,1
386405,0
386406,1
386410,0
386419,1
386431,0
386437,0
386439,0
386449,0
386471,0
386477,0
386479,0
386490,0
386502,0
386505,0
386507,0
386510,0
386513,0
386516,0
386520,0
386527,0
386528,0
386539,0
386555,0
386557,0
386562,0
386564,0
386569,0
386572,0
386579,0
386591,0
386597,1
386603,0
386617,0
386618,0
386622,0
386623,0
386628,0
386632,0
386636,1
386642,0
386651,0
386653,0
386660,0
386669,0
386670,0
386671,0
386674,0
386675,0
386684,0
386705,0
386717,0
386736,1
386739,0
386744,0
386753,0
386758,0
386761,0
386762,0
386764,0
386768,0
386769,0
386778,1
386794,0
386797,0
386800,0
386804,0
386807,0
386816,0
386852,0
386856,0
386863,0
386864,0
386898,0
386900,0
386904,0
386906,0
386913,0
386914,0
386918,0
386929,0
386930,0
386934,0
386964,0
386970,0
386975,1
387003,0
387005,0
387006,0
387019,0
387020,0
387049,0
387054,0
387063,1
387069,0
387070,0
387074,0
387079,0
387091,1
387096,0
387102,0
387103,0
387104,1
387111,0
387117,0
387118,0
387119,1
387127,1
387134,0
387138,0
387146,0
387157,0
387162,0
387163,0
387165,0
387167,0
387171,0
387189,0
387202,0
387204,0
387205,1
387213,0
387220,0
387233,0
387239,1
387240,0
387241,0
387249,0
387264,0
387270,0
387280,0
387298,0
387299,0
387300,0
387302,0
387315,0
387326,0
387339,0
387346,0
387359,0
387380,0
387383,0
387386,0
387391,0
387393,0
387399,0
387400,0
387411,0
387414,0
387415,0
387417,0
387419,0
387423,0
387439,0
387463,0
387467,0
387469,0
387471,0
387474,0
387477,0
387485,0
387507,0
387512,0
387528,0
387555,0
387560,0
387563,0
387568,0
387573,0
387574,0
387587,0
387590,0
387601,0
387620,0
387624,0
387631,1
387632,0
387636,0
387640,0
387644,0
387647,1
387651,0
387663,0
387674,0
387675,0
387680,0
387692,0
387713,0
387715,0
387723,0
387727,0
387732,0
387736,0
387746,0
387748,0
387750,0
387757,0
387765,0
387767,0
387772,0
387774,0
387800,0
387801,0
387806,0
387812,0
387815,0
387819,0
387827,0
387839,0
387845,0
387852,0
387857,1
387862,0
387863,0
387877,0
387881,1
387898,0
387899,0
387906,0
387911,0
387925,0
387936,0
387949,1
387950,1
387983,1
387986,0
387989,1
387996,0
387997,0
387999,0
388007,0
388018,0
388021,0
388033,0
388034,0
388039,0
388040,1
388051,0
388052,0
388058,0
388065,0
388083,0
388087,0
388095,0
388098,0
388117,0
388142,1
388146,0
388172,0
388175,0
388181,0
388184,0
388185,0
388228,0
388291,0
388301,1
388336,0
388339,0
388341,1
388343,0
388347,0
388349,0
388354,0
388364,0
388365,0
388388,0
388400,0
388408,0
388412,0
388413,1
388432,0
388435,0
388438,1
388440,0
388441,0
388450,1
388453,1
388461,0
388466,0
388470,1
388481,0
388490,1
388492,0
388500,0
388502,0
388507,0
388513,0
388516,0
388523,0
388536,0
388539,0
388540,0
388558,0
388559,0
388568,0
388573,0
388579,1
388597,1
388599,0
388606,1
388610,0
388619,0
388623,0
388625,0
388649,0
388656,0
388670,0
388676,0
388678,0
388694,0
388699,0
388710,0
388716,0
388719,0
388724,0
388728,1
388737,0
388740,0
388742,0
388746,0
388749,0
388750,0
388751,0
388752,0
388753,0
388761,0
388783,0
388784,0
388808,0
388810,0
388820,1
388824,0
388826,0
388833,0
388838,0
388843,0
388863,0
388871,1
388888,0
388895,0
388909,0
388915,0
388920,0
388922,0
388925,0
388933,0
388939,0
388959,0
388960,0
388969,0
388989,0
388999,0
389004,0
389037,0
389042,0
389047,0
389053,0
389060,0
389062,0
389073,0
389076,0
389083,0
389102,0
389123,1
389124,0
389139,0
389164,0
389169,0
389188,1
389197,0
389198,0
389203,0
389207,0
389210,0
389212,0
389213,0
389220,0
389224,0
389229,0
389233,0
389247,0
389250,0
389255,0
389264,0
389267,0
389271,0
389272,0
389276,0
389283,0
389284,0
389289,0
389299,0
389304,0
389307,0
389311,0
389322,1
389325,1
389329,0
389335,0
389350,0
389368,0
389374,0
389387,0
389388,0
389399,0
389407,0
389411,0
389424,0
389430,0
389432,0
389453,1
389462,0
389463,1
389472,0
389479,0
389484,0
389487,0
389494,0
389501,0
389503,0
389508,0
389516,0
389521,0
389538,0
389544,0
389549,0
389568,0
389570,0
389571,0
389583,0
389586,0
389595,0
389605,1
389611,0
389615,0
389638,0
389659,0
389670,1
389671,0
389673,0
389686,0
389687,1
389712,0
389718,0
389728,0
389738,0
389747,0
389752,0
389762,0
389765,0
389806,0
389813,0
389816,0
389817,1
389826,0
389845,0
389847,0
389858,1
389883,1
389884,0
389911,0
389916,0
389918,1
389923,0
389926,0
389933,0
389942,0
389950,0
389955,0
389957,0
389973,0
389975,0
390012,0
390025,1
390028,1
390037,0
390049,0
390050,0
390067,0
390071,0
390074,0
390079,0
390082,0
390083,0
390094,0
390097,0
390108,0
390119,0
390141,0
390148,0
390150,1
390153,0
390156,0
390167,0
390169,1
390172,0
390195,1
390199,0
390201,0
390203,0
390205,0
390231,0
390243,0
390247,0
390262,0
390269,0
390282,0
390306,0
390327,0
390334,0
390382,0
390385,0
390395,0
390397,1
390408,0
390421,0
390426,0
390432,0
390434,0
390463,0
390466,0
390468,0
390477,0
390478,0
390479,0
390483,0
390525,1
390532,0
390539,0
390541,0
390545,0
390547,0
390551,0
390570,0
390571,0
390581,0
390591,0
390594,0
390611,0
390612,0
390619,1
390622,0
390640,1
390671,0
390673,0
390683,0
390695,0
390699,0
390708,0
390710,0
390712,1
390717,0
390725,0
390734,0
390740,0
390751,0
390766,0
390778,0
390783,0
390785,0
390788,0
390795,0
390796,0
390799,0
390811,0
390819,0
390822,0
390831,0
390835,0
390841,0
390846,0
390849,0
390850,1
390863,1
390870,0
390872,0
390874,0
390878,0
390883,0
390890,1
390907,0
390911,1
390933,0
390935,0
390946,0
390948,1
390949,0
390956,0
390961,1
390968,0
390974,0
390975,0
390979,0
390985,0
390996,0
391010,0
391016,0
391020,0
391021,0
391030,0
391037,0
391047,0
391058,0
391080,0
391097,0
391101,0
391106,0
391117,0
391121,0
391128,0
391133,0
391139,0
391159,1
391160,1
391161,0
391173,0
391182,0
391187,0
391197,0
391202,0
391206,0
391212,0
391213,0
391214,0
391215,0
391223,0
391229,0
391234,0
391235,0
391244,0
391246,0
391247,0
391252,1
391258,0
391263,0
391265,0
391271,0
391280,0
391282,0
391295,0
391298,0
391319,0
391324,1
391325,0
391349,0
391370,0
391389,0
391393,0
391397,0
391406,0
391415,0
391423,1
391452,0
391456,0
391457,0
391467,0
391471,0
391472,0
391473,0
391482,0
391488,0
391489,1
391496,0
391511,0
391518,0
391519,0
391526,0
391527,0
391532,0
391536,0
391537,0
391538,0
391541,1
391558,0
391560,0
391576,0
391582,0
391604,0
391610,0
391621,0
391638,0
391639,0
391642,0
391647,0
391664,0
391672,0
391681,0
391687,1
391689,0
391691,0
391695,0
391700,1
391701,0
391704,0
391709,0
391716,0
391732,0
391739,0
391769,0
391770,0
391774,0
391780,0
391781,0
391782,0
391790,0
391792,0
391805,0
391816,0
391818,0
391822,0
391826,0
391854,0
391860,1
391890,0
391891,0
391897,0
391913,0
391924,0
391927,0
391931,0
391936,0
391946,0
391949,0
391955,0
391959,0
391964,1
391975,0
391981,0
391996,0
392000,0
392009,0
392018,0
392020,0
392023,0
392047,0
392048,1
392059,0
392063,0
392073,0
392080,0
392091,0
392102,0
392113,0
392116,0
392117,0
392128,0
392135,0
392136,0
392162,0
392163,0
392176,1
392181,0
392185,0
392204,0
392213,0
392226,0
392227,0
392229,0
392235,0
392238,0
392247,0
392252,0
392264,0
392267,0
392269,1
392274,0
392281,1
392299,0
392303,0
392312,0
392318,0
392324,0
392335,0
392341,0
392344,0
392353,0
392357,1
392361,0
392362,0
392384,0
392385,0
392388,0
392393,1
392395,0
392397,0
392407,0
392411,0
392428,0
392435,1
392436,0
392438,0
392457,0
392459,0
392462,0
392464,0
392473,1
392479,0
392483,0
392488,1
392489,0
392490,1
392493,0
392494,0
392498,1
392501,0
392510,0
392511,0
392528,0
392533,0
392542,0
392547,0
392548,0
392550,0
392552,0
392557,0
392559,0
392585,0
392590,0
392598,0
392607,0
392608,0
392612,0
392616,0
392625,0
392631,0
392637,0
392638,0
392651,0
392652,0
392656,0
392663,0
392666,0
392669,0
392670,0
392672,0
392683,0
392687,0
392693,0
392700,0
392703,0
392716,0
392718,0
392719,0
392722,0
392723,0
392731,0
392749,0
392751,0
392769,0
392780,0
392795,0
392801,0
392803,0
392807,0
392811,1
392824,0
392832,0
392850,0
392851,0
392853,0
392854,0
392862,0
392865,0
392867,0
392885,0
392895,0
392898,0
392901,0
392902,0
392903,0
392938,0
392941,0
392954,0
392956,0
392961,0
392963,0
392966,0
392969,0
392976,1
392987,0
392997,0
393003,0
393021,0
393025,0
393029,0
393048,0
393049,0
393054,0
393059,0
393070,0
393077,0
393083,0
393085,0
393093,0
393097,0
393098,0
393100,0
393112,0
393121,1
393135,0
393157,0
393165,1
393167,1
393175,0
393180,0
393184,0
393185,1
393188,1
393192,0
393193,0
393196,0
393212,0
393214,0
393219,0
393229,0
393240,0
393242,1
393249,0
393254,0
393266,0
393274,0
393276,0
393280,0
393286,0
393298,0
393300,0
393309,0
393315,0
393320,1
393333,0
393335,0
393344,0
393347,0
393349,0
393350,0
393358,0
393368,0
393376,0
393385,0
393399,0
393411,1
393417,0
393431,0
393432,1
393436,0
393457,0
393465,0
393466,0
393468,0
393469,0
393473,0
393480,0
393483,0
393484,0
393486,0
393498,0
393501,0
393504,0
393516,1
393520,0
393523,0
393528,0
393542,0
393549,0
393551,0
393556,0
393558,0
393565,0
393577,0
393578,0
393585,0
393586,0
393602,0
393603,0
393615,0
393616,0
393619,0
393626,0
393648,0
393656,0
393659,0
393662,0
393667,0
393668,0
393676,0
393688,0
393693,0
393703,0
393704,0
393705,0
393707,0
393718,0
393719,0
393723,0
393729,0
393730,1
393731,1
393735,0
393747,1
393755,0
393765,0
393768,0
393784,0
393786,0
393790,0
393796,0
393798,0
393806,0
393811,0
393813,0
393817,0
393820,0
393823,0
393830,0
393832,0
393845,0
393847,0
393856,0
393859,0
393866,0
393873,0
393874,0
393897,0
393903,0
393928,0
393949,0
393952,0
393961,0
393969,0
393977,0
393987,0
393989,1
393993,0
393999,0
394018,0
394033,0
394038,0
394045,0
394059,0
394064,0
394073,0
394074,1
394078,0
394086,0
394105,0
394120,0
394121,1
394130,0
394134,0
394138,0
394151,0
394154,0
394155,0
394158,1
394166,0
394167,0
394170,0
394190,0
394194,1
394196,0
394201,0
394208,0
394212,0
394223,0
394228,0
394238,0
394242,0
394256,0
394265,1
394278,0
394285,0
394288,0
394307,0
394312,0
394326,1
394331,1
394334,0
394339,0
394370,0
394378,0
394381,0
394388,0
394392,0
394404,0
394429,1
394430,0
394432,0
394439,0
394440,0
394441,0
394450,0
394472,0
394483,0
394487,0
394488,1
394497,0
394498,1
394504,0
394517,1
394520,0
394523,0
394525,0
394528,0
394532,0
394534,0
394543,0
394555,1
394556,0
394569,0
394570,0
394574,0
394581,1
394587,0
394592,0
394601,0
394604,1
394608,0
394612,0
394631,0
394633,0
394639,0
394643,0
394647,0
394650,0
394652,0
394658,0
394660,0
394664,0
394693,0
394694,0
394701,0
394708,0
394716,0
394719,0
394727,0
394728,0
394733,0
394738,0
394745,1
394757,0
394758,0
394762,0
394764,0
394766,0
394768,0
394779,0
394791,0
394810,0
394811,0
394816,0
394818,0
394825,1
394838,0
394849,0
394861,0
394865,0
394869,0
394871,0
394874,1
394878,0
394884,1
394894,0
394896,1
394912,0
394921,1
394945,1
394947,0
394951,1
394952,0
394961,0
394980,0
394983,0
394984,1
394990,0
395000,0
395005,0
395006,1
395010,0
395018,0
395021,0
395023,0
395029,0
395032,0
395038,0
395049,0
395054,0
395055,0
395065,0
395077,0
395083,0
395084,0
395101,0
395113,1
395116,0
395124,0
395132,0
395134,0
395137,0
395141,0
395150,0
395173,0
395182,0
395187,0
395189,0
395202,0
395211,0
395213,0
395215,0
395235,0
395236,0
395257,0
395261,0
395266,0
395282,0
395284,0
395287,1
395290,0
395291,0
395295,0
395296,0
395299,0
395302,0
395308,0
395313,1
395319,0
395330,0
395343,0
395345,0
395351,0
395354,0
395357,0
395360,0
395361,0
395362,0
395370,0
395374,0
395375,0
395381,0
395388,0
395390,0
395392,0
395393,0
395396,0
395398,0
395405,0
395413,0
395416,0
395433,0
395437,0
395445,0
395470,0
395475,0
395485,0
395494,1
395496,0
395497,0
395542,0
395563,0
395564,0
395566,0
395568,0
395599,0
395622,0
395630,0
395641,0
395648,0
395651,0
395671,0
395683,0
395690,0
395698,0
395720,0
395725,0
395733,0
395734,0
395745,0
395752,0
395755,0
395779,0
395789,0
395801,0
395804,0
395807,0
395809,0
395833,0
395842,0
395848,0
395872,0
395878,0
395879,0
395889,0
395899,0
395904,0
395915,0
395927,0
395928,0
395943,0
395965,0
395972,0
395976,0
395988,0
395992,0
396003,0
396004,0
396005,0
396007,0
396024,0
396030,0
396046,0
396047,0
396059,0
396062,0
396070,0
396073,0
396076,0
396084,0
396093,0
396095,0
396096,0
396098,0
396099,0
396102,0
396108,0
396112,0
396117,0
396129,0
396131,1
396134,0
396137,0
396142,0
396155,0
396158,0
396172,0
396176,0
396178,0
396193,0
396195,1
396196,0
396210,0
396211,0
396221,0
396224,0
396241,0
396258,0
396265,0
396283,0
396296,0
396304,0
396305,0
396312,0
396313,0
396315,0
396316,0
396320,0
396340,0
396349,0
396359,0
396360,0
396361,0
396365,0
396370,0
396385,0
396398,0
396402,0
396412,0
396423,1
396430,0
396446,0
396450,0
396452,0
396456,0
396460,1
396461,0
396463,0
396467,0
396472,0
396477,0
396482,0
396497,0
396503,0
396509,0
396520,0
396523,0
396527,0
396529,1
396532,0
396534,0
396535,1
396545,1
396550,0
396603,0
396605,0
396606,0
396615,0
396630,0
396639,0
396642,0
396644,0
396650,0
396656,0
396659,0
396664,0
396665,0
396673,0
396683,0
396685,0
396687,0
396688,0
396690,1
396695,0
396700,0
396742,0
396747,0
396756,0
396762,0
396763,1
396764,0
396766,0
396787,0
396788,0
396797,0
396800,0
396801,0
396804,0
396812,0
396816,0
396841,0
396842,0
396851,0
396852,0
396853,0
396862,0
396888,0
396891,0
396895,0
396905,0
396906,0
396909,0
396920,1
396924,0
396929,0
396932,0
396935,0
396936,1
396951,1
396953,0
396955,0
396965,0
396969,0
396971,0
396976,0
396977,1
396980,0
396982,0
396994,0
397013,0
397016,0
397034,0
397035,0
397039,0
397040,0
397044,0
397048,1
397055,0
397059,0
397060,0
397061,0
397069,0
397074,0
397080,0
397089,0
397091,0
397103,0
397104,0
397123,0
397130,0
397131,0
397143,0
397156,1
397158,1
397161,0
397162,0
397176,0
397200,0
397205,0
397206,0
397208,0
397212,0
397214,0
397227,0
397244,0
397256,0
397258,0
397259,0
397268,0
397271,0
397276,0
397279,0
397296,1
397299,0
397314,0
397315,0
397316,0
397317,0
397338,0
397340,0
397361,0
397368,0
397386,0
397403,0
397406,0
397408,0
397416,1
397417,0
397429,0
397431,0
397438,0
397445,0
397448,0
397453,0
397457,0
397459,0
397467,0
397486,0
397487,0
397489,0
397500,0
397508,0
397521,1
397523,0
397527,0
397529,0
397535,1
397540,0
397543,0
397559,0
397564,0
397567,0
397572,0
397583,0
397588,0
397589,0
397595,0
397599,0
397608,1
397611,0
397622,0
397624,0
397639,0
397643,0
397651,0
397653,0
397658,0
397660,0
397665,0
397682,0
397696,0
397697,0
397700,0
397701,0
397702,0
397708,1
397710,0
397716,0
397733,1
397740,0
397758,0
397760,0
397765,0
397786,0
397790,0
397805,0
397809,0
397813,0
397826,0
397829,0
397838,0
397849,0
397873,0
397884,0
397885,0
397887,0
397896,0
397902,0
397906,0
397909,0
397910,0
397914,0
397919,0
397921,0
397935,0
397945,0
397960,0
397961,0
397965,0
397976,0
397985,0
397988,0
397995,0
397997,0
398005,0
398011,1
398017,0
398025,0
398026,0
398027,0
398031,1
398054,0
398058,1
398071,0
398074,0
398075,0
398078,0
398084,0
398085,0
398095,0
398104,0
398111,0
398115,0
398119,1
398126,0
398139,0
398145,0
398150,0
398155,0
398180,0
398197,0
398207,0
398221,0
398226,0
398233,0
398237,0
398243,0
398248,0
398252,0
398268,0
398271,1
398281,0
398297,0
398305,1
398313,0
398319,0
398328,0
398330,1
398331,0
398335,0
398339,0
398342,0
398345,0
398356,0
398365,0
398370,0
398378,1
398382,0
398393,0
398398,0
398405,0
398419,0
398421,0
398426,0
398430,0
398431,0
398447,0
398463,0
398464,0
398471,0
398472,0
398504,0
398508,0
398530,0
398533,0
398542,0
398546,0
398551,0
398562,0
398565,0
398566,0
398573,0
398574,0
398604,0
398605,0
398608,0
398610,0
398612,1
398617,0
398618,0
398628,0
398631,0
398635,0
398640,0
398642,0
398644,0
398647,0
398649,0
398650,0
398651,0
398653,0
398660,0
398664,0
398665,0
398666,0
398672,0
398673,0
398678,0
398681,0
398686,0
398698,0
398700,0
398701,0
398702,1
398705,0
398707,0
398708,0
398710,0
398720,0
398725,0
398733,0
398735,0
398744,1
398748,0
398751,0
398762,0
398772,0
398786,0
398793,0
398796,0
398815,1
398835,0
398861,0
398880,0
398886,0
398887,0
398905,0
398923,0
398930,0
398944,0
398952,0
398958,0
398969,0
398990,0
398995,0
398997,0
398998,0
399000,0
399006,0
399007,0
399021,0
399023,0
399042,0
399048,0
399058,0
399059,0
399071,0
399073,0
399087,0
399089,0
399094,0
399098,0
399134,0
399136,0
399146,0
399147,0
399163,0
399173,0
399175,0
399177,0
399189,0
399193,0
399196,0
399197,0
399211,0
399213,0
399216,0
399225,0
399227,0
399228,0
399231,0
399233,0
399245,0
399250,0
399253,0
399265,0
399269,1
399271,0
399273,0
399278,1
399283,0
399288,0
399292,0
399296,0
399298,0
399307,0
399310,0
399311,1
399312,0
399314,0
399315,0
399319,0
399322,0
399324,0
399325,0
399330,0
399333,0
399341,0
399343,0
399353,0
399354,0
399356,0
399365,0
399367,0
399371,1
399387,0
399391,0
399392,0
399393,0
399397,0
399411,0
399412,0
399414,1
399416,0
399437,0
399446,0
399455,0
399474,0
399475,0
399496,0
399508,0
399509,0
399517,1
399534,0
399550,0
399552,0
399555,0
399558,0
399566,0
399575,0
399577,0
399596,0
399610,1
399615,0
399618,0
399621,0
399629,0
399631,0
399638,0
399644,0
399661,0
399662,0
399666,0
399668,0
399680,0
399686,1
399689,0
399695,0
399696,0
399699,0
399716,0
399719,0
399724,1
399737,0
399742,1
399749,0
399760,0
399772,0
399774,0
399780,0
399785,0
399787,0
399792,0
399800,0
399804,0
399816,0
399841,0
399847,0
399862,0
399867,0
399870,0
399889,0
399892,1
399896,0
399909,0
399916,0
399926,0
399928,0
399929,0
399967,0
399970,0
399971,0
399983,0
399984,0
400003,0
400007,0
400012,0
400013,0
400021,1
400028,0
400039,0
400049,0
400061,0
400062,0
400064,0
400072,0
400073,0
400077,0
400078,0
400087,0
400096,0
400097,0
400100,0
400101,1
400109,0
400120,0
400124,0
400125,0
400132,0
400134,0
400142,0
400153,0
400156,0
400161,0
400190,0
400192,0
400207,0
400208,0
400214,0
400218,0
400238,0
400245,0
400251,0
400265,0
400266,0
400288,0
400302,0
400323,0
400325,0
400330,0
400344,1
400364,0
400367,0
400370,0
400373,0
400375,0
400383,0
400385,0
400387,0
400395,0
400403,0
400410,0
400413,0
400423,0
400431,0
400444,0
400447,0
400448,1
400469,1
400474,0
400484,0
400486,0
400493,0
400497,0
400516,0
400550,0
400568,0
400570,0
400577,0
400578,0
400579,0
400594,0
400596,0
400614,0
400622,0
400623,0
400652,0
400654,0
400657,0
400662,0
400669,0
400675,1
400677,0
400682,0
400688,0
400690,0
400699,1
400706,0
400709,0
400710,0
400717,0
400718,0
400719,0
400722,0
400730,0
400735,0
400737,1
400738,0
400742,1
400765,0
400772,0
400774,0
400786,0
400790,0
400796,0
400807,0
400808,0
400809,0
400819,0
400821,0
400824,0
400826,1
400827,0
400829,0
400832,0
400836,0
400846,0
400851,0
400852,0
400863,0
400873,0
400884,0
400890,1
400899,0
400902,0
400908,0
400957,0
400972,0
401009,0
401018,1
401030,0
401031,0
401034,0
401042,0
401048,0
401049,0
401055,0
401077,0
401079,0
401088,0
401113,0
401118,0
401127,0
401128,0
401129,0
401130,0
401135,1
401147,0
401157,0
401159,0
401174,0
401177,0
401183,0
401193,0
401194,0
401203,0
401206,0
401209,0
401215,0
401216,0
401218,1
401222,0
401243,0
401252,0
401264,0
401281,0
401286,0
401295,0
401313,0
401315,0
401316,0
401325,0
401328,0
401329,0
401356,0
401366,0
401420,0
401421,1
401429,0
401452,0
401460,0
401514,0
401523,0
401528,0
401529,0
401530,0
401532,0
401548,0
401554,0
401567,0
401619,0
401623,0
401639,0
401641,0
401650,0
401652,0
401654,0
401655,1
401657,0
401662,0
401682,0
401684,0
401688,0
401705,0
401711,0
401715,0
401718,0
401719,0
401724,1
401729,0
401736,0
401746,0
401750,1
401771,0
401775,0
401781,0
401787,0
401794,0
401802,0
401814,0
401824,0
401838,0
401845,0
401849,0
401858,0
401860,0
401889,0
401896,0
401916,0
401918,0
401927,0
401931,0
401945,0
401954,0
401956,0
401957,0
401975,0
401981,1
401991,0
401993,0
401995,0
401997,0
402001,0
402008,1
402017,0
402020,0
402040,0
402055,0
402056,0
402058,0
402064,0
402088,0
402108,0
402114,0
402117,0
402120,0
402146,0
402148,0
402150,0
402156,0
402157,0
402162,0
402166,1
402170,0
402175,0
402185,0
402186,0
402188,1
402190,0
402200,0
402207,0
402216,0
402217,0
402224,0
402225,0
402237,1
402253,0
402282,0
402291,0
402294,0
402297,0
402309,0
402317,1
402334,1
402335,0
402339,0
402346,0
402349,0
402357,0
402358,0
402361,0
402367,0
402368,0
402385,0
402386,0
402393,0
402402,1
402406,0
402410,0
402429,0
402430,1
402439,0
402469,0
402471,0
402481,0
402508,0
402510,0
402511,0
402521,0
402533,0
402535,0
402538,0
402551,0
402560,0
402561,0
402567,0
402586,0
402588,1
402600,0
402601,0
402605,0
402610,0
402611,0
402620,0
402623,1
402627,0
402629,0
402633,0
402637,1
402669,0
402671,0
402692,0
402703,0
402735,0
402747,0
402750,0
402770,0
402775,0
402788,0
402789,0
402793,0
402794,0
402799,0
402806,0
402819,0
402823,0
402832,0
402838,1
402844,0
402856,0
402857,0
402859,0
402861,0
402869,0
402873,0
402874,0
402887,0
402888,0
402889,0
402894,0
402914,0
402916,0
402918,0
402936,0
402943,0
402946,0
402959,0
402963,0
402967,0
402999,0
403003,0
403029,0
403035,1
403038,1
403039,0
403040,0
403053,1
403062,1
403075,0
403077,0
403089,0
403090,0
403092,0
403095,0
403102,0
403105,0
403107,0
403108,1
403129,0
403135,1
403136,0
403154,0
403155,0
403158,0
403167,0
403170,0
403182,0
403184,0
403191,0
403213,0
403216,0
403218,0
403220,0
403221,0
403224,0
403241,1
403258,0
403260,1
403268,0
403272,1
403288,0
403299,1
403311,0
403329,1
403335,0
403338,0
403341,1
403350,0
403356,0
403361,0
403370,0
403374,0
403380,0
403381,1
403387,0
403401,0
403418,0
403420,0
403430,0
403432,0
403436,0
403444,0
403445,0
403457,0
403472,0
403482,0
403489,1
403499,1
403503,0
403507,0
403516,0
403519,0
403520,0
403540,0
403545,0
403556,0
403567,0
403568,0
403569,0
403572,0
403575,0
403580,0
403589,0
403591,0
403597,0
403612,0
403614,0
403615,0
403616,0
403621,0
403628,0
403631,0
403638,0
403639,0
403640,0
403655,0
403665,0
403670,1
403681,0
403683,0
403695,0
403706,0
403730,0
403735,0
403736,0
403742,0
403747,0
403759,0
403761,0
403784,0
403785,0
403789,0
403796,0
403830,0
403832,0
403840,0
403846,0
403847,0
403865,0
403872,0
403877,0
403883,0
403897,0
403898,1
403899,0
403900,0
403901,0
403905,0
403908,0
403923,0
403990,1
403995,0
404003,0
404005,0
404006,0
404013,0
404015,1
404019,0
404020,0
404022,0
404026,0
404027,0
404045,0
404046,0
404049,0
404056,0
404061,0
404064,0
404087,0
404091,0
404092,0
404100,0
404106,0
404110,0
404135,0
404136,0
404142,1
404157,0
404175,0
404178,0
404182,0
404184,0
404189,0
404193,0
404196,0
404217,0
404219,0
404231,0
404237,0
404239,0
404242,0
404246,0
404249,0
404253,0
404261,0
404262,0
404273,0
404284,0
404292,0
404296,0
404298,0
404316,0
404332,0
404338,0
404341,0
404358,0
404365,0
404366,0
404368,0
404374,0
404378,0
404395,0
404427,0
404428,0
404436,0
404444,0
404445,0
404451,0
404455,0
404482,0
404497,0
404508,0
404515,0
404528,0
404532,0
404537,0
404543,0
404551,0
404561,0
404576,0
404578,0
404583,0
404610,0
404623,0
404627,0
404630,0
404637,0
404659,0
404668,0
404671,0
404675,0
404680,0
404687,0
404695,0
404702,0
404706,0
404722,0
404731,0
404733,0
404738,0
404747,0
404750,0
404755,0
404763,0
404765,0
404772,0
404774,0
404779,0
404780,0
404785,0
404790,0
404801,0
404805,1
404809,0
404814,0
404819,0
404821,0
404832,0
404834,0
404839,0
404842,0
404851,1
404852,0
404866,0
404869,0
404878,0
404881,0
404896,0
404897,0
404900,0
404904,0
404914,0
404921,0
404927,0
404936,0
404941,0
404952,0
404956,0
404961,0
404966,0
404983,0
404989,0
404991,0
405003,0
405005,0
405015,0
405021,0
405027,0
405028,0
405031,0
405032,0
405034,0
405037,0
405039,0
405045,0
405056,0
405097,0
405106,1
405110,0
405126,0
405133,0
405140,0
405141,0
405160,0
405164,0
405166,0
405168,0
405175,0
405178,0
405181,0
405183,0
405188,0
405200,0
405201,0
405213,0
405225,0
405243,0
405244,0
405249,0
405250,0
405256,0
405288,0
405289,0
405295,0
405299,0
405300,0
405306,0
405313,0
405314,0
405327,0
405331,0
405336,0
405338,0
405345,0
405358,0
405371,0
405379,0
405388,0
405391,0
405394,0
405403,0
405404,0
405405,0
405406,0
405407,0
405414,0
405416,0
405419,0
405420,0
405422,0
405433,0
405447,0
405450,0
405467,0
405484,0
405486,0
405500,0
405501,0
405502,0
405524,0
405526,0
405535,0
405548,0
405561,1
405563,0
405568,0
405572,0
405574,0
405586,0
405597,1
405627,0
405629,1
405634,0
405639,0
405649,0
405678,0
405681,0
405688,0
405713,0
405717,0
405722,0
405725,0
405729,0
405733,1
405735,0
405744,0
405747,0
405772,0
405776,0
405781,0
405790,0
405802,0
405817,0
405819,0
405820,0
405825,0
405835,0
405848,0
405849,0
405851,0
405862,0
405868,0
405869,0
405883,0
405895,0
405898,0
405916,0
405923,0
405925,0
405945,0
405955,0
405957,0
405969,0
405972,0
405977,0
406016,0
406031,0
406055,0
406060,0
406066,0
406078,0
406086,0
406090,0
406092,0
406095,0
406120,0
406145,0
406150,0
406157,0
406158,0
406164,0
406169,0
406171,0
406173,0
406187,0
406188,0
406197,0
406203,0
406204,0
406213,0
406223,0
406233,0
406235,0
406237,0
406239,1
406247,0
406255,0
406258,0
406263,0
406294,0
406295,0
406296,0
406301,0
406307,0
406309,0
406315,0
406327,0
406329,0
406342,0
406345,0
406358,0
406361,0
406367,0
406375,0
406383,0
406388,0
406397,0
406412,1
406415,0
406427,0
406434,0
406438,0
406446,0
406451,0
406456,0
406465,1
406484,0
406486,0
406489,0
406493,0
406494,0
406505,1
406509,0
406529,0
406539,0
406547,0
406548,0
406549,0
406551,0
406554,0
406567,0
406574,0
406578,0
406587,0
406589,0
406592,0
406594,0
406603,0
406604,0
406612,0
406614,0
406621,0
406623,0
406625,0
406629,1
406642,0
406655,0
406659,1
406661,1
406668,0
406672,0
406701,0
406705,0
406708,0
406709,0
406710,0
406711,0
406720,0
406732,0
406740,0
406741,0
406744,0
406748,0
406751,0
406753,0
406757,0
406759,0
406767,0
406774,0
406785,0
406788,0
406793,0
406797,0
406800,0
406805,0
406808,0
406815,0
406816,0
406828,0
406831,0
406832,0
406833,0
406854,0
406855,0
406859,0
406867,0
406870,0
406877,0
406889,0
406904,0
406914,0
406928,0
406929,0
406934,0
406935,0
406981,0
406986,0
406996,0
407002,0
407010,0
407017,0
407021,0
407022,0
407028,1
407050,0
407051,0
407058,0
407060,0
407068,0
407077,0
407087,0
407095,0
407102,0
407103,0
407109,0
407114,0
407118,0
407141,0
407149,0
407156,0
407165,0
407182,0
407186,0
407190,1
407195,0
407209,0
407221,0
407222,0
407226,0
407231,0
407232,0
407233,0
407251,0
407272,0
407273,0
407282,0
407300,0
407321,0
407331,0
407347,0
407368,0
407375,0
407377,0
407396,0
407409,0
407415,0
407422,0
407432,0
407434,0
407435,0
407440,1
407447,0
407461,0
407466,0
407470,0
407471,0
407475,0
407479,1
407480,0
407485,1
407495,0
407496,0
407514,0
407517,0
407518,0
407525,0
407535,0
407536,0
407554,0
407556,0
407561,0
407569,0
407575,0
407581,0
407589,0
407591,0
407593,1
407599,0
407614,0
407630,0
407632,0
407640,0
407644,0
407646,0
407653,0
407656,1
407663,0
407685,0
407691,0
407700,0
407709,0
407712,0
407713,0
407727,0
407738,0
407757,0
407769,0
407789,0
407793,0
407805,0
407810,0
407816,0
407821,0
407835,0
407843,0
407849,0
407852,0
407879,0
407883,0
407893,0
407894,0
407910,0
407948,0
407989,1
407992,0
407993,0
407996,0
407999,1
408007,0
408017,0
408024,0
408046,0
408050,0
408058,0
408062,0
408064,0
408086,0
408087,0
408120,0
408127,0
408129,0
408131,0
408146,1
408149,0
408156,0
408174,0
408177,0
408179,0
408186,0
408192,0
408201,0
408206,0
408208,0
408211,0
408214,0
408215,0
408224,0
408227,1
408230,0
408233,0
408239,1
408240,0
408242,0
408245,0
408252,0
408260,0
408264,0
408270,0
408275,0
408285,0
408294,0
408297,0
408306,0
408311,0
408318,0
408335,0
408338,0
408341,0
408344,0
408345,0
408348,0
408364,0
408365,0
408373,1
408382,0
408401,0
408407,0
408414,1
408415,0
408416,0
408421,0
408424,0
408444,1
408452,0
408472,0
408474,0
408488,0
408499,0
408544,0
408555,0
408557,0
408560,0
408562,0
408577,0
408582,0
408586,0
408589,0
408590,0
408604,0
408620,0
408630,0
408637,0
408653,0
408677,0
408680,1
408681,0
408691,0
408712,0
408720,0
408722,0
408723,0
408731,0
408739,0
408740,0
408744,0
408747,0
408751,1
408752,0
408757,0
408760,0
408763,0
408789,0
408806,0
408816,0
408821,0
408823,0
408833,0
408835,0
408840,0
408844,0
408861,0
408862,0
408868,0
408873,0
408884,0
408887,0
408901,0
408910,0
408939,0
408947,0
408948,1
408950,0
408951,0
408962,0
408963,0
408974,1
408987,0
408988,0
408999,0
409000,0
409007,0
409011,0
409018,0
409026,0
409027,0
409037,0
409060,0
409075,0
409077,0
409089,0
409101,0
409103,0
409113,0
409117,0
409125,0
409128,0
409130,1
409140,1
409143,0
409149,0
409170,0
409171,0
409176,0
409182,0
409186,0
409187,1
409190,0
409201,1
409210,0
409215,0
409219,0
409222,0
409224,0
409231,0
409236,0
409238,1
409240,0
409242,0
409243,0
409252,0
409257,0
409260,0
409267,0
409271,0
409290,0
409294,0
409301,0
409304,0
409312,0
409316,1
409317,0
409318,0
409321,0
409328,0
409336,0
409337,0
409338,0
409341,0
409347,0
409351,0
409352,0
409359,0
409368,0
409370,0
409373,0
409379,0
409387,0
409389,0
409393,0
409399,0
409400,0
409401,0
409405,0
409408,0
409425,0
409447,0
409460,0
409462,0
409469,0
409474,0
409480,0
409481,1
409490,1
409501,0
409502,0
409515,0
409520,0
409522,0
409562,0
409575,0
409576,0
409577,0
409579,0
409592,0
409598,0
409601,0
409602,0
409603,0
409605,0
409606,0
409626,0
409641,0
409650,0
409675,0
409686,0
409687,0
409690,0
409699,0
409703,0
409704,0
409705,0
409714,0
409719,0
409725,1
409729,0
409730,0
409745,0
409750,0
409767,0
409768,0
409779,0
409782,0
409792,0
409800,0
409813,0
409827,0
409837,0
409838,0
409847,0
409858,0
409865,1
409880,0
409883,0
409887,0
409892,0
409897,0
409898,0
409899,0
409908,0
409912,0
409915,0
409924,1
409928,0
409931,0
409934,0
409936,0
409956,0
409960,0
409974,0
409975,0
409978,0
409992,0
409993,0
409997,0
409998,0
410004,0
410008,0
410011,0
410016,0
410020,0
410023,0
410028,1
410030,0
410034,1
410038,0
410050,1
410053,0
410054,0
410057,0
410060,0
410062,0
410063,0
410071,0
410078,0
410079,0
410081,0
410082,0
410085,0
410090,0
410108,0
410109,0
410117,1
410119,0
410138,0
410141,0
410145,0
410149,0
410152,0
410156,0
410164,0
410173,0
410174,0
410176,0
410177,1
410179,0
410180,0
410188,0
410191,0
410197,0
410202,0
410217,0
410228,0
410230,1
410240,0
410245,0
410261,0
410271,0
410284,0
410286,0
410294,0
410312,0
410315,0
410333,0
410352,0
410354,0
410362,0
410395,0
410396,0
410399,0
410402,0
410408,1
410414,0
410417,0
410422,1
410431,0
410432,0
410437,0
410444,0
410460,0
410461,0
410472,0
410482,0
410483,0
410484,0
410489,0
410496,0
410513,0
410517,0
410522,0
410533,0
410540,0
410543,1
410555,0
410570,0
410574,0
410590,1
410600,0
410611,0
410623,0
410635,0
410636,0
410644,0
410662,0
410680,0
410682,0
410683,0
410688,0
410692,1
410705,0
410711,0
410720,0
410724,0
410726,0
410730,0
410739,1
410744,0
410752,0
410758,0
410763,0
410782,0
410787,0
410809,0
410810,0
410812,1
410814,1
410819,0
410826,0
410848,0
410866,1
410868,0
410874,0
410883,0
410942,0
410950,0
410969,0
410973,0
410978,0
410985,0
410991,0
410992,1
410996,0
410997,0
411003,0
411006,0
411034,0
411039,0
411064,0
411077,0
411078,0
411110,0
411111,0
411132,0
411140,0
411177,0
411184,0
411186,0
411192,0
411194,0
411204,0
411220,0
411230,1
411233,0
411235,0
411247,0
411249,0
411258,0
411260,0
411265,1
411266,0
411269,0
411270,0
411280,0
411288,0
411303,0
411313,0
411325,0
411332,0
411346,0
411355,0
411361,0
411365,0
411373,0
411383,0
411400,0
411410,0
411411,0
411414,0
411439,0
411441,0
411455,0
411459,0
411462,0
411466,0
411485,0
411486,0
411503,0
411504,0
411505,0
411512,0
411514,0
411523,0
411533,0
411535,0
411537,0
411539,0
411556,0
411560,0
411564,1
411567,1
411569,1
411576,0
411587,0
411588,0
411592,0
411609,0
411637,1
411651,0
411656,0
411670,0
411680,0
411684,0
411685,0
411696,0
411710,0
411713,0
411721,0
411725,0
411737,0
411745,0
411747,0
411750,0
411757,0
411758,0
411766,0
411772,0
411780,0
411791,0
411798,1
411800,0
411805,0
411811,0
411828,0
411830,0
411839,0
411857,0
411862,0
411878,1
411884,1
411885,0
411894,0
411895,0
411901,0
411906,0
411914,0
411916,0
411919,1
411927,0
411930,0
411933,0
411935,0
411942,0
411951,0
411955,0
411965,0
411983,0
411986,0
411987,0
411988,0
411997,0
412035,0
412041,0
412043,0
412044,0
412055,0
412081,1
412086,0
412102,0
412105,0
412107,0
412116,0
412127,0
412133,0
412134,0
412135,0
412157,1
412159,0
412163,0
412168,0
412171,0
412179,0
412183,0
412195,0
412198,0
412222,1
412228,0
412231,0
412233,1
412239,0
412242,0
412255,0
412257,0
412258,1
412263,0
412266,0
412269,0
412271,0
412274,0
412283,0
412292,0
412293,0
412302,0
412324,0
412329,0
412330,1
412335,0
412337,0
412350,0
412357,0
412358,0
412369,0
412413,0
412423,0
412427,0
412429,0
412432,0
412433,0
412446,0
412462,0
412466,0
412467,0
412475,0
412483,0
412485,0
412492,0
412509,0
412518,0
412520,0
412521,0
412524,0
412529,0
412541,0
412542,0
412554,0
412560,0
412566,0
412570,0
412580,0
412583,0
412586,0
412587,0
412625,0
412632,0
412647,0
412656,0
412659,0
412671,0
412673,0
412676,0
412679,0
412680,0
412689,0
412690,0
412695,1
412696,0
412727,0
412735,0
412736,0
412742,0
412761,0
412774,0
412781,0
412782,0
412787,0
412798,0
412809,0
412817,0
412818,0
412824,0
412838,0
412843,0
412848,1
412865,0
412872,0
412876,0
412879,0
412880,0
412882,0
412892,0
412901,1
412917,1
412919,0
412923,0
412940,0
412946,0
412949,0
412951,0
412958,0
412960,0
412966,0
412973,0
412977,0
412979,0
412985,0
412987,0
413003,0
413020,0
413028,0
413037,0
413053,0
413056,0
413060,0
413068,0
413077,0
413080,0
413083,0
413090,0
413098,0
413103,0
413108,0
413133,0
413151,0
413155,0
413156,0
413168,0
413170,0
413171,0
413195,0
413198,0
413203,0
413230,0
413258,0
413264,0
413265,0
413266,0
413268,0
413270,0
413279,0
413282,0
413292,1
413306,0
413313,0
413317,0
413319,0
413329,0
413334,0
413344,0
413348,0
413353,0
413355,0
413357,0
413365,0
413368,0
413369,0
413388,0
413394,1
413399,0
413405,0
413410,0
413431,0
413439,0
413472,0
413485,0
413488,0
413502,1
413513,0
413520,0
413526,0
413530,0
413536,0
413537,0
413539,1
413542,0
413561,0
413569,0
413570,0
413572,0
413587,0
413590,0
413601,0
413610,0
413620,0
413640,0
413659,0
413666,0
413697,0
413703,0
413704,0
413714,0
413717,1
413724,0
413753,0
413775,0
413780,0
413785,0
413786,1
413787,0
413792,0
413805,0
413809,0
413813,0
413817,0
413818,0
413832,0
413833,0
413847,0
413866,0
413901,0
413905,0
413910,0
413911,0
413920,0
413927,0
413935,0
413943,0
413961,0
413963,0
413970,0
413977,0
413979,0
413993,0
414010,0
414011,0
414015,0
414033,0
414034,0
414036,0
414059,0
414066,0
414071,0
414078,0
414080,0
414083,0
414084,0
414091,0
414103,1
414108,0
414114,0
414116,0
414119,0
414120,0
414121,0
414126,0
414134,0
414135,0
414147,0
414152,0
414161,0
414162,0
414164,0
414168,0
414173,1
414180,0
414182,0
414189,0
414190,0
414196,0
414204,0
414210,0
414221,0
414222,0
414223,0
414225,0
414230,0
414232,0
414237,0
414240,1
414242,0
414257,0
414290,0
414294,0
414313,0
414316,1
414327,0
414334,0
414336,0
414340,0
414342,1
414343,0
414348,0
414360,0
414364,0
414374,0
414385,0
414389,0
414390,1
414391,0
414410,0
414415,0
414418,0
414434,0
414438,0
414439,0
414445,0
414447,0
414464,0
414472,0
414473,0
414479,0
414490,0
414491,0
414496,0
414513,0
414515,0
414518,0
414528,0
414534,0
414542,0
414550,0
414587,0
414596,0
414603,0
414610,0
414625,0
414631,0
414633,0
414637,1
414666,0
414668,0
414669,1
414675,1
414680,1
414685,0
414701,0
414702,0
414706,0
414709,0
414721,0
414726,0
414730,0
414732,0
414749,0
414751,0
414760,0
414764,0
414768,0
414772,0
414777,0
414778,0
414790,0
414791,0
414801,0
414807,0
414814,0
414821,0
414824,0
414825,0
414832,0
414835,0
414841,0
414845,0
414848,0
414849,0
414856,0
414860,0
414863,1
414874,1
414875,0
414885,0
414890,0
414896,0
414905,0
414906,0
414917,1
414931,0
414953,0
414959,1
414962,0
414963,0
414965,0
414983,0
414989,0
414993,0
414994,0
415003,0
415010,0
415014,0
415023,0
415027,0
415029,0
415065,0
415125,0
415129,1
415132,0
415142,0
415149,0
415154,0
415162,0
415180,0
415183,0
415197,0
415199,0
415203,0
415217,0
415220,0
415224,0
415228,0
415230,0
415231,0
415237,0
415254,0
415266,0
415276,0
415282,1
415285,0
415288,0
415293,1
415299,0
415305,0
415311,0
415318,0
415324,0
415333,0
415337,0
415340,1
415349,0
415351,0
415352,0
415361,0
415362,0
415366,0
415376,0
415380,0
415381,0
415382,1
415387,0
415388,0
415398,0
415400,0
415416,0
415417,0
415429,0
415431,0
415432,0
415441,0
415458,0
415461,0
415463,0
415464,0
415465,0
415468,0
415471,0
415476,1
415483,0
415492,0
415495,0
415507,0
415526,0
415560,0
415569,0
415575,0
415576,0
415603,0
415605,0
415606,0
415610,0
415613,0
415616,0
415618,0
415622,0
415624,0
415642,0
415645,0
415651,0
415657,0
415667,0
415668,0
415669,0
415673,0
415683,0
415690,0
415696,0
415702,0
415704,0
415728,0
415760,0
415763,0
415766,0
415772,0
415773,1
415784,0
415788,0
415795,0
415803,0
415818,0
415823,0
415827,0
415831,0
415842,0
415845,0
415847,0
415849,0
415852,0
415857,0
415862,0
415875,0
415876,0
415895,0
415903,0
415916,0
415919,0
415921,0
415925,1
415926,0
415928,0
415963,0
415969,0
415970,1
415982,0
415986,0
415987,0
416010,0
416011,0
416015,0
416019,0
416036,1
416047,0
416052,0
416053,0
416055,0
416057,0
416060,0
416079,0
416081,0
416085,0
416091,0
416105,0
416131,0
416135,0
416138,0
416142,0
416152,0
416162,0
416167,0
416180,0
416182,0
416192,0
416196,0
416201,0
416203,0
416206,0
416221,0
416224,0
416231,0
416238,0
416242,0
416246,0
416267,0
416289,0
416304,0
416308,0
416319,0
416322,0
416327,0
416328,0
416335,0
416338,0
416341,0
416348,0
416351,0
416353,0
416360,0
416362,0
416365,1
416371,0
416374,1
416377,0
416384,0
416385,0
416387,0
416388,0
416390,0
416399,0
416405,0
416406,0
416421,0
416423,0
416428,0
416432,0
416434,0
416442,0
416443,0
416447,0
416457,0
416463,0
416467,0
416469,0
416473,0
416490,0
416497,0
416513,0
416515,0
416523,0
416524,0
416527,0
416528,1
416543,0
416561,0
416565,0
416574,0
416575,0
416577,0
416592,1
416596,0
416597,0
416602,0
416605,0
416610,0
416627,0
416628,0
416641,0
416643,0
416644,0
416656,0
416657,0
416670,0
416671,0
416672,0
416687,0
416698,0
416709,0
416711,0
416714,0
416715,0
416724,0
416753,0
416760,0
416766,0
416797,0
416802,0
416809,0
416814,0
416816,0
416817,0
416822,0
416836,0
416839,0
416851,0
416853,1
416855,0
416892,1
416898,0
416911,0
416922,0
416923,0
416934,0
416942,0
416948,0
416954,0
416970,0
416975,0
416985,0
416991,0
416994,0
416995,0
416997,0
417006,0
417008,0
417009,0
417015,0
417035,0
417047,0
417048,0
417053,0
417059,0
417068,0
417075,0
417080,0
417104,0
417109,0
417113,0
417125,0
417129,1
417131,0
417146,1
417162,0
417180,1
417191,0
417203,0
417205,0
417206,0
417210,0
417211,0
417223,0
417224,0
417225,1
417229,0
417233,0
417239,0
417242,0
417248,0
417273,0
417297,0
417298,0
417300,0
417307,0
417308,0
417318,0
417326,0
417328,0
417334,0
417350,0
417359,0
417361,0
417370,0
417371,0
417374,0
417375,0
417379,0
417380,0
417390,0
417399,0
417415,0
417437,0
417459,0
417461,0
417465,1
417468,0
417470,0
417476,0
417477,1
417478,0
417483,0
417486,1
417493,0
417497,0
417502,0
417505,0
417506,0
417507,0
417516,0
417542,0
417543,0
417553,0
417583,1
417584,1
417589,0
417597,0
417598,0
417605,0
417606,0
417608,0
417621,0
417630,0
417633,1
417634,0
417636,0
417644,0
417649,0
417678,0
417686,0
417690,0
417691,0
417696,0
417698,0
417706,0
417708,0
417719,0
417720,0
417724,0
417741,0
417753,0
417758,0
417769,0
417771,0
417774,0
417782,0
417821,0
417825,0
417836,0
417862,1
417877,0
417879,0
417881,0
417887,0
417897,0
417918,0
417919,0
417921,0
417922,0
417928,0
417930,0
417933,0
417936,0
417944,0
417959,0
417964,0
417965,0
417978,0
417979,0
418017,0
418020,0
418023,1
418035,0
418042,1
418044,0
418047,0
418055,0
418064,0
418067,0
418081,0
418088,0
418089,0
418097,0
418099,0
418100,0
418102,0
418105,0
418111,0
418115,0
418130,0
418134,0
418139,0
418141,0
418145,0
418149,0
418156,0
418157,0
418158,1
418163,0
418167,1
418177,0
418182,0
418213,0
418221,0
418223,0
418228,0
418231,0
418249,0
418250,0
418254,0
418255,1
418265,0
418270,0
418271,0
418274,0
418275,0
418280,0
418297,1
418304,0
418308,0
418311,0
418312,0
418313,0
418314,0
418319,0
418326,0
418327,0
418328,0
418329,0
418332,0
418352,1
418375,0
418388,0
418400,0
418410,0
418422,0
418423,0
418426,0
418431,1
418438,0
418461,0
418470,0
418479,0
418480,0
418493,0
418501,0
418529,0
418531,0
418533,0
418535,0
418542,0
418557,1
418583,0
418588,0
418589,0
418594,0
418624,1
418625,0
418629,0
418633,0
418640,1
418642,0
418668,0
418674,0
418678,0
418683,0
418686,0
418691,0
418697,0
418698,0
418701,0
418702,0
418703,0
418706,0
418709,0
418714,0
418717,0
418733,0
418736,0
418740,0
418742,0
418771,0
418778,0
418788,0
418790,0
418791,0
418809,0
418812,0
418815,0
418823,0
418826,0
418828,0
418838,0
418844,1
418845,0
418848,0
418849,1
418867,0
418868,0
418874,0
418885,1
418892,0
418904,0
418905,0
418917,0
418926,0
418937,0
418939,0
418960,0
418967,0
418972,0
418973,0
418990,0
419000,0
419001,0
419002,0
419011,0
419013,1
419017,0
419035,0
419048,0
419051,0
419058,1
419060,0
419062,0
419077,0
419079,1
419089,0
419092,0
419095,0
419099,0
419103,0
419116,0
419119,0
419136,0
419195,0
419196,0
419203,1
419204,0
419221,0
419226,0
419235,0
419259,0
419291,0
419311,0
419312,0
419335,1
419347,0
419355,0
419362,0
419368,0
419376,0
419391,0
419405,0
419409,0
419412,0
419416,0
419441,0
419463,0
419465,0
419476,0
419483,0
419488,0
419493,0
419502,0
419504,0
419510,0
419516,1
419521,0
419524,0
419530,0
419542,0
419544,0
419550,0
419555,0
419562,0
419563,0
419573,0
419577,0
419580,0
419588,0
419605,0
419613,0
419618,0
419634,0
419645,0
419650,1
419660,0
419667,0
419670,0
419673,0
419675,0
419678,0
419682,0
419692,0
419695,0
419710,0
419720,0
419724,0
419726,0
419735,0
419739,0
419742,0
419744,0
419768,0
419773,0
419776,0
419777,0
419780,0
419781,0
419809,1
419813,0
419861,0
419892,0
419897,0
419898,0
419900,0
419915,1
419918,0
419921,0
419923,0
419926,0
419932,0
419933,0
419935,1
419942,0
419947,1
419959,0
419970,0
419971,0
419976,1
419978,0
419989,0
419995,0
420002,0
420006,0
420015,1
420031,0
420042,0
420046,0
420054,0
420059,0
420068,0
420071,0
420104,0
420120,0
420121,0
420130,0
420141,0
420144,0
420168,0
420172,0
420176,0
420181,0
420185,0
420198,0
420215,1
420224,0
420229,0
420231,0
420238,0
420257,0
420303,0
420311,0
420342,0
420369,0
420370,0
420371,0
420392,0
420396,0
420412,0
420424,1
420434,0
420437,0
420447,0
420454,0
420461,0
420462,0
420467,0
420468,0
420472,0
420478,0
420480,0
420497,0
420499,0
420500,0
420503,0
420504,0
420512,1
420523,0
420527,0
420537,0
420538,0
420540,0
420541,0
420545,0
420546,0
420550,0
420553,0
420557,0
420558,0
420568,0
420578,0
420584,0
420588,0
420592,0
420606,0
420641,0
420643,0
420644,0
420647,0
420653,0
420661,0
420676,0
420703,0
420707,0
420708,0
420712,0
420722,0
420734,0
420736,0
420754,1
420765,0
420773,0
420777,0
420779,1
420783,0
420791,0
420807,0
420808,1
420812,0
420820,0
420821,0
420823,0
420827,0
420831,0
420846,0
420865,0
420895,0
420907,0
420929,0
420933,0
420935,0
420936,0
420943,0
420956,0
420959,0
420982,0
420993,0
420994,0
421005,0
421016,0
421023,0
421024,0
421028,0
421031,0
421032,0
421034,0
421035,0
421041,0
421045,0
421053,0
421057,0
421058,0
421062,0
421069,0
421078,0
421083,0
421089,0
421092,0
421093,0
421104,0
421107,0
421108,0
421116,0
421118,0
421123,0
421126,0
421127,0
421129,0
421132,0
421133,0
421144,0
421155,0
421159,0
421160,0
421168,0
421171,0
421184,0
421189,0
421191,0
421195,0
421197,0
421204,0
421208,0
421233,0
421238,0
421244,0
421246,0
421255,0
421260,0
421267,0
421270,1
421286,0
421291,0
421292,0
421300,0
421306,0
421313,0
421338,0
421339,0
421352,0
421357,0
421358,1
421369,0
421376,0
421377,0
421380,0
421387,0
421388,0
421404,0
421407,1
421414,0
421420,0
421424,0
421429,1
421435,0
421439,1
421450,0
421466,0
421471,0
421477,1
421486,0
421490,0
421493,0
421504,0
421520,0
421531,1
421533,0
421543,0
421573,0
421580,0
421582,0
421604,0
421605,0
421606,0
421609,0
421610,0
421611,1
421621,0
421622,0
421624,0
421627,0
421629,0
421631,1
421633,0
421652,0
421661,0
421671,0
421681,0
421682,0
421699,0
421706,0
421708,0
421709,0
421719,0
421720,1
421724,0
421730,0
421735,0
421746,0
421747,0
421748,0
421755,0
421773,0
421786,0
421790,0
421793,0
421795,0
421800,0
421808,0
421835,0
421853,0
421859,0
421867,0
421870,1
421871,0
421873,1
421877,0
421889,0
421890,1
421900,0
421902,0
421904,0
421910,0
421923,0
421927,0
421929,0
421931,0
421946,0
421947,0
421950,0
421952,0
421957,0
421967,0
422013,0
422023,0
422024,0
422026,0
422032,0
422033,0
422034,0
422036,0
422038,0
422087,0
422088,0
422093,0
422098,0
422107,0
422115,0
422118,0
422141,0
422145,0
422182,0
422183,0
422185,0
422191,0
422195,0
422201,0
422203,0
422211,0
422215,0
422218,0
422221,0
422222,0
422225,0
422232,0
422238,0
422243,0
422245,0
422247,0
422251,0
422254,0
422275,0
422276,0
422281,0
422286,0
422294,0
422296,1
422311,0
422312,0
422322,0
422323,0
422324,0
422330,0
422333,0
422334,0
422340,0
422342,0
422348,0
422362,0
422366,0
422378,0
422390,0
422393,0
422404,0
422405,0
422439,0
422441,0
422445,1
422446,0
422447,0
422460,0
422470,0
422471,0
422479,0
422488,0
422489,0
422490,0
422497,0
422505,0
422507,0
422528,0
422532,0
422562,0
422573,0
422575,0
422580,0
422592,0
422601,0
422607,0
422613,0
422614,0
422615,0
422617,0
422627,0
422628,0
422631,0
422637,0
422644,0
422645,0
422649,0
422654,0
422656,0
422681,0
422686,0
422688,0
422716,0
422720,0
422762,0
422764,0
422765,1
422770,0
422771,0
422772,0
422787,0
422817,0
422822,0
422826,0
422830,0
422835,0
422838,0
422855,0
422861,0
422865,0
422866,0
422870,0
422876,0
422878,0
422881,0
422886,0
422889,0
422900,0
422905,0
422907,0
422913,0
422916,0
422919,0
422924,0
422928,0
422930,0
422932,0
422936,1
422949,0
422959,0
422961,0
422967,0
422981,0
422983,1
422988,0
422992,0
423012,0
423018,0
423023,0
423031,0
423038,0
423045,0
423047,0
423051,0
423090,1
423102,0
423103,0
423113,0
423127,0
423129,0
423160,0
423162,0
423165,0
423167,0
423169,0
423171,0
423182,0
423183,0
423184,0
423185,0
423190,0
423196,0
423198,0
423200,0
423202,0
423209,0
423217,0
423218,0
423233,0
423251,0
423255,0
423256,0
423264,1
423274,0
423276,0
423277,0
423290,0
423305,1
423308,0
423318,0
423319,0
423325,0
423331,1
423335,0
423342,0
423344,0
423352,0
423354,0
423361,0
423365,0
423372,0
423375,0
423385,0
423388,0
423391,0
423401,0
423404,0
423412,0
423422,0
423427,0
423433,0
423443,0
423452,0
423457,0
423462,0
423475,0
423480,0
423484,1
423501,0
423513,0
423516,0
423527,1
423528,0
423530,0
423545,0
423550,0
423552,0
423556,0
423565,0
423575,1
423579,0
423581,0
423585,0
423595,0
423611,0
423618,0
423623,0
423660,0
423673,0
423684,0
423744,0
423745,0
423761,0
423764,0
423767,0
423770,0
423781,0
423785,0
423790,0
423795,0
423796,0
423809,0
423816,0
423824,0
423828,0
423850,0
423851,0
423861,0
423868,0
423880,0
423887,0
423891,0
423901,0
423908,0
423910,0
423914,0
423915,0
423934,0
423953,1
423963,0
423967,1
423971,0
423984,0
423985,0
424017,0
424020,0
424025,0
424026,0
424040,0
424046,0
424050,0
424054,0
424057,1
424076,1
424087,0
424096,0
424140,1
424148,0
424164,0
424169,0
424172,1
424173,0
424184,0
424193,0
424195,0
424204,0
424206,0
424210,0
424217,0
424238,0
424240,0
424243,0
424247,0
424269,0
424279,0
424283,0
424293,0
424296,0
424301,0
424304,0
424314,0
424328,0
424334,0
424341,0
424368,0
424369,0
424378,0
424379,0
424380,0
424384,0
424385,0
424395,0
424413,0
424415,0
424427,0
424434,0
424437,0
424443,0
424449,0
424452,0
424458,0
424462,0
424466,0
424469,0
424483,0
424496,0
424506,0
424520,0
424525,0
424533,0
424536,0
424544,0
424545,0
424550,0
424553,0
424555,0
424567,0
424577,0
424581,0
424584,1
424589,0
424591,0
424594,0
424600,0
424601,0
424613,0
424617,0
424629,0
424634,0
424647,0
424650,0
424667,0
424669,0
424673,0
424674,0
424692,0
424693,0
424720,0
424726,0
424728,0
424729,0
424737,0
424738,0
424754,0
424756,0
424761,0
424769,0
424774,0
424795,0
424798,0
424814,0
424858,0
424859,0
424862,0
424864,0
424865,0
424866,0
424867,0
424868,0
424872,0
424878,0
424880,0
424899,0
424913,0
424914,0
424916,0
424917,0
424918,0
424920,0
424923,0
424924,0
424927,0
424930,0
424935,0
424938,0
424991,1
425001,1
425002,0
425007,0
425008,0
425009,0
425010,0
425023,0
425025,0
425055,0
425058,0
425061,0
425078,0
425080,0
425081,0
425082,0
425089,0
425094,0
425098,0
425103,0
425115,0
425128,0
425129,0
425141,0
425149,0
425150,0
425152,0
425163,0
425167,0
425174,1
425177,0
425182,1
425186,0
425193,0
425194,0
425197,0
425202,0
425213,0
425216,0
425222,0
425224,0
425246,0
425248,0
425262,0
425264,0
425280,0
425284,0
425287,0
425298,1
425310,0
425316,0
425322,0
425332,0
425339,0
425347,0
425349,0
425350,0
425352,0
425353,0
425355,0
425361,0
425362,0
425386,0
425466,0
425470,0
425484,1
425485,0
425489,0
425493,0
425494,0
425498,0
425499,1
425504,0
425519,0
425524,0
425528,0
425550,0
425551,0
425555,0
425558,1
425562,0
425567,0
425570,0
425573,0
425577,0
425593,0
425594,0
425596,0
425603,0
425608,0
425609,0
425627,0
425631,0
425642,0
425647,0
425660,0
425673,1
425690,0
425693,0
425696,0
425701,0
425704,0
425715,0
425718,0
425721,0
425722,0
425729,0
425740,0
425745,1
425746,0
425748,0
425756,0
425757,0
425761,0
425782,0
425789,0
425790,0
425792,0
425808,0
425814,1
425823,0
425825,0
425826,0
425834,0
425836,0
425850,0
425856,0
425857,0
425863,0
425864,0
425868,1
425870,1
425888,0
425892,0
425896,0
425907,0
425917,0
425918,0
425920,0
425924,0
425935,0
425942,0
425963,0
425980,0
425984,0
425990,0
426000,0
426003,0
426012,1
426023,0
426029,0
426058,0
426064,0
426076,0
426078,0
426083,0
426087,0
426088,0
426089,0
426093,0
426096,0
426097,0
426099,0
426108,0
426109,0
426110,0
426118,0
426128,0
426143,0
426145,0
426149,0
426150,0
426157,0
426166,0
426171,0
426176,0
426195,0
426204,0
426211,0
426215,0
426216,0
426218,0
426219,0
426220,0
426221,0
426225,0
426241,0
426242,0
426251,0
426259,0
426264,0
426270,1
426286,0
426291,0
426292,0
426294,0
426300,0
426305,1
426323,0
426335,0
426336,0
426353,0
426357,0
426365,0
426369,0
426381,0
426399,0
426402,0
426406,0
426410,0
426423,0
426430,0
426438,0
426445,0
426446,0
426447,0
426449,0
426450,0
426464,0
426470,0
426472,0
426483,0
426490,1
426493,1
426504,0
426505,0
426514,0
426516,0
426517,0
426519,0
426529,1
426535,0
426537,0
426552,1
426565,0
426569,0
426595,0
426610,0
426640,0
426641,0
426643,0
426652,0
426653,0
426666,0
426667,0
426671,0
426687,0
426693,0
426694,1
426697,0
426716,0
426735,0
426737,0
426749,1
426752,0
426761,1
426765,1
426770,0
426780,0
426788,1
426795,0
426811,0
426815,0
426817,0
426824,0
426843,0
426844,0
426847,0
426848,0
426858,0
426861,0
426865,0
426867,0
426870,0
426879,0
426880,0
426888,0
426892,0
426903,0
426905,0
426915,0
426925,0
426926,0
426927,0
426934,0
426937,0
426940,0
426951,0
426953,0
426965,0
426973,0
426975,0
426978,0
426981,0
426989,0
426991,0
427001,0
427006,0
427014,0
427027,0
427039,0
427047,0
427049,0
427068,0
427092,0
427098,0
427102,0
427119,0
427170,0
427175,0
427190,0
427193,0
427206,0
427210,0
427212,0
427226,0
427246,1
427250,0
427265,0
427275,0
427277,0
427278,0
427281,1
427282,0
427284,0
427286,0
427291,1
427296,1
427299,0
427309,0
427332,0
427336,0
427338,0
427343,0
427361,0
427392,1
427395,0
427402,0
427406,0
427414,0
427416,0
427432,0
427433,0
427437,0
427441,0
427443,0
427448,0
427456,0
427459,0
427483,0
427484,0
427486,0
427491,1
427498,0
427500,0
427515,0
427516,0
427527,0
427532,0
427541,0
427542,0
427543,0
427550,0
427551,0
427564,0
427570,0
427576,1
427579,0
427582,0
427587,0
427591,0
427600,0
427606,0
427610,0
427616,0
427623,0
427624,0
427629,0
427630,0
427675,1
427686,0
427689,0
427696,1
427702,0
427704,0
427723,0
427735,0
427746,0
427754,0
427758,0
427760,0
427761,0
427770,0
427774,1
427784,0
427785,0
427788,0
427792,0
427797,0
427803,0
427805,0
427806,1
427807,0
427813,0
427815,0
427823,0
427829,0
427845,0
427849,0
427850,1
427859,0
427877,0
427883,0
427887,0
427892,0
427895,0
427898,0
427906,0
427908,1
427909,0
427924,0
427928,0
427930,0
427932,0
427936,1
427942,0
427956,0
427959,0
427989,0
427991,0
427993,0
427997,0
428013,0
428016,0
428018,0
428038,0
428041,0
428042,0
428064,0
428067,0
428072,0
428074,0
428086,0
428088,1
428089,0
428108,0
428116,0
428118,0
428121,1
428124,1
428139,0
428151,0
428153,0
428171,0
428173,0
428180,0
428193,1
428251,0
428255,0
428268,0
428270,0
428274,0
428277,0
428284,1
428289,0
428297,0
428303,0
428318,0
428321,0
428327,0
428335,0
428339,0
428363,0
428371,0
428374,0
428381,0
428389,0
428393,0
428399,0
428402,0
428403,0
428413,0
428442,0
428446,0
428448,0
428454,0
428458,0
428460,0
428461,0
428468,0
428475,0
428480,0
428483,0
428484,0
428489,0
428495,1
428512,0
428522,0
428526,0
428528,1
428535,1
428536,0
428549,0
428557,0
428566,0
428570,1
428580,0
428591,0
428592,0
428599,0
428601,0
428620,1
428624,0
428643,1
428664,0
428665,0
428668,0
428675,0
428683,0
428687,0
428697,0
428700,0
428706,0
428711,0
428720,0
428731,0
428739,0
428741,0
428742,0
428746,0
428749,0
428760,0
428763,0
428773,0
428776,0
428781,0
428784,0
428786,0
428787,0
428811,0
428831,0
428835,0
428841,0
428846,0
428849,0
428861,0
428883,0
428890,0
428893,0
428894,0
428899,0
428900,0
428929,0
428937,1
428942,0
428949,0
428951,0
428966,0
428971,0
428977,0
428993,0
428997,0
429010,0
429012,0
429013,0
429014,0
429033,0
429036,0
429038,0
429039,0
429043,0
429049,1
429061,0
429071,0
429088,0
429089,0
429095,0
429106,0
429107,0
429112,0
429113,0
429116,0
429119,0
429131,0
429139,0
429140,0
429144,0
429145,0
429153,0
429159,0
429163,0
429165,0
429168,0
429174,0
429185,0
429188,0
429189,0
429198,0
429203,0
429205,0
429216,0
429217,0
429233,0
429235,0
429242,0
429251,0
429262,0
429263,0
429275,0
429281,0
429284,0
429289,0
429306,0
429307,0
429313,0
429319,0
429339,0
429346,0
429352,0
429369,0
429370,0
429379,0
429382,0
429396,1
429403,0
429411,0
429418,0
429431,0
429436,0
429448,0
429450,0
429464,0
429468,0
429470,0
429474,0
429475,0
429504,0
429505,0
429515,0
429525,0
429544,0
429583,0
429584,0
429586,0
429594,0
429596,0
429599,1
429617,0
429619,0
429633,0
429638,0
429663,0
429687,0
429691,0
429692,0
429699,0
429700,0
429707,0
429715,0
429716,0
429729,0
429738,0
429764,0
429808,1
429812,0
429817,0
429824,0
429828,0
429833,0
429836,0
429839,0
429887,0
429892,0
429894,1
429900,0
429907,0
429915,0
429920,0
429921,0
429925,0
429947,0
429949,0
429956,0
429960,0
429961,0
429973,0
429975,0
429976,0
430002,0
430007,0
430028,0
430037,0
430040,0
430061,0
430066,0
430070,0
430100,0
430106,0
430108,0
430112,1
430121,0
430125,0
430127,0
430130,0
430138,1
430143,0
430145,0
430153,0
430165,0
430188,0
430191,0
430192,0
430194,0
430199,1
430208,0
430214,0
430221,0
430224,0
430232,0
430269,1
430283,0
430290,0
430293,0
430314,0
430321,1
430327,0
430328,0
430329,0
430348,0
430363,0
430367,0
430380,0
430387,0
430396,0
430401,0
430411,0
430419,0
430420,0
430423,0
430432,0
430439,0
430455,0
430471,0
430495,0
430497,1
430502,0
430507,0
430513,1
430515,0
430526,0
430551,0
430557,0
430562,0
430594,1
430597,0
430599,0
430602,0
430605,0
430613,0
430615,0
430617,0
430618,0
430620,0
430623,1
430626,0
430630,0
430635,0
430644,0
430663,0
430669,1
430670,0
430678,0
430682,0
430684,0
430688,0
430690,0
430692,0
430701,0
430702,0
430706,0
430710,0
430717,0
430721,0
430734,0
430740,0
430742,0
430745,0
430758,0
430762,0
430766,0
430784,0
430790,0
430798,0
430807,0
430809,0
430812,0
430823,0
430825,0
430840,1
430850,0
430868,0
430873,1
430878,0
430880,0
430898,0
430909,0
430917,0
430923,0
430928,0
430930,0
430933,1
430934,0
430941,0
430943,0
430959,0
430972,1
430994,0
430995,0
430999,0
431017,0
431020,0
431025,0
431033,0
431035,0
431037,0
431061,0
431075,0
431076,0
431078,0
431079,0
431087,0
431093,0
431101,0
431111,0
431127,0
431130,0
431145,1
431165,0
431178,0
431179,0
431190,0
431201,0
431218,0
431223,0
431228,0
431234,0
431253,0
431258,0
431259,0
431265,1
431269,0
431275,0
431276,0
431280,0
431281,0
431293,0
431299,0
431301,0
431304,0
431306,0
431310,0
431314,0
431324,0
431328,0
431335,0
431341,0
431344,0
431346,0
431381,0
431389,0
431403,0
431410,0
431414,0
431423,0
431426,0
431438,0
431441,0
431453,0
431455,0
431472,0
431474,0
431485,0
431491,0
431494,0
431505,0
431512,0
431537,0
431548,0
431565,1
431566,0
431573,0
431576,0
431581,0
431589,0
431596,0
431603,0
431612,1
431613,0
431614,0
431615,0
431621,0
431623,0
431634,0
431644,0
431646,0
431655,0
431656,0
431664,1
431666,0
431671,0
431674,0
431679,0
431688,0
431695,0
431700,0
431704,0
431706,1
431708,0
431715,0
431719,0
431723,0
431736,0
431739,0
431746,0
431753,1
431762,0
431763,0
431764,1
431771,0
431772,0
431774,0
431783,0
431785,0
431795,0
431800,0
431806,0
431811,0
431814,1
431817,0
431820,0
431824,0
431834,0
431852,0
431856,0
431859,0
431862,0
431872,0
431880,0
431888,0
431892,0
431893,0
431907,0
431908,0
431924,0
431930,0
431938,0
431951,0
431955,0
431972,0
431980,0
432000,0
432001,0
432004,0
432008,1
432016,0
432023,0
432026,0
432036,0
432038,0
432040,0
432048,0
432056,0
432059,0
432068,0
432071,1
432084,0
432087,0
432088,0
432090,0
432091,0
432114,0
432134,0
432140,0
432141,0
432144,0
432149,0
432168,0
432173,0
432177,0
432179,0
432187,0
432211,0
432230,0
432237,0
432244,0
432245,1
432267,0
432273,0
432283,0
432322,0
432332,0
432337,0
432340,0
432344,0
432352,0
432363,0
432371,0
432372,0
432374,0
432375,0
432381,0
432382,0
432388,0
432397,0
432401,0
432404,0
432428,0
432430,0
432440,0
432463,0
432466,0
432469,0
432493,0
432512,0
432524,0
432566,0
432575,0
432578,0
432598,0
432601,0
432602,0
432617,0
432637,0
432643,0
432649,0
432652,0
432656,0
432669,0
432689,0
432690,0
432692,0
432704,0
432713,0
432720,0
432722,0
432731,0
432732,0
432733,0
432747,0
432759,0
432760,0
432772,0
432774,0
432801,0
432808,0
432815,0
432828,0
432844,0
432845,0
432856,0
432857,0
432858,0
432859,0
432860,0
432864,0
432866,0
432867,1
432871,0
432879,0
432885,0
432887,0
432896,0
432909,0
432931,0
432946,0
432949,0
432956,0
432982,0
432989,0
433000,0
433001,1
433025,0
433027,0
433029,0
433038,0
433041,0
433052,0
433054,0
433064,0
433065,0
433073,0
433074,1
433080,0
433101,0
433107,0
433109,0
433110,0
433118,0
433121,0
433127,0
433129,0
433139,0
433144,0
433145,0
433148,0
433157,0
433165,0
433176,0
433182,0
433193,0
433194,0
433204,0
433214,0
433219,0
433220,1
433236,0
433237,0
433247,0
433251,0
433254,0
433263,0
433277,0
433286,0
433290,0
433303,1
433307,0
433309,0
433315,0
433316,0
433321,0
433322,0
433326,0
433327,0
433328,0
433331,0
433335,0
433336,0
433337,0
433338,0
433346,0
433362,0
433375,0
433376,0
433378,0
433387,0
433398,0
433402,1
433416,0
433434,0
433439,0
433447,0
433449,0
433466,0
433467,0
433471,0
433487,1
433500,0
433501,0
433506,0
433508,0
433510,0
433521,0
433534,0
433536,0
433537,0
433538,0
433544,0
433550,0
433553,0
433554,0
433555,0
433556,0
433571,0
433578,0
433581,0
433586,1
433597,0
433603,0
433610,0
433615,0
433627,0
433632,0
433636,1
433642,1
433643,1
433645,1
433646,0
433664,0
433672,0
433675,0
433676,0
433683,0
433696,0
433703,0
433707,0
433710,0
433718,0
433737,0
433751,0
433755,0
433758,0
433773,0
433791,0
433793,0
433808,0
433815,0
433824,0
433826,0
433830,0
433834,0
433838,0
433847,0
433850,0
433869,0
433902,0
433907,0
433909,0
433910,0
433911,0
433918,0
433919,0
433920,0
433934,0
433937,0
433942,0
433943,0
433945,0
433974,0
433980,1
433982,0
433989,0
434000,0
434001,0
434003,1
434013,0
434014,1
434044,0
434045,0
434062,0
434063,0
434066,0
434074,0
434077,1
434079,0
434081,0
434085,0
434092,0
434093,0
434095,0
434100,0
434101,0
434102,0
434105,0
434110,0
434114,0
434115,1
434118,0
434124,0
434125,1
434128,0
434131,0
434134,0
434135,0
434148,0
434152,0
434154,0
434158,0
434162,0
434175,0
434191,0
434199,0
434202,0
434207,0
434213,0
434218,0
434219,0
434233,0
434236,0
434237,0
434242,0
434247,0
434249,0
434250,0
434254,0
434260,0
434265,0
434269,0
434270,0
434281,0
434286,0
434297,0
434311,0
434315,0
434329,1
434330,0
434337,0
434338,0
434344,0
434345,0
434346,0
434352,0
434371,0
434374,0
434377,0
434379,0
434382,0
434403,0
434405,0
434417,0
434419,0
434422,0
434424,0
434435,0
434437,0
434438,0
434450,0
434452,0
434456,0
434458,0
434464,0
434470,0
434475,0
434480,1
434484,0
434488,0
434491,0
434494,0
434497,0
434503,0
434512,0
434513,1
434523,0
434527,0
434530,0
434543,0
434552,0
434560,0
434575,0
434580,0
434590,0
434602,0
434623,0
434629,0
434631,0
434637,0
434638,0
434649,0
434650,0
434667,0
434686,0
434692,0
434701,0
434706,0
434720,0
434728,0
434744,0
434749,0
434753,0
434755,0
434758,0
434781,0
434823,0
434827,1
434828,0
434836,0
434844,0
434846,0
434847,0
434849,0
434868,0
434877,0
434879,0
434881,0
434885,0
434892,0
434893,0
434901,0
434912,0
434914,0
434926,0
434945,0
434964,0
434973,0
434981,0
434984,0
434985,0
434990,0
434997,0
435000,0
435001,0
435028,1
435036,0
435038,1
435045,0
435047,0
435050,1
435059,0
435072,0
435077,0
435113,1
435121,0
435135,0
435146,0
435152,0
435166,0
435182,1
435183,1
435187,1
435188,0
435200,0
435211,0
435241,0
435246,0
435254,0
435257,0
435261,0
435266,0
435268,0
435295,0
435297,0
435298,0
435306,0
435307,0
435310,0
435313,0
435317,0
435321,0
435335,0
435340,0
435343,0
435344,0
435345,0
435351,0
435353,0
435355,0
435357,0
435370,1
435371,0
435373,0
435386,0
435390,0
435396,0
435397,0
435402,0
435421,0
435424,0
435431,0
435433,0
435448,0
435459,0
435496,0
435504,0
435512,0
435520,0
435523,0
435524,0
435525,0
435526,0
435542,0
435545,0
435546,0
435549,0
435554,1
435560,0
435566,0
435571,0
435575,0
435586,0
435592,0
435596,0
435605,0
435619,1
435627,0
435631,0
435633,0
435637,0
435641,0
435648,0
435649,0
435657,0
435658,0
435673,0
435684,0
435690,0
435691,0
435692,0
435694,0
435702,0
435710,0
435720,0
435723,0
435750,0
435752,0
435753,0
435761,0
435762,0
435768,0
435795,0
435813,0
435839,0
435846,0
435854,1
435855,0
435866,0
435871,1
435877,0
435878,0
435887,0
435889,0
435894,1
435896,0
435898,0
435900,0
435904,0
435907,0
435935,0
435949,0
435951,0
435961,0
435964,0
435970,0
435972,0
435973,0
435978,0
435985,0
435989,0
435995,0
436014,0
436018,0
436027,0
436030,0
436050,1
436057,0
436066,0
436070,0
436073,0
436089,0
436101,0
436102,0
436103,0
436106,0
436116,0
436125,0
436137,0
436138,0
436149,1
436150,0
436151,0
436164,0
436177,0
436181,0
436185,0
436192,0
436202,0
436214,0
436221,0
436225,0
436237,0
436248,0
436249,0
436263,0
436267,0
436269,0
436273,0
436288,1
436290,0
436294,0
436296,0
436309,0
436310,0
436317,0
436319,0
436325,0
436326,0
436328,0
436337,1
436340,1
436346,0
436367,0
436371,0
436391,0
436405,0
436407,0
436408,0
436409,0
436411,0
436413,0
436414,1
436418,0
436425,1
436440,0
436443,0
436447,0
436452,0
436453,0
436460,0
436466,0
436477,0
436482,0
436484,0
436492,0
436493,0
436498,0
436504,0
436516,1
436517,0
436518,0
436541,0
436557,0
436559,0
436566,0
436574,0
436582,0
436591,0
436606,0
436617,0
436630,0
436641,0
436654,0
436659,0
436664,0
436677,0
436690,0
436696,0
436697,0
436705,1
436710,0
436719,1
436727,0
436742,0
436743,0
436746,0
436751,0
436768,1
436782,0
436784,0
436794,0
436795,0
436808,0
436816,0
436824,0
436825,0
436829,0
436834,0
436837,0
436848,0
436852,0
436854,0
436859,0
436861,0
436866,0
436876,0
436883,0
436887,0
436898,0
436903,0
436909,0
436914,0
436916,0
436919,0
436920,0
436924,0
436932,0
436950,0
436953,0
436965,0
436966,0
436978,0
436979,0
436980,0
436986,0
436991,0
436993,0
436994,0
436997,0
436998,0
436999,0
437002,0
437026,0
437028,0
437031,0
437032,0
437040,0
437042,0
437048,0
437052,0
437086,0
437093,0
437096,0
437100,0
437102,0
437103,0
437111,0
437118,0
437120,0
437137,0
437162,1
437164,1
437166,0
437170,0
437187,0
437191,0
437227,0
437237,0
437242,0
437248,0
437281,0
437296,0
437298,1
437300,0
437309,0
437315,0
437318,0
437320,0
437339,0
437349,0
437376,0
437381,0
437405,0
437416,1
437417,1
437423,0
437424,0
437429,0
437432,0
437433,0
437437,0
437452,0
437453,0
437468,0
437470,0
437490,0
437498,0
437533,1
437534,0
437539,0
437540,0
437541,0
437544,0
437545,0
437555,0
437558,0
437570,0
437576,0
437598,0
437599,0
437618,0
437620,1
437627,0
437647,0
437648,0
437655,0
437657,0
437662,0
437667,0
437679,0
437692,0
437693,0
437705,0
437721,0
437731,0
437734,0
437736,0
437742,1
437746,0
437748,0
437751,0
437767,0
437781,1
437793,0
437805,1
437806,0
437818,0
437821,0
437833,1
437834,0
437836,0
437837,0
437842,0
437851,0
437855,1
437857,0
437871,0
437891,0
437894,0
437895,0
437898,0
437899,0
437904,0
437907,1
437917,1
437920,0
437929,0
437930,0
437944,0
437949,0
437957,0
437964,0
437969,0
437971,0
437981,0
437992,0
438002,0
438015,0
438023,0
438024,1
438028,0
438033,1
438036,0
438037,0
438049,0
438053,0
438056,0
438070,0
438075,0
438076,0
438081,0
438095,0
438099,0
438106,0
438112,0
438113,0
438115,0
438123,0
438125,0
438133,0
438139,0
438145,1
438157,0
438169,0
438179,0
438182,0
438186,0
438189,0
438194,0
438198,0
438199,0
438200,0
438202,0
438208,0
438212,0
438214,0
438226,0
438227,1
438230,0
438232,0
438239,0
438241,0
438249,0
438261,0
438278,0
438289,1
438298,0
438311,0
438321,0
438324,1
438328,0
438330,0
438332,0
438334,0
438335,0
438340,1
438343,0
438351,0
438354,0
438357,0
438372,0
438376,0
438388,0
438397,0
438412,0
438413,0
438416,0
438417,0
438419,0
438447,0
438453,0
438455,0
438459,0
438468,1
438472,0
438476,0
438479,0
438484,0
438490,0
438492,0
438493,0
438497,1
438504,0
438505,1
438522,0
438523,0
438531,0
438533,0
438535,0
438538,0
438540,1
438565,0
438569,0
438583,0
438588,0
438589,0
438591,1
438603,0
438607,0
438619,0
438627,1
438635,0
438636,0
438637,0
438638,0
438639,1
438642,0
438648,0
438656,0
438674,0
438690,0
438709,0
438711,0
438722,0
438726,0
438730,0
438737,0
438739,0
438744,0
438763,0
438767,1
438775,0
438779,0
438785,0
438791,0
438793,0
438804,0
438805,0
438807,0
438810,0
438813,0
438817,0
438827,0
438831,0
438835,0
438840,1
438845,0
438847,0
438853,0
438859,0
438860,0
438865,0
438871,0
438879,0
438887,0
438890,0
438895,0
438899,0
438901,0
438905,0
438907,0
438909,0
438913,0
438919,0
438922,0
438924,0
438926,0
438933,0
438939,0
438943,0
438946,0
438961,0
438963,0
438966,1
438967,0
438984,0
438993,0
438997,0
438998,0
439003,0
439004,0
439006,0
439007,0
439009,0
439012,0
439018,1
439024,0
439034,0
439038,0
439039,1
439053,0
439058,0
439059,0
439066,0
439086,1
439091,0
439092,0
439102,0
439105,0
439112,0
439116,1
439133,0
439134,0
439138,0
439148,0
439161,1
439162,0
439170,0
439178,0
439181,0
439184,0
439186,0
439188,0
439194,0
439196,0
439199,0
439201,0
439203,0
439211,0
439217,0
439223,0
439224,0
439226,0
439228,0
439237,0
439246,1
439250,0
439256,0
439260,0
439261,0
439271,0
439274,0
439301,0
439314,0
439318,0
439322,0
439331,0
439340,0
439344,0
439345,0
439348,0
439352,0
439364,0
439375,0
439383,0
439409,0
439410,0
439417,0
439432,0
439437,0
439440,0
439441,0
439443,0
439449,1
439456,0
439467,0
439474,1
439475,0
439481,0
439490,1
439496,0
439510,0
439521,0
439529,0
439531,0
439532,0
439536,0
439538,1
439541,0
439543,0
439556,0
439569,1
439570,0
439578,0
439581,0
439589,0
439597,0
439598,0
439599,0
439624,0
439628,0
439631,0
439635,0
439640,0
439645,0
439647,0
439648,0
439649,0
439658,0
439663,0
439671,0
439683,0
439685,0
439699,0
439708,0
439711,0
439744,0
439753,0
439759,0
439770,0
439785,0
439796,0
439804,0
439812,0
439815,0
439819,0
439828,0
439836,0
439838,0
439840,0
439849,0
439861,0
439864,1
439866,0
439893,1
439897,0
439903,0
439905,1
439910,0
439913,0
439915,0
439932,0
439941,0
439946,0
439949,0
439952,0
439954,0
439958,0
439967,0
439972,0
439981,0
439982,0
439996,0
439999,0
440010,0
440027,0
440032,0
440056,0
440058,0
440060,0
440061,0
440065,0
440111,0
440112,0
440114,1
440115,0
440132,0
440137,0
440142,0
440161,1
440164,0
440175,0
440178,1
440187,0
440198,0
440211,0
440235,0
440237,0
440240,0
440246,1
440250,0
440251,0
440255,0
440256,0
440257,0
440258,0
440264,0
440269,0
440270,0
440286,0
440295,0
440298,0
440304,0
440312,0
440328,0
440330,0
440345,0
440353,0
440360,0
440361,0
440367,0
440371,0
440375,1
440376,0
440389,0
440391,0
440410,0
440429,0
440434,0
440436,0
440437,0
440444,0
440457,0
440477,0
440483,0
440486,0
440489,0
440494,0
440504,0
440514,0
440517,0
440520,0
440529,0
440531,0
440557,0
440571,0
440575,1
440578,0
440595,0
440599,0
440614,0
440618,0
440621,0
440622,1
440625,1
440636,0
440648,0
440656,0
440659,0
440666,0
440668,0
440670,0
440672,0
440679,0
440683,0
440687,0
440688,0
440692,0
440693,0
440696,0
440712,0
440717,1
440725,0
440728,0
440733,0
440736,0
440744,0
440751,0
440754,0
440761,0
440766,0
440776,1
440780,0
440781,1
440785,0
440794,1
440795,0
440797,0
440805,0
440808,0
440818,0
440820,0
440828,1
440838,0
440839,0
440840,0
440844,0
440855,1
440860,0
440875,0
440880,0
440882,0
440885,0
440905,0
440914,0
440917,0
440929,0
440930,0
440942,0
440943,0
440944,0
440962,1
441006,0
441009,0
441018,0
441020,0
441029,0
441031,0
441044,0
441057,0
441073,0
441080,0
441093,1
441097,0
441100,0
441102,0
441106,0
441112,0
441130,1
441135,0
441140,0
441145,0
441158,0
441160,0
441162,0
441165,0
441176,0
441181,0
441198,1
441201,0
441210,0
441212,0
441254,0
441258,0
441277,0
441287,0
441302,0
441303,1
441310,0
441311,0
441320,0
441326,0
441337,0
441339,0
441358,0
441367,1
441389,0
441394,0
441398,0
441406,0
441410,0
441432,0
441435,0
441439,0
441443,0
441449,1
441451,0
441461,0
441483,0
441516,0
441526,0
441529,0
441531,0
441533,0
441540,0
441552,0
441554,0
441569,0
441574,0
441596,0
441601,0
441616,0
441620,0
441625,0
441626,0
441632,0
441645,1
441664,0
441676,0
441687,0
441697,0
441710,0
441713,0
441719,0
441726,0
441734,0
441744,0
441745,0
441746,0
441751,0
441765,0
441767,1
441768,0
441779,0
441781,1
441784,1
441790,0
441794,0
441797,0
441800,0
441804,0
441813,0
441817,0
441821,0
441823,0
441826,0
441831,0
441834,0
441837,1
441838,0
441843,0
441850,0
441851,0
441870,0
441873,0
441882,0
441903,0
441906,0
441912,0
441918,0
441929,0
441930,0
441945,0
441952,0
441953,0
441970,0
441975,1
441978,0
441985,0
441991,0
442020,0
442022,1
442023,0
442034,0
442043,0
442056,0
442069,0
442072,0
442078,0
442106,0
442109,0
442110,0
442112,0
442114,0
442125,0
442129,0
442132,0
442133,0
442138,0
442139,0
442141,0
442143,0
442144,0
442147,0
442153,0
442155,0
442160,0
442169,0
442175,0
442181,0
442186,0
442206,0
442210,0
442217,0
442226,0
442230,0
442232,1
442237,0
442239,0
442241,0
442259,0
442262,0
442270,0
442271,0
442272,0
442275,0
442279,0
442292,0
442297,0
442313,0
442314,0
442319,0
442338,0
442351,0
442353,0
442356,0
442358,0
442363,0
442365,0
442387,0
442391,0
442403,0
442412,0
442423,0
442425,0
442432,0
442444,0
442449,0
442463,0
442473,0
442475,0
442485,0
442486,0
442490,0
442496,0
442508,0
442509,0
442514,0
442516,0
442517,0
442518,0
442519,0
442531,1
442535,0
442538,0
442544,0
442545,0
442554,0
442557,0
442564,0
442565,0
442566,0
442570,0
442573,0
442576,0
442593,0
442618,0
442621,0
442624,0
442638,0
442648,0
442654,0
442673,0
442693,0
442699,0
442700,0
442702,0
442703,0
442707,0
442710,0
442717,0
442730,0
442733,0
442756,0
442801,0
442814,0
442820,0
442825,0
442836,0
442838,0
442844,1
442855,0
442864,0
442892,0
442898,0
442904,0
442907,0
442923,0
442936,0
442938,0
442940,0
442955,1
442956,0
442965,0
442977,0
442980,0
442981,0
442982,1
442984,0
442993,0
442995,0
442997,0
443030,0
443041,0
443048,0
443052,0
443064,0
443067,0
443071,0
443077,0
443079,0
443093,1
443101,0
443111,0
443113,0
443117,0
443126,0
443140,1
443149,0
443151,1
443154,0
443159,0
443160,0
443168,0
443178,0
443182,0
443183,0
443191,0
443195,0
443197,0
443201,0
443205,0
443209,0
443217,0
443219,0
443220,0
443221,0
443224,0
443227,0
443237,0
443240,0
443261,0
443272,0
443275,0
443276,0
443286,0
443288,0
443296,0
443302,0
443306,0
443314,0
443328,0
443331,1
443343,0
443358,1
443371,0
443372,0
443385,0
443388,0
443390,0
443399,0
443407,0
443411,0
443418,0
443423,0
443432,0
443433,0
443445,0
443446,0
443449,0
443451,0
443461,0
443467,0
443479,0
443481,0
443493,0
443516,0
443520,0
443521,1
443526,1
443527,0
443538,0
443550,0
443556,0
443557,0
443567,0
443580,0
443593,0
443604,0
443613,0
443614,0
443616,0
443619,0
443627,0
443639,0
443641,1
443645,0
443652,0
443653,0
443656,0
443661,0
443665,0
443684,0
443708,0
443711,0
443712,0
443716,0
443722,1
443724,0
443728,0
443732,0
443733,0
443740,0
443747,1
443752,0
443767,0
443781,0
443790,0
443815,0
443817,0
443818,0
443833,0
443834,0
443838,0
443848,1
443850,0
443856,0
443860,0
443861,0
443877,0
443881,0
443886,0
443895,0
443901,0
443904,1
443906,0
443925,0
443929,0
443947,0
443949,0
443952,0
443961,0
443966,0
443970,0
443972,0
443975,0
443978,0
443979,0
443982,0
444006,0
444007,0
444010,0
444017,0
444021,0
444052,0
444054,0
444074,1
444081,0
444083,0
444092,0
444094,0
444098,0
444120,0
444139,0
444153,0
444159,0
444161,0
444173,0
444184,0
444186,0
444190,0
444201,0
444205,0
444208,0
444211,0
444246,0
444251,0
444254,0
444280,1
444290,0
444292,0
444299,0
444300,0
444303,0
444304,0
444305,0
444316,1
444319,0
444321,0
444325,0
444326,0
444329,0
444331,0
444343,0
444344,0
444354,0
444361,0
444375,0
444380,0
444383,0
444389,0
444397,0
444416,0
444419,0
444466,0
444467,0
444469,0
444472,0
444475,0
444482,0
444483,0
444486,0
444510,0
444523,0
444527,0
444529,1
444531,0
444541,0
444544,0
444547,1
444553,1
444554,0
444566,0
444567,0
444572,0
444583,0
444591,0
444627,0
444649,0
444650,0
444657,0
444667,0
444675,1
444679,0
444680,0
444691,0
444692,0
444694,0
444707,0
444711,0
444717,0
444732,0
444733,0
444734,0
444735,0
444738,0
444746,0
444751,0
444756,0
444759,0
444761,0
444762,0
444770,0
444776,0
444777,0
444784,0
444785,0
444799,0
444821,0
444850,0
444851,0
444854,0
444863,0
444903,0
444912,0
444917,0
444918,0
444924,0
444929,0
444931,0
444937,0
444947,0
444953,0
444985,0
444990,0
444999,0
445009,0
445010,0
445012,0
445013,0
445015,0
445025,1
445041,1
445042,1
445060,1
445063,0
445079,0
445082,0
445083,0
445088,0
445089,0
445105,0
445117,0
445119,0
445139,1
445147,0
445171,0
445173,1
445176,0
445181,0
445204,0
445205,1
445208,0
445209,1
445210,0
445216,0
445223,0
445241,0
445249,0
445251,0
445261,0
445268,0
445269,0
445272,0
445278,0
445293,0
445303,1
445312,0
445313,0
445317,0
445320,0
445322,0
445324,0
445326,0
445334,0
445340,0
445341,0
445347,0
445349,0
445350,0
445364,0
445380,0
445388,0
445406,1
445415,0
445418,0
445419,0
445429,1
445437,0
445443,1
445454,0
445463,0
445473,0
445487,0
445488,0
445503,0
445511,0
445517,0
445540,0
445541,0
445545,0
445546,0
445561,0
445566,0
445572,0
445592,0
445594,0
445599,0
445603,0
445610,0
445626,0
445629,0
445643,0
445654,0
445672,0
445681,0
445683,0
445684,0
445690,0
445696,0
445699,0
445704,0
445706,0
445708,0
445723,0
445730,0
445738,0
445739,0
445758,0
445759,0
445770,0
445771,0
445774,0
445782,1
445789,0
445800,0
445808,0
445821,0
445835,0
445842,0
445848,0
445854,0
445876,0
445882,0
445884,1
445895,0
445906,0
445909,0
445918,1
445924,0
445926,0
445927,0
445931,0
445937,0
445939,0
445969,0
445978,0
446000,0
446003,0
446012,0
446013,0
446017,0
446018,0
446029,0
446034,0
446039,0
446044,0
446050,0
446051,0
446057,0
446058,0
446075,0
446079,0
446080,0
446089,0
446093,0
446095,0
446118,0
446126,0
446127,0
446129,0
446145,0
446147,0
446153,0
446156,0
446163,0
446170,0
446174,0
446191,0
446198,0
446202,0
446207,0
446209,0
446222,0
446231,0
446233,0
446239,0
446248,0
446254,0
446257,0
446266,0
446271,0
446282,0
446305,0
446314,1
446324,0
446335,0
446336,0
446340,0
446342,0
446346,0
446360,0
446367,0
446370,0
446372,0
446383,1
446393,0
446395,0
446413,0
446415,0
446427,0
446429,0
446435,0
446436,0
446444,0
446445,0
446446,0
446453,0
446470,0
446474,0
446479,0
446481,0
446498,0
446506,0
446513,1
446514,0
446516,0
446517,0
446521,0
446533,0
446541,0
446559,0
446567,0
446568,0
446574,0
446579,0
446585,0
446598,0
446624,0
446641,0
446649,0
446675,0
446683,0
446690,0
446709,0
446717,0
446726,1
446737,0
446745,0
446748,0
446754,0
446767,0
446770,0
446776,0
446788,0
446796,0
446808,0
446810,0
446817,0
446824,0
446840,0
446859,0
446862,0
446869,0
446914,0
446919,0
446925,0
446938,0
446939,1
446950,0
446954,0
446959,0
446962,0
446963,0
446975,0
446978,0
446983,0
446993,0
446995,0
447006,0
447008,0
447025,0
447026,0
447029,0
447039,0
447051,0
447056,0
447085,1
447102,0
447108,0
447116,0
447117,0
447120,0
447122,0
447133,0
447140,0
447148,0
447150,0
447157,0
447159,0
447162,0
447164,0
447178,0
447185,0
447186,0
447187,0
447192,0
447197,0
447206,1
447208,0
447211,0
447216,0
447218,0
447222,0
447231,0
447233,0
447234,0
447238,0
447241,0
447271,0
447278,0
447280,0
447292,0
447294,0
447296,0
447301,0
447306,0
447314,0
447331,0
447335,0
447337,0
447340,0
447343,0
447347,0
447350,0
447351,0
447355,0
447359,0
447378,0
447382,0
447389,0
447392,0
447401,0
447402,0
447405,0
447408,0
447418,0
447428,0
447429,0
447462,0
447471,0
447478,1
447505,0
447506,0
447516,0
447531,0
447537,0
447548,0
447549,0
447550,0
447559,0
447569,0
447579,0
447587,0
447597,1
447608,0
447612,0
447615,0
447626,0
447632,0
447645,0
447649,0
447650,0
447653,0
447657,0
447661,0
447664,0
447673,0
447682,0
447686,0
447690,1
447700,0
447703,1
447710,0
447718,0
447723,0
447728,0
447730,0
447764,0
447787,0
447795,0
447798,0
447809,0
447843,0
447847,0
447856,0
447880,0
447884,0
447889,0
447894,0
447895,0
447905,0
447909,0
447922,0
447923,0
447930,0
447934,0
447937,0
447939,1
447941,1
447960,0
447969,0
447985,0
447992,0
448000,0
448014,0
448026,0
448049,1
448072,0
448076,0
448078,0
448089,0
448106,0
448113,0
448132,0
448134,0
448136,0
448138,0
448153,0
448166,0
448170,0
448183,0
448184,0
448186,1
448191,0
448192,0
448193,0
448197,0
448198,0
448204,0
448214,0
448216,0
448217,0
448236,0
448237,0
448248,0
448249,0
448252,0
448253,0
448268,0
448269,0
448273,0
448274,0
448275,0
448289,0
448315,0
448316,0
448336,0
448339,0
448349,0
448375,0
448378,0
448392,0
448393,0
448416,0
448443,0
448449,0
448450,0
448457,0
448471,0
448495,0
448502,0
448503,0
448507,0
448511,0
448512,0
448519,1
448521,0
448540,0
448543,0
448546,0
448557,0
448558,0
448567,0
448569,0
448574,0
448575,0
448578,0
448592,1
448602,0
448605,0
448622,0
448648,0
448652,0
448657,0
448664,0
448687,0
448698,0
448699,0
448705,0
448708,0
448711,0
448724,0
448730,0
448732,0
448733,0
448735,0
448736,0
448738,0
448750,0
448754,0
448758,0
448762,0
448763,0
448764,0
448772,0
448777,0
448792,0
448797,0
448802,0
448804,0
448814,1
448827,0
448828,0
448841,0
448842,0
448848,0
448849,0
448863,0
448864,0
448865,0
448880,0
448883,0
448896,1
448898,0
448903,0
448915,0
448923,0
448925,0
448938,0
448939,0
448941,0
448942,0
448949,0
448953,0
448962,0
448970,0
448985,0
448990,0
449010,0
449017,0
449022,0
449023,0
449028,1
449038,0
449071,0
449072,0
449075,0
449079,0
449084,0
449089,0
449099,0
449116,0
449129,0
449138,0
449149,0
449154,0
449162,0
449163,0
449166,0
449167,0
449174,1
449184,0
449190,0
449191,0
449204,0
449207,0
449212,0
449220,0
449223,0
449231,0
449234,0
449241,0
449273,0
449292,0
449293,0
449296,0
449307,0
449313,0
449316,0
449331,1
449339,0
449344,0
449345,0
449358,0
449376,0
449378,0
449380,0
449381,0
449383,0
449388,0
449396,0
449399,0
449400,0
449405,0
449410,0
449415,0
449426,0
449429,0
449444,0
449468,0
449503,1
449504,0
449520,0
449525,0
449536,0
449557,0
449561,0
449582,0
449584,1
449585,0
449587,0
449596,0
449597,0
449601,0
449603,0
449607,0
449617,0
449635,0
449639,0
449651,0
449657,0
449660,0
449661,0
449672,0
449673,0
449677,0
449682,0
449686,0
449693,0
449694,0
449699,0
449700,0
449702,0
449704,0
449712,1
449719,0
449720,0
449729,0
449737,0
449748,0
449764,0
449785,0
449794,0
449796,0
449798,0
449805,1
449809,0
449810,0
449819,1
449826,0
449828,0
449830,0
449840,0
449847,0
449851,0
449879,0
449891,0
449901,0
449904,1
449914,0
449923,0
449927,0
449933,0
449935,0
449950,1
449954,0
449975,0
449992,0
449994,0
449996,0
449999,0
450007,1
450008,0
450019,0
450028,0
450033,0
450034,0
450036,0
450039,0
450053,0
450057,0
450064,0
450067,0
450070,0
450071,0
450077,0
450084,0
450087,0
450100,0
450112,0
450134,0
450136,0
450137,1
450139,0
450152,0
450181,0
450192,0
450198,0
450204,0
450211,0
450225,0
450226,0
450228,0
450230,0
450232,0
450236,0
450258,0
450275,0
450279,0
450284,0
450300,0
450301,0
450318,1
450331,0
450334,0
450336,0
450352,0
450353,0
450372,0
450377,0
450387,0
450388,0
450394,0
450396,0
450399,0
450401,0
450403,1
450405,0
450406,1
450407,0
450422,0
450434,1
450439,0
450451,0
450455,0
450466,0
450480,0
450481,0
450484,1
450495,0
450497,0
450500,0
450505,0
450517,0
450525,1
450540,0
450559,0
450560,0
450564,0
450570,0
450572,0
450583,0
450586,0
450587,0
450595,0
450604,0
450620,0
450622,0
450628,0
450637,0
450642,1
450643,0
450647,0
450648,0
450649,1
450656,0
450660,0
450665,1
450668,0
450676,0
450682,0
450686,0
450692,1
450703,1
450720,0
450728,0
450729,0
450731,0
450740,0
450742,0
450746,0
450753,0
450760,0
450766,0
450783,0
450787,0
450829,0
450830,0
450836,0
450840,0
450841,0
450861,0
450871,0
450875,0
450876,0
450881,0
450882,0
450888,0
450892,1
450893,0
450911,0
450914,0
450935,0
450948,0
450968,0
450970,0
450974,0
450977,0
450999,0
451002,0
451003,0
451017,0
451022,0
451024,0
451026,0
451040,0
451041,0
451043,0
451047,0
451049,0
451060,0
451061,0
451069,0
451072,0
451075,0
451076,0
451092,0
451099,0
451112,0
451118,0
451128,0
451129,0
451135,0
451143,0
451149,0
451151,0
451153,1
451157,0
451166,0
451194,0
451203,0
451210,0
451212,0
451220,0
451229,0
451236,0
451250,0
451252,0
451259,0
451271,0
451288,0
451291,0
451292,0
451296,0
451303,0
451326,0
451336,0
451357,0
451365,0
451367,0
451372,0
451394,0
451400,0
451411,0
451421,0
451424,0
451430,0
451433,0
451436,0
451462,0
451478,0
451483,0
451487,0
451489,0
451492,0
451507,0
451509,0
451515,0
451520,0
451526,1
451537,0
451547,0
451556,0
451565,0
451574,0
451579,0
451590,0
451599,0
451604,0
451609,0
451613,0
451620,0
451661,0
451678,0
451699,0
451701,0
451712,0
451718,0
451730,0
451731,1
451737,0
451739,0
451748,0
451753,0
451777,0
451790,0
451802,0
451803,0
451829,1
451830,0
451832,0
451834,0
451839,0
451844,0
451850,0
451854,0
451870,0
451878,0
451900,0
451902,0
451910,0
451916,0
451931,0
451937,0
451939,0
451945,0
451953,1
451959,0
451970,0
451973,0
451984,0
451985,1
451987,0
451990,0
451992,1
451999,0
452002,1
452003,0
452014,0
452018,0
452038,0
452041,0
452049,1
452064,0
452075,0
452089,0
452092,0
452099,0
452125,0
452126,0
452140,0
452150,0
452161,0
452173,0
452184,0
452187,0
452200,0
452207,0
452216,0
452229,0
452241,0
452243,0
452250,0
452252,0
452258,0
452265,0
452272,0
452277,0
452294,0
452296,0
452305,0
452308,0
452312,0
452316,0
452321,0
452323,0
452344,0
452351,0
452352,0
452359,0
452365,0
452372,0
452374,0
452403,0
452417,0
452424,0
452425,0
452428,0
452435,0
452436,0
452439,0
452441,0
452448,0
452450,1
452471,0
452474,1
452493,0
452510,0
452520,0
452539,0
452544,0
452546,0
452547,0
452552,0
452554,0
452555,0
452572,1
452576,0
452584,0
452588,0
452590,0
452594,0
452595,0
452618,0
452624,1
452625,0
452635,1
452636,0
452638,1
452639,0
452645,0
452649,0
452651,0
452660,0
452675,0
452692,0
452693,0
452695,0
452725,1
452728,0
452755,0
452757,0
452758,0
452760,0
452762,0
452764,0
452771,0
452778,0
452793,0
452796,0
452798,0
452813,0
452818,0
452834,0
452837,0
452842,0
452845,0
452849,0
452857,0
452860,0
452875,0
452876,0
452891,0
452910,0
452928,0
452934,0
452958,0
452967,0
452972,0
452976,0
452981,0
452988,0
453001,0
453011,0
453019,0
453026,0
453027,0
453038,0
453043,0
453050,0
453054,0
453055,0
453061,0
453063,0
453068,0
453076,0
453081,0
453083,0
453090,0
453095,0
453109,0
453127,1
453128,0
453132,0
453139,1
453148,0
453154,1
453158,0
453163,0
453164,0
453179,0
453186,0
453187,0
453194,0
453198,0
453203,0
453205,0
453207,0
453211,0
453219,0
453231,0
453247,0
453249,0
453252,0
453257,0
453261,0
453263,0
453267,0
453278,0
453290,0
453295,0
453297,0
453298,0
453323,0
453327,1
453328,0
453338,0
453355,0
453362,0
453370,1
453371,0
453379,0
453389,0
453395,0
453399,0
453417,0
453420,1
453421,0
453423,0
453438,0
453439,1
453440,0
453441,1
453444,0
453448,0
453452,0
453454,0
453458,0
453459,0
453467,0
453470,0
453477,0
453487,0
453490,0
453496,0
453510,0
453511,0
453518,0
453519,0
453525,0
453539,0
453562,0
453575,0
453577,0
453589,0
453598,0
453606,0
453608,1
453612,0
453624,0
453629,0
453637,0
453651,0
453660,0
453662,0
453665,0
453673,0
453679,0
453682,0
453691,0
453698,0
453710,0
453718,0
453722,0
453728,1
453729,0
453733,0
453737,0
453740,0
453741,0
453742,0
453746,0
453765,0
453769,0
453770,0
453771,0
453777,0
453788,0
453791,0
453792,0
453795,0
453801,0
453802,0
453804,0
453806,0
453816,0
453822,0
453826,0
453828,0
453831,0
453835,0
453840,0
453851,0
453853,0
453869,0
453878,0
453890,0
453901,0
453905,0
453917,0
453921,0
453922,0
453933,0
453936,0
453938,0
453939,0
453941,0
453950,0
453953,0
453963,0
453967,0
453970,0
453973,0
453975,0
453976,0
453977,0
453981,0
453985,0
454001,0
454003,0
454011,0
454012,0
454016,0
454018,0
454020,0
454025,0
454029,0
454047,0
454048,1
454049,0
454057,0
454067,0
454073,0
454076,0
454086,0
454087,0
454088,1
454093,0
454098,0
454101,0
454104,0
454107,0
454113,0
454120,0
454129,1
454151,0
454158,0
454161,0
454166,1
454179,0
454180,0
454182,0
454201,0
454202,0
454206,0
454219,1
454237,0
454250,0
454256,0
454257,0
454267,0
454283,1
454284,0
454301,0
454317,1
454324,0
454354,0
454366,0
454367,0
454371,0
454372,1
454377,0
454385,0
454402,0
454413,0
454420,0
454438,0
454442,1
454448,0
454465,0
454477,0
454484,0
454486,0
454501,0
454527,0
454530,0
454541,0
454546,0
454548,0
454550,0
454556,0
454558,0
454570,0
454573,0
454580,1
454581,0
454589,0
454596,0
454597,0
454599,0
454600,0
454601,0
454602,0
454604,0
454606,0
454614,0
454619,0
454623,0
454635,0
454666,1
454670,0
454671,0
454682,0
454693,1
454716,0
454718,0
454721,0
454738,0
454740,0
454743,0
454749,0
454750,0
454766,0
454767,0
454770,0
454779,0
454783,0
454791,0
454806,0
454807,0
454809,0
454819,0
454821,0
454826,0
454828,0
454831,0
454836,0
454840,0
454854,0
454862,0
454868,0
454876,0
454879,0
454881,0
454888,1
454890,0
454893,0
454907,0
454911,0
454917,0
454919,0
454924,0
454934,0
454938,0
454939,0
454944,0
454954,0
454983,0
454985,0
454988,0
454997,0
454998,0
455000,0
455003,0
455009,0
455012,0
455017,0
455034,0
455040,0
455041,1
455046,0
455047,0
455048,0
455058,0
455060,0
455062,0
455063,0
455068,1
455072,0
455077,0
455084,0
455085,0
455090,0
455101,0
455107,1
455110,0
455123,0
455138,0
455141,0
455145,0
455147,0
455149,0
455150,0
455153,0
455159,0
455170,0
455180,0
455181,0
455185,1
455190,0
455192,0
455197,0
455202,0
455214,0
455226,0
455229,0
455242,0
455244,0
455254,0
455261,0
455265,0
455266,0
455287,1
455288,0
455293,0
455298,1
455312,0
455313,0
455318,0
455323,1
455340,0
455341,0
455348,0
455356,0
455357,0
455391,0
455401,0
455404,0
455406,0
455408,0
455409,0
455415,0
455426,0
455447,0
455448,0
455454,0
455459,0
455464,0
455467,0
455470,1
455476,0
455504,0
455510,0
455523,0
455535,0
455543,0
455547,0
455548,0
455549,0
455557,0
455561,0
455563,0
455571,0
455577,0
455585,0
455589,0
455594,0
455596,0
455616,0
455621,0
455622,0
455624,0
455626,0
455628,0
455630,0
455631,0
455632,0
455637,0
455639,0
455642,0
455646,0
455659,0
455685,0
455689,0
455697,0
455713,0
455725,0
455729,0
455733,0
455734,0
455735,0
455741,0
455745,0
455755,0
455756,0
455766,0
455772,1
455775,0
455780,0
455792,0
455795,1
455807,0
455811,0
455812,0
455820,0
455822,1
455839,0
455851,0
455858,0
455864,0
455868,0
455873,0
455875,0
455888,0
455891,0
455895,0
455900,0
455912,0
455930,0
455931,0
455951,0
455970,0
455972,0
455978,0
455979,0
455985,1
455987,0
455991,0
456033,0
456037,0
456038,0
456040,0
456044,0
456068,0
456069,0
456078,0
456080,0
456088,1
456097,0
456103,0
456110,0
456118,0
456127,0
456147,0
456154,0
456156,0
456165,0
456185,0
456190,0
456200,0
456201,0
456213,0
456228,0
456232,0
456246,0
456247,0
456248,0
456249,0
