DIAG_CREDIT_HISTORY_SIGNAL_SCORE,0,1,2,3,4,5
0,0.043689671814671815,0.056944522828602066,0.06481164383561644,0.07608842162016444,0.08035439137134053,0.12758620689655173
1,0.0755020533736011,0.09529214959971323,0.09998264190244749,0.11027702119178902,0.121181038903949,0.1814903846153846
2,0.11938541602131218,0.13725091500610004,0.14612775579423404,0.1743756786102063,0.17122204653264061,0.2023121387283237
3,0.18926553672316385,0.21926910299003322,0.192,0.21140939597315436,0.22905027932960895,0.25862068965517243
4,0.3508771929824561,0.35294117647058826,0.38461538461538464,0.43333333333333335,0.36363636363636365,0.25
