DIAG_BUREAU_DEBT_CREDIT_GROUP,0% refusal,25%-50% refusal,<=25% refusal,>50% refusal,No previous application
25%-50%,0.06627388908430062,0.11029886046011611,0.0835885782037348,0.13530824659727783,0.0700227100681302
50%-100%,0.09934817433574546,0.15341686848478467,0.11430090377458799,0.20823798627002288,0.0880415944540728
<=25%,0.05336457455770851,0.08429402432575357,0.06960618721664148,0.11631599841206829,0.04625041295011562
>100%,0.17956656346749225,0.2175732217573222,0.1288888888888889,0.26153846153846155,0.26436781609195403
No bureau debt,0.05292112195877886,0.08090887232507814,0.05144927536231884,0.13492450073063808,0.03705783267827063
No bureau history,0.09047682828824002,0.14691558441558442,0.10173604629456785,0.21841541755888652,0.0728744939271255
