DIAG_LATE_PAYMENT_GROUP,No installment history,No underpayment,Underpay 10%-30%,Underpay <=10%,Underpay >30%
Late 10%-30%,,0.09863760217983651,0.09997852563119305,0.09298626174981924,0.10907321455307681
Late <=10%,,0.07844129554655871,0.09459929102662125,0.07477449774497745,0.25
Late >30%,,0.1253968253968254,0.12242990654205607,0.08426966292134831,0.13781664656212303
No installment history,0.05980589866397782,,,,
No late payment,,0.06743289281569391,0.13089005235602094,0.0881368538490145,0.0
