DIAG_CREDIT_INCOME_GROUP,1. <=10%,2. 10-20%,3. 20-30%,4. 30-40%,5. 40-60%,6. 60%+,Unknown
1. <=1x,0.06458856161669528,0.061046511627906974,,,,,
2. 1x-2x,0.07704866562009419,0.07633841272183892,0.08872305140961857,,,,0.0
3. 2x-4x,0.06586416128400861,0.08931357254290172,0.10035737014735399,0.07268856447688564,0.0851063829787234,,0.0
4. 4x-6x,,0.06725155327984014,0.09688650552265088,0.0992497320471597,0.06345177664974619,0.05263157894736842,0.0
5. >6x,,0.05660039405337632,0.06950333689760702,0.07764979940468487,0.08681842244573848,0.08222222222222222,
