DIAG_BUREAU_ACTIVE_LOAN_GROUP,0% refusal,25%-50% refusal,<=25% refusal,>50% refusal,No previous application
0 active,0.053215434083601285,0.0802654109589041,0.04700854700854701,0.14410480349344978,0.041532517707662586
1 active,0.06662497394204711,0.09626651349798966,0.06548341896310135,0.13466550825369245,0.0486315313277539
2-3 active,0.06782905982905983,0.10565198680246736,0.07918710581639804,0.14313239746765757,0.06101254868022501
>3 active,0.0845299841399117,0.1389591234723978,0.11373390557939914,0.17781098244303326,0.09482288828337875
No bureau history,0.09047682828824002,0.14691558441558442,0.10173604629456785,0.21841541755888652,0.0728744939271255
