D7_RISK_SIGNAL_GROUP_REBUILT,customers,default_customers,default_rate
1. Low signal,90544,4247.0,0.04690537197384697
2. Medium signal,127044,9936.0,0.07820912439784641
3. High signal,63147,6611.0,0.10469222607566472
4. Very high signal,26776,4031.0,0.15054526441589483
