model,term,coef_log_odds,odds_ratio,ci95_low_or,ci95_high_or,p_value,abs_log_or,significance
D7_core_plus_ext_source_binned_logit,D7_EXT_SOURCE_3_GROUP_Q1 lowest score,1.3048750055720364,3.6872281819225434,3.4648108075996014,3.9239232444506276,0.0,1.3048750055720364,p<0.001
D7_core_plus_ext_source_binned_logit,D7_EXT_SOURCE_2_GROUP_Q1 lowest score,1.263202518548972,3.5367298129678986,3.3660892063521577,3.7160208785706565,0.0,1.263202518548972,p<0.001
D7_core_plus_ext_source_binned_logit,D7_EXT_SOURCE_1_GROUP_Q1 lowest score,0.9978197386230232,2.7123617196141714,2.497271421363858,2.945977772015847,7.240751279207312e-124,0.9978197386230232,p<0.001
D7_core_plus_ext_source_binned_logit,D7_AGE_GROUP_<=30,0.473147200370001,1.6050376277208416,1.5083739011009574,1.707896022676755,2.115760177328135e-50,0.473147200370001,p<0.001
D7_core_plus_ext_source_binned_logit,D7_CC_UTILIZATION_GROUP_>100%,1.0144375681702715,2.7578118799241085,2.3575598211499296,3.2260162804016796,7.692731334904733e-37,1.0144375681702715,p<0.001
D7_core_plus_ext_source_binned_logit,D7_LATE_PAYMENT_GROUP_Late >30%,0.38163995927725325,1.4646846440706796,1.3524846718439245,1.586192547122648,6.25552507340595e-21,0.38163995927725325,p<0.001
D7_core_plus_ext_source_binned_logit,D7_BUREAU_DEBT_CREDIT_GROUP_>100%,0.6577459457595012,1.9304361189535473,1.6735813711928378,2.2267119325690916,1.73280876522285e-19,0.6577459457595012,p<0.001
D7_core_plus_ext_source_binned_logit,D7_BUREAU_OVERDUE_GROUP_>=2 overdue loans,1.0463820490366122,2.8473309566237552,2.136832307703144,3.7940710402597686,9.035043020319422e-13,1.0463820490366122,p<0.001
D7_core_plus_ext_source_binned_logit,D7_PREV_REFUSAL_GROUP_>50% refusal,0.515664691833943,1.6747513254440702,1.4075237350369696,1.9927138223377814,6.095416276910684e-09,0.515664691833943,p<0.001
