SK_ID_CURR,TARGET
100001,0.044534
100005,0.151496
100013,0.038346
100028,0.023438
100038,0.119894
