fold,lgb_auc,cat_auc,xgb_auc
1,0.794003,0.792144,0.792885
2,0.804049,0.800419,0.801142
3,0.795404,0.791151,0.792353
4,0.800271,0.798151,0.798624
5,0.793718,0.789699,0.791916
