period_col,period_bin,rows,default_rate,roc_auc,pr_auc,ks,brier_score,ece
DAYS_REGISTRATION,1,12301,0.08796,0.784459,0.289859,0.426298,0.070707,0.009044
DAYS_REGISTRATION,2,12301,0.089749,0.797604,0.308458,0.449821,0.070935,0.00432
DAYS_REGISTRATION,3,12300,0.093821,0.784297,0.29194,0.427684,0.075062,0.011062
DAYS_REGISTRATION,4,12301,0.099098,0.795807,0.31633,0.450899,0.077469,0.007741
DAYS_REGISTRATION,5,12301,0.097878,0.785417,0.295897,0.428515,0.077896,0.010301
