feature,value,shap_value,abs_shap
V3_EXT_SOURCE_MEAN,0.0185656032744921,0.442472,0.442472
V3_EXT_SOURCE_2_x_EXT_SOURCE_3,4.377845605663838e-07,0.321536,0.321536
EXT_SOURCE_2,1.1793951733999552e-05,0.297369,0.297369
EXT_SOURCE_3,0.0371194125972502,0.289885,0.289885
V3_EXT_SOURCE_MAX,0.0371194125972502,0.278511,0.278511
V3_EXT_SOURCE_MIN,1.1793951733999552e-05,0.256914,0.256914
BUREAU_ENDDATE_FUTURE_COUNT,10.0,0.191778,0.191778
V3_BUR_ALL_AMT_CREDIT_SUM_OVERDUE_mean,10977.375,0.150108,0.150108
