model_name,runtime_seconds,n,event_rate,roc_auc,gini,pr_auc,log_loss,brier_score,ks,...,lift_at_top_5pct,precision_at_top_10pct,recall_at_top_10pct,lift_at_top_10pct,precision_at_top_20pct,recall_at_top_20pct,lift_at_top_20pct,precision_at_top_30pct,recall_at_top_30pct,lift_at_top_30pct
Weighted ensemble Platt calibrated,0.0,61504,0.093701,0.7907,0.581401,0.312825,0.264992,0.075276,0.436287,...,4.510366,0.341408,0.364394,3.64358,0.26632,0.568454,2.842223,0.215586,0.690265,2.300785
Weighted ensemble raw,0.0,61504,0.093701,0.7907,0.581401,0.312825,0.269783,0.07624,0.436287,...,4.510366,0.341408,0.364394,3.64358,0.26632,0.568454,2.842223,0.215586,0.690265,2.300785
LightGBM v3,194.34636,61504,0.093701,0.790659,0.581317,0.312742,0.260499,0.074275,0.437227,...,4.493018,0.342709,0.365782,3.65746,0.265588,0.566892,2.834415,0.215857,0.691133,2.303677
Weighted ensemble Isotonic calibrated,0.0,61504,0.093701,0.789695,0.579391,0.300026,0.261864,0.074414,0.435086,...,4.475671,0.34157,0.364567,3.645315,0.264044,0.563595,2.817931,0.215749,0.690786,2.30252
XGBoost v3,63.608945,61504,0.093701,0.788277,0.576553,0.309474,0.545892,0.184423,0.431831,...,4.440976,0.337181,0.359882,3.598469,0.261442,0.558043,2.790168,0.214611,0.687142,2.290374
CatBoost v3,153.787138,61504,0.093701,0.787128,0.574257,0.309872,0.529957,0.178059,0.43422,...,4.371585,0.338156,0.360923,3.608879,0.259735,0.554399,2.771949,0.214177,0.685754,2.285747
Logistic scorecard-like v3,3406.589176,61504,0.093701,0.77446,0.548919,0.287133,0.619905,0.213834,0.413018,...,4.250152,0.322061,0.343745,3.43711,0.250224,0.534097,2.670441,0.208324,0.667014,2.223283
