SK_ID_CURR,TARGET
100001,0.031873
100005,0.134029
100013,0.041892
100028,0.021123
100038,0.134029
