source,rows_before,rows_after,unique_before,unique_after,history_flag,customers_with_history,coverage_pct
bureau,356255,356255,356255,356255,HAS_BUREAU_HISTORY,305811,85.84047943186762
bureau_balance,356255,356255,356255,356255,HAS_BUREAU_BALANCE_HISTORY,134542,37.7656453944506
previous_application,356255,356255,356255,356255,HAS_PREVIOUS_APPLICATION,338857,95.11641941867482
POS_CASH_balance,356255,356255,356255,356255,HAS_POS_CASH_HISTORY,337252,94.66589942597297
installments_payments,356255,356255,356255,356255,HAS_INSTALLMENT_HISTORY,339587,95.3213288234551
credit_card_balance,356255,356255,356255,356255,HAS_CREDIT_CARD_HISTORY,103558,29.06850430169401
