source_group,n_cols,avg_missing,max_missing
CC,31,44.25854789773583,80.14379973399326
Bureau_Balance,8,43.754532358192066,70.0072517731073
Other,131,22.85735400118871,69.87229725115525
Bureau,23,6.571528795081632,17.116135682951178
POS,20,3.526703109807454,5.883041582252342
Inst,18,2.8677745583807477,5.163717720666903
Prev,26,2.487465739186816,5.6807723951338325
App,14,1.2930780176504721,18.00716071945394
