metric,count,default_rate_special,default_rate_other,default_rate_diff_pp
CODE_GENDER_XNA,4,0.0,8.07298695639449,-8.07298695639449
DAYS_EMPLOYED_365243,55374,5.399646043269405,8.65997453765215,-3.2603284943827457
ORGANIZATION_TYPE_XNA,55374,5.399646043269405,8.65997453765215,-3.2603284943827457
AMT_INCOME_TOTAL_gt_p99,3014,5.37491705374917,8.099587188051114,-2.7246701343019435
