column,count,mean,std,missing_count,missing_pct,p0,p1,p5,p25,p50,p75,p95,p99,p99.9,p100
AGE_YEARS,307511,43.906899566990106,11.947949710569638,0,0.0,20.503764544832308,22.622861054072555,25.754962354551676,33.98494182067078,43.121149897330596,53.88637919233402,63.52908966461328,66.85557837097878,68.4599589322382,69.07323750855578
EMPLOYED_YEARS,252137,6.527499862048478,6.402081210238658,55374,18.00716071945394,0.0,0.30390143737166325,0.5639972621492129,2.099931553730322,4.511978097193703,8.692676249144421,19.96167008898015,31.042518822724077,39.75906913073238,49.040383299110196
AMT_INCOME_TOTAL,307511,168797.9192969845,237123.1462788562,0,0.0,25650.0,45000.0,67500.0,112500.0,147150.0,202500.0,337500.0,472500.0,900000.0,117000000.0
AMT_CREDIT,307511,599025.9997057016,402490.7769958549,0,0.0,45000.0,76410.0,135000.0,270000.0,513531.0,808650.0,1350000.0,1854000.0,2517300.0,4050000.0
AMT_ANNUITY,307499,27108.573909183444,14493.737315118335,12,0.003902299429939092,1615.5,6182.91,9000.0,16524.0,24903.0,34596.0,53325.0,70006.5,110047.5,258025.5
CREDIT_INCOME_RATIO,307511,3.957570238062716,2.6897281854524793,0,0.0,0.004807615384615385,0.595365054945055,1.0,2.018666666666667,3.265066666666667,5.15988,9.156738636363636,13.027280298009483,19.293777999999886,84.73684210526316
ANNUITY_INCOME_RATIO,307499,0.18093001093586666,0.09457380109083656,12,0.003902299429939092,0.00022388461538461538,0.03947363909774436,0.06263333333333333,0.11478181818181818,0.16283333333333333,0.22906666666666667,0.3546666666666667,0.4834584545454582,0.7279860571428535,1.8759649122807018
